SET NOCOUNT ON;
GO

SET IDENTITY_INSERT [dbo].[roles] ON;
GO
INSERT INTO [dbo].[roles] ([id], [code], [name], [created_at], [updated_at])
VALUES
    (1, N'system_admin', N'System Admin', N'2026-03-21 14:54:18', N'2026-03-21 14:54:18'),
    (2, N'hr_staff', N'HR Staff', N'2026-03-21 14:54:18', N'2026-03-21 14:54:18'),
    (3, N'accountant', N'Accountant', N'2026-03-21 14:54:18', N'2026-03-21 14:54:18'),
    (4, N'management', N'Management', N'2026-03-21 14:54:18', N'2026-03-21 14:54:18'),
    (5, N'employee', N'Employee', N'2026-03-21 14:54:18', N'2026-03-21 14:54:18');
GO

SET IDENTITY_INSERT [dbo].[roles] OFF;
GO

SET IDENTITY_INSERT [dbo].[permissions] ON;
GO
INSERT INTO [dbo].[permissions] ([id], [code], [name], [module], [created_at], [updated_at])
VALUES
    (1, N'auth.login', N'Login', N'auth', N'2026-03-21 14:54:18', N'2026-03-21 14:54:18'),
    (2, N'auth.logout', N'Logout', N'auth', N'2026-03-21 14:54:18', N'2026-03-21 14:54:18'),
    (3, N'auth.profile', N'View Profile', N'auth', N'2026-03-21 14:54:18', N'2026-03-21 14:54:18'),
    (4, N'auth.change_password', N'Change Password', N'auth', N'2026-03-21 14:54:18', N'2026-03-21 14:54:18'),
    (5, N'reference.view', N'View Reference Data', N'reference', N'2026-03-21 14:54:18', N'2026-03-21 14:54:18'),
    (6, N'reference.manage', N'Manage Reference Data', N'reference', N'2026-03-21 14:54:18', N'2026-03-21 14:54:18'),
    (7, N'employee.view', N'View Employees', N'employee', N'2026-03-21 14:54:18', N'2026-03-21 14:54:18'),
    (8, N'employee.create', N'Create Employee', N'employee', N'2026-03-21 14:54:18', N'2026-03-21 14:54:18'),
    (9, N'employee.update', N'Update Employee', N'employee', N'2026-03-21 14:54:18', N'2026-03-21 14:54:18'),
    (10, N'employee.delete', N'Delete Employee', N'employee', N'2026-03-21 14:54:18', N'2026-03-21 14:54:18'),
    (11, N'contract.view', N'View Contracts', N'contract', N'2026-03-21 14:54:18', N'2026-03-21 14:54:18'),
    (12, N'contract.create', N'Create Contract', N'contract', N'2026-03-21 14:54:18', N'2026-03-21 14:54:18'),
    (13, N'attendance.view', N'View Attendance', N'attendance', N'2026-03-21 14:54:18', N'2026-03-21 14:54:18'),
    (14, N'attendance.manage_period', N'Manage Attendance Periods', N'attendance', N'2026-03-21 14:54:18', N'2026-03-21 14:54:18'),
    (15, N'attendance.import_logs', N'Import Time Logs', N'attendance', N'2026-03-21 14:54:18', N'2026-03-21 14:54:18'),
    (16, N'attendance.calculate', N'Calculate Attendance', N'attendance', N'2026-03-21 14:54:18', N'2026-03-21 14:54:18'),
    (17, N'attendance.manage_request', N'Manage Attendance Requests', N'attendance', N'2026-03-21 14:54:18', N'2026-03-21 14:54:18'),
    (18, N'attendance.confirm', N'Confirm Attendance', N'attendance', N'2026-03-21 14:54:18', N'2026-03-21 14:54:18'),
    (19, N'payroll.view', N'View Payroll', N'payroll', N'2026-03-21 14:54:18', N'2026-03-21 14:54:18'),
    (20, N'payroll.manage_param', N'Manage Payroll Parameters', N'payroll', N'2026-03-21 14:54:18', N'2026-03-21 14:54:18'),
    (21, N'payroll.run', N'Run Payroll', N'payroll', N'2026-03-21 14:54:18', N'2026-03-21 14:54:18'),
    (22, N'payroll.finalize', N'Finalize Payroll', N'payroll', N'2026-03-21 14:54:18', N'2026-03-21 14:54:18'),
    (23, N'payroll.lock', N'Lock Payroll', N'payroll', N'2026-03-21 14:54:18', N'2026-03-21 14:54:18'),
    (24, N'reports.view', N'View Reports', N'reports', N'2026-03-21 14:54:18', N'2026-03-21 14:54:18'),
    (25, N'reports.export', N'Export Reports', N'reports', N'2026-03-21 14:54:18', N'2026-03-21 14:54:18'),
    (26, N'admin.users', N'Manage Users', N'admin', N'2026-03-21 14:54:18', N'2026-03-21 14:54:18'),
    (27, N'admin.roles', N'Manage Roles', N'admin', N'2026-03-21 14:54:18', N'2026-03-21 14:54:18'),
    (28, N'admin.config', N'Manage System Config', N'admin', N'2026-03-21 14:54:18', N'2026-03-21 14:54:18'),
    (29, N'admin.audit', N'View Audit Logs', N'admin', N'2026-03-21 14:54:18', N'2026-03-21 14:54:18');
GO

SET IDENTITY_INSERT [dbo].[permissions] OFF;
GO

SET IDENTITY_INSERT [dbo].[user_roles] ON;
GO
INSERT INTO [dbo].[user_roles] ([id], [user_id], [role_id], [created_at], [updated_at])
VALUES
    (1, 1, 1, N'2026-03-21 14:54:18', N'2026-03-21 14:54:18'),
    (2, 1, 5, N'2026-03-21 14:54:18', N'2026-03-21 14:54:18'),
    (3, 2, 2, N'2026-03-21 14:54:18', N'2026-03-21 14:54:18'),
    (4, 2, 5, N'2026-03-21 14:54:18', N'2026-03-21 14:54:18'),
    (5, 3, 2, N'2026-03-21 14:54:18', N'2026-03-21 14:54:18'),
    (6, 3, 5, N'2026-03-21 14:54:18', N'2026-03-21 14:54:18'),
    (7, 4, 3, N'2026-03-21 14:54:18', N'2026-03-21 14:54:18'),
    (8, 4, 5, N'2026-03-21 14:54:18', N'2026-03-21 14:54:18'),
    (9, 5, 4, N'2026-03-21 14:54:18', N'2026-03-21 14:54:18'),
    (10, 5, 5, N'2026-03-21 14:54:18', N'2026-03-21 14:54:18'),
    (11, 6, 5, N'2026-03-21 14:54:18', N'2026-03-21 14:54:18'),
    (12, 7, 5, N'2026-03-21 14:54:18', N'2026-03-21 14:54:18'),
    (13, 8, 5, N'2026-03-21 14:54:18', N'2026-03-21 14:54:18'),
    (14, 9, 5, N'2026-03-21 14:54:18', N'2026-03-21 14:54:18'),
    (15, 10, 5, N'2026-03-21 14:54:18', N'2026-03-21 14:54:18'),
    (16, 11, 5, N'2026-03-21 14:54:18', N'2026-03-21 14:54:18'),
    (17, 12, 5, N'2026-03-21 14:54:18', N'2026-03-21 14:54:18'),
    (18, 13, 5, N'2026-03-21 14:54:18', N'2026-03-21 14:54:18'),
    (19, 14, 5, N'2026-03-21 14:54:18', N'2026-03-21 14:54:18'),
    (20, 15, 5, N'2026-03-21 14:54:18', N'2026-03-21 14:54:18');
GO

SET IDENTITY_INSERT [dbo].[user_roles] OFF;
GO

SET IDENTITY_INSERT [dbo].[role_permissions] ON;
GO
INSERT INTO [dbo].[role_permissions] ([id], [role_id], [permission_id])
VALUES
    (1, 1, 1),
    (2, 1, 2),
    (3, 1, 3),
    (4, 1, 4),
    (5, 1, 5),
    (6, 1, 6),
    (7, 1, 7),
    (8, 1, 8),
    (9, 1, 9),
    (10, 1, 10),
    (11, 1, 11),
    (12, 1, 12),
    (13, 1, 13),
    (14, 1, 14),
    (15, 1, 15),
    (16, 1, 16),
    (17, 1, 17),
    (18, 1, 18),
    (19, 1, 19),
    (20, 1, 20),
    (21, 1, 21),
    (22, 1, 22),
    (23, 1, 23),
    (24, 1, 24),
    (25, 1, 25),
    (26, 1, 26),
    (27, 1, 27),
    (28, 1, 28),
    (29, 1, 29),
    (30, 2, 1),
    (31, 2, 2),
    (32, 2, 3),
    (33, 2, 4),
    (34, 2, 5),
    (35, 2, 7),
    (36, 2, 8),
    (37, 2, 9),
    (38, 2, 11),
    (39, 2, 12),
    (40, 2, 13),
    (41, 2, 14),
    (42, 2, 15),
    (43, 2, 16),
    (44, 2, 17),
    (45, 2, 18),
    (46, 2, 24),
    (47, 2, 25),
    (48, 3, 1),
    (49, 3, 2),
    (50, 3, 3),
    (51, 3, 4),
    (52, 3, 5),
    (53, 3, 7),
    (54, 3, 11),
    (55, 3, 13),
    (56, 3, 19),
    (57, 3, 20),
    (58, 3, 21),
    (59, 3, 22),
    (60, 3, 23),
    (61, 3, 24),
    (62, 3, 25),
    (63, 4, 1),
    (64, 4, 2),
    (65, 4, 3),
    (66, 4, 4),
    (67, 4, 5),
    (68, 4, 7),
    (69, 4, 11),
    (70, 4, 13),
    (71, 4, 19),
    (72, 4, 24),
    (73, 4, 25),
    (74, 5, 1),
    (75, 5, 2),
    (76, 5, 3),
    (77, 5, 4),
    (78, 5, 13),
    (79, 5, 19);
GO

SET IDENTITY_INSERT [dbo].[role_permissions] OFF;
GO

SET IDENTITY_INSERT [dbo].[departments] ON;
GO
INSERT INTO [dbo].[departments] ([id], [code], [name], [parent_id], [manager_employee_id], [status], [created_at], [updated_at])
VALUES
    (1, N'BOD', N'Ban Giam Doc', NULL, 5, N'active', N'2026-03-21 14:54:18', N'2026-03-21 14:54:18'),
    (2, N'HR', N'Phong Nhan Su', 1, 2, N'active', N'2026-03-21 14:54:18', N'2026-03-21 14:54:18'),
    (3, N'ACCT', N'Phong Ke Toan', 1, 4, N'active', N'2026-03-21 14:54:18', N'2026-03-21 14:54:18'),
    (4, N'OPS', N'Phong Van Hanh', 1, NULL, N'active', N'2026-03-21 14:54:18', N'2026-03-21 14:54:18'),
    (5, N'ENG', N'Phong Ky Thuat', 1, NULL, N'active', N'2026-03-21 14:54:18', N'2026-03-21 14:54:18'),
    (6, N'QA', N'Phong Kiem Dinh', 4, NULL, N'active', N'2026-03-21 14:54:18', N'2026-03-21 14:54:18'),
    (7, N'SALES', N'Phong Kinh Doanh', 1, NULL, N'active', N'2026-03-21 14:54:18', N'2026-03-21 14:54:18'),
    (8, N'IT', N'Phong Cong Nghe Thong Tin', 1, 1, N'active', N'2026-03-21 14:54:18', N'2026-03-21 14:54:18');
GO

SET IDENTITY_INSERT [dbo].[departments] OFF;
GO

SET IDENTITY_INSERT [dbo].[positions] ON;
GO
INSERT INTO [dbo].[positions] ([id], [code], [name], [department_id], [status], [created_at], [updated_at])
VALUES
    (1, N'GD', N'Giam Doc', 1, N'active', N'2026-03-21 14:54:18', N'2026-03-21 14:54:18'),
    (2, N'PGD', N'Pho Giam Doc', 1, N'active', N'2026-03-21 14:54:18', N'2026-03-21 14:54:18'),
    (3, N'TP_NS', N'Truong Phong Nhan Su', 2, N'active', N'2026-03-21 14:54:18', N'2026-03-21 14:54:18'),
    (4, N'NV_NS', N'Nhan Vien Nhan Su', 2, N'active', N'2026-03-21 14:54:18', N'2026-03-21 14:54:18'),
    (5, N'TP_KT', N'Truong Phong Ke Toan', 3, N'active', N'2026-03-21 14:54:18', N'2026-03-21 14:54:18'),
    (6, N'NV_KT', N'Nhan Vien Ke Toan', 3, N'active', N'2026-03-21 14:54:18', N'2026-03-21 14:54:18'),
    (7, N'TP_VH', N'Truong Phong Van Hanh', 4, N'active', N'2026-03-21 14:54:18', N'2026-03-21 14:54:18'),
    (8, N'NV_VH', N'Nhan Vien Van Hanh', 4, N'active', N'2026-03-21 14:54:18', N'2026-03-21 14:54:18'),
    (9, N'TP_KTH', N'Truong Phong Ky Thuat', 5, N'active', N'2026-03-21 14:54:18', N'2026-03-21 14:54:18'),
    (10, N'NV_KTH', N'Nhan Vien Ky Thuat', 5, N'active', N'2026-03-21 14:54:18', N'2026-03-21 14:54:18'),
    (11, N'NV_QA', N'Nhan Vien Kiem Dinh', 6, N'active', N'2026-03-21 14:54:18', N'2026-03-21 14:54:18'),
    (12, N'NV_KD', N'Nhan Vien Kinh Doanh', 7, N'active', N'2026-03-21 14:54:18', N'2026-03-21 14:54:18'),
    (13, N'TP_IT', N'Truong Phong IT', 8, N'active', N'2026-03-21 14:54:18', N'2026-03-21 14:54:18'),
    (14, N'NV_IT', N'Nhan Vien IT', 8, N'active', N'2026-03-21 14:54:18', N'2026-03-21 14:54:18');
GO

SET IDENTITY_INSERT [dbo].[positions] OFF;
GO

SET IDENTITY_INSERT [dbo].[users] ON;
GO
INSERT INTO [dbo].[users] ([id], [name], [email], [email_verified_at], [password], [remember_token], [created_at], [updated_at], [username], [phone], [is_active], [last_login_at])
VALUES
    (1, N'Nguyen Van Admin', N'admin01@erp.vn', N'2026-03-21 14:54:18', N'$2y$12$SDWEVlv.eIhDNe.HXbeb7ubUxtVZdr6LVUv7ZxPbNz00EN63x0bPy', NULL, N'2026-03-21 14:54:18', N'2026-03-21 14:54:18', N'admin01', N'0901000001', 1, N'2026-03-21 14:54:18'),
    (2, N'Tran Thi HR', N'hr01@erp.vn', N'2026-03-21 14:54:18', N'$2y$12$SDWEVlv.eIhDNe.HXbeb7ubUxtVZdr6LVUv7ZxPbNz00EN63x0bPy', NULL, N'2026-03-21 14:54:18', N'2026-03-21 14:54:18', N'hr01', N'0901000002', 1, N'2026-03-21 14:54:18'),
    (3, N'Le Van HR', N'hr02@erp.vn', N'2026-03-21 14:54:18', N'$2y$12$SDWEVlv.eIhDNe.HXbeb7ubUxtVZdr6LVUv7ZxPbNz00EN63x0bPy', NULL, N'2026-03-21 14:54:18', N'2026-03-21 14:54:18', N'hr02', N'0901000003', 1, NULL),
    (4, N'Pham Thi Payroll', N'payroll01@erp.vn', N'2026-03-21 14:54:18', N'$2y$12$SDWEVlv.eIhDNe.HXbeb7ubUxtVZdr6LVUv7ZxPbNz00EN63x0bPy', NULL, N'2026-03-21 14:54:18', N'2026-03-21 14:54:18', N'payroll01', N'0901000004', 1, N'2026-03-21 14:54:18'),
    (5, N'Hoang Van Manager', N'manager01@erp.vn', N'2026-03-21 14:54:18', N'$2y$12$SDWEVlv.eIhDNe.HXbeb7ubUxtVZdr6LVUv7ZxPbNz00EN63x0bPy', NULL, N'2026-03-21 14:54:18', N'2026-03-21 14:54:18', N'manager01', N'0901000005', 1, N'2026-03-21 14:54:18'),
    (6, N'Vo Thi Mai', N'emp001@erp.vn', N'2026-03-21 14:54:18', N'$2y$12$SDWEVlv.eIhDNe.HXbeb7ubUxtVZdr6LVUv7ZxPbNz00EN63x0bPy', NULL, N'2026-03-21 14:54:18', N'2026-03-21 14:54:18', N'emp001', N'0901000006', 1, NULL),
    (7, N'Dang Van Tuan', N'emp002@erp.vn', N'2026-03-21 14:54:18', N'$2y$12$SDWEVlv.eIhDNe.HXbeb7ubUxtVZdr6LVUv7ZxPbNz00EN63x0bPy', NULL, N'2026-03-21 14:54:18', N'2026-03-21 14:54:18', N'emp002', N'0901000007', 1, NULL),
    (8, N'Bui Thi Lan', N'emp003@erp.vn', N'2026-03-21 14:54:18', N'$2y$12$SDWEVlv.eIhDNe.HXbeb7ubUxtVZdr6LVUv7ZxPbNz00EN63x0bPy', NULL, N'2026-03-21 14:54:18', N'2026-03-21 14:54:18', N'emp003', N'0901000008', 1, NULL),
    (9, N'Do Van Hung', N'emp004@erp.vn', N'2026-03-21 14:54:18', N'$2y$12$SDWEVlv.eIhDNe.HXbeb7ubUxtVZdr6LVUv7ZxPbNz00EN63x0bPy', NULL, N'2026-03-21 14:54:18', N'2026-03-21 14:54:18', N'emp004', N'0901000009', 1, NULL),
    (10, N'Ngo Thi Huong', N'emp005@erp.vn', N'2026-03-21 14:54:18', N'$2y$12$SDWEVlv.eIhDNe.HXbeb7ubUxtVZdr6LVUv7ZxPbNz00EN63x0bPy', NULL, N'2026-03-21 14:54:18', N'2026-03-21 14:54:18', N'emp005', N'0901000010', 1, NULL),
    (11, N'Nguyen Van Thanh', N'emp006@erp.vn', N'2026-03-21 14:54:18', N'$2y$12$SDWEVlv.eIhDNe.HXbeb7ubUxtVZdr6LVUv7ZxPbNz00EN63x0bPy', NULL, N'2026-03-21 14:54:18', N'2026-03-21 14:54:18', N'emp006', N'0901000011', 1, NULL),
    (12, N'Tran Van Duc', N'emp007@erp.vn', N'2026-03-21 14:54:18', N'$2y$12$SDWEVlv.eIhDNe.HXbeb7ubUxtVZdr6LVUv7ZxPbNz00EN63x0bPy', NULL, N'2026-03-21 14:54:18', N'2026-03-21 14:54:18', N'emp007', N'0901000012', 1, NULL),
    (13, N'Le Thi Ngoc', N'emp008@erp.vn', N'2026-03-21 14:54:18', N'$2y$12$SDWEVlv.eIhDNe.HXbeb7ubUxtVZdr6LVUv7ZxPbNz00EN63x0bPy', NULL, N'2026-03-21 14:54:18', N'2026-03-21 14:54:18', N'emp008', N'0901000013', 1, NULL),
    (14, N'Pham Van Long', N'emp009@erp.vn', N'2026-03-21 14:54:18', N'$2y$12$SDWEVlv.eIhDNe.HXbeb7ubUxtVZdr6LVUv7ZxPbNz00EN63x0bPy', NULL, N'2026-03-21 14:54:18', N'2026-03-21 14:54:18', N'emp009', N'0901000014', 1, NULL),
    (15, N'Hoang Thi Thao', N'emp010@erp.vn', N'2026-03-21 14:54:18', N'$2y$12$SDWEVlv.eIhDNe.HXbeb7ubUxtVZdr6LVUv7ZxPbNz00EN63x0bPy', NULL, N'2026-03-21 14:54:18', N'2026-03-21 14:54:18', N'emp010', N'0901000015', 1, NULL);
GO

SET IDENTITY_INSERT [dbo].[users] OFF;
GO

SET IDENTITY_INSERT [dbo].[employees] ON;
GO
INSERT INTO [dbo].[employees] ([id], [employee_code], [user_id], [full_name], [dob], [gender], [national_id], [tax_code], [email], [phone], [bank_account_no], [bank_name], [department_id], [position_id], [join_date], [employment_status], [created_at], [updated_at])
VALUES
    (1, N'NV001', 1, N'Nguyen Van Admin', N'1985-03-15', N'male', N'001085003456', N'8001234567', N'admin01@erp.vn', N'0901000001', N'1001000001', N'Vietcombank', 8, 13, N'2020-01-15', N'active', N'2026-03-21 14:54:18', N'2026-03-21 14:54:18'),
    (2, N'NV002', 2, N'Tran Thi HR', N'1990-07-22', N'female', N'001090007890', N'8001234568', N'hr01@erp.vn', N'0901000002', N'1001000002', N'Vietcombank', 2, 3, N'2021-03-01', N'active', N'2026-03-21 14:54:18', N'2026-03-21 14:54:18'),
    (3, N'NV003', 3, N'Le Van HR', N'1992-11-10', N'male', N'001092001234', N'8001234569', N'hr02@erp.vn', N'0901000003', N'1001000003', N'Techcombank', 2, 4, N'2022-06-15', N'active', N'2026-03-21 14:54:18', N'2026-03-21 14:54:18'),
    (4, N'NV004', 4, N'Pham Thi Payroll', N'1988-05-30', N'female', N'001088005678', N'8001234570', N'payroll01@erp.vn', N'0901000004', N'1001000004', N'BIDV', 3, 5, N'2020-09-01', N'active', N'2026-03-21 14:54:18', N'2026-03-21 14:54:18'),
    (5, N'NV005', 5, N'Hoang Van Manager', N'1980-01-05', N'male', N'001080009012', N'8001234571', N'manager01@erp.vn', N'0901000005', N'1001000005', N'Vietcombank', 1, 1, N'2018-06-01', N'active', N'2026-03-21 14:54:18', N'2026-03-21 14:54:18'),
    (6, N'NV006', 6, N'Vo Thi Mai', N'1995-04-12', N'female', N'001095003456', N'8001234572', N'emp001@erp.vn', N'0901000006', N'1001000006', N'Vietinbank', 4, 8, N'2023-01-10', N'active', N'2026-03-21 14:54:18', N'2026-03-21 14:54:18'),
    (7, N'NV007', 7, N'Dang Van Tuan', N'1993-08-25', N'male', N'001093007890', N'8001234573', N'emp002@erp.vn', N'0901000007', N'1001000007', N'Vietcombank', 4, 8, N'2023-03-01', N'active', N'2026-03-21 14:54:18', N'2026-03-21 14:54:18'),
    (8, N'NV008', 8, N'Bui Thi Lan', N'1994-12-03', N'female', N'001094001234', N'8001234574', N'emp003@erp.vn', N'0901000008', N'1001000008', N'ACB', 5, 10, N'2022-08-15', N'active', N'2026-03-21 14:54:18', N'2026-03-21 14:54:18'),
    (9, N'NV009', 9, N'Do Van Hung', N'1991-06-18', N'male', N'001091005678', N'8001234575', N'emp004@erp.vn', N'0901000009', N'1001000009', N'Techcombank', 5, 10, N'2021-11-01', N'active', N'2026-03-21 14:54:18', N'2026-03-21 14:54:18'),
    (10, N'NV010', 10, N'Ngo Thi Huong', N'1996-02-28', N'female', N'001096009012', N'8001234576', N'emp005@erp.vn', N'0901000010', N'1001000010', N'BIDV', 5, 10, N'2023-07-01', N'active', N'2026-03-21 14:54:18', N'2026-03-21 14:54:18'),
    (11, N'NV011', 11, N'Nguyen Van Thanh', N'1989-09-14', N'male', N'001089003456', N'8001234577', N'emp006@erp.vn', N'0901000011', N'1001000011', N'Vietcombank', 6, 11, N'2022-02-01', N'active', N'2026-03-21 14:54:18', N'2026-03-21 14:54:18'),
    (12, N'NV012', 12, N'Tran Van Duc', N'1997-03-20', N'male', N'001097007890', N'8001234578', N'emp007@erp.vn', N'0901000012', N'1001000012', N'Vietinbank', 7, 12, N'2024-01-15', N'active', N'2026-03-21 14:54:18', N'2026-03-21 14:54:18'),
    (13, N'NV013', 13, N'Le Thi Ngoc', N'1993-10-08', N'female', N'001093001234', N'8001234579', N'emp008@erp.vn', N'0901000013', N'1001000013', N'ACB', 3, 6, N'2023-04-01', N'active', N'2026-03-21 14:54:18', N'2026-03-21 14:54:18'),
    (14, N'NV014', 14, N'Pham Van Long', N'1994-07-25', N'male', N'001094005678', N'8001234580', N'emp009@erp.vn', N'0901000014', N'1001000014', N'BIDV', 8, 14, N'2023-09-01', N'active', N'2026-03-21 14:54:18', N'2026-03-21 14:54:18'),
    (15, N'NV015', 15, N'Hoang Thi Thao', N'1998-11-30', N'female', N'001098009012', N'8001234581', N'emp010@erp.vn', N'0901000015', N'1001000015', N'Techcombank', 4, 8, N'2024-06-01', N'active', N'2026-03-21 14:54:18', N'2026-03-21 14:54:18');
GO

SET IDENTITY_INSERT [dbo].[employees] OFF;
GO

SET IDENTITY_INSERT [dbo].[dependents] ON;
GO
INSERT INTO [dbo].[dependents] ([id], [employee_id], [full_name], [dob], [relationship], [national_id], [tax_reduction_from], [tax_reduction_to], [created_at], [updated_at])
VALUES
    (1, 1, N'Tran Thi Hoa', N'1987-06-20', N'spouse', N'001087001111', N'2020-01-01', NULL, N'2026-03-21 14:54:18', N'2026-03-21 14:54:18'),
    (2, 1, N'Nguyen Minh Anh', N'2015-09-10', N'child', NULL, N'2020-01-01', NULL, N'2026-03-21 14:54:18', N'2026-03-21 14:54:18'),
    (3, 5, N'Nguyen Thi Lan', N'1982-04-15', N'spouse', N'001082002222', N'2018-06-01', NULL, N'2026-03-21 14:54:18', N'2026-03-21 14:54:18'),
    (4, 5, N'Hoang Minh Tu', N'2010-12-01', N'child', NULL, N'2018-06-01', NULL, N'2026-03-21 14:54:18', N'2026-03-21 14:54:18'),
    (5, 5, N'Hoang Minh Khoi', N'2014-05-20', N'child', NULL, N'2018-06-01', NULL, N'2026-03-21 14:54:18', N'2026-03-21 14:54:18'),
    (6, 7, N'Dang Thi Bich', N'1965-02-14', N'parent', N'001065003333', N'2023-03-01', NULL, N'2026-03-21 14:54:18', N'2026-03-21 14:54:18'),
    (7, 9, N'Le Thi Thuy', N'1993-08-12', N'spouse', N'001093004444', N'2022-01-01', NULL, N'2026-03-21 14:54:18', N'2026-03-21 14:54:18'),
    (8, 9, N'Do Gia Bao', N'2022-03-15', N'child', NULL, N'2022-04-01', NULL, N'2026-03-21 14:54:18', N'2026-03-21 14:54:18'),
    (9, 11, N'Pham Thi Dung', N'1991-01-25', N'spouse', N'001091005555', N'2022-02-01', NULL, N'2026-03-21 14:54:18', N'2026-03-21 14:54:18'),
    (10, 13, N'Le Minh Khang', N'2020-11-08', N'child', NULL, N'2021-01-01', NULL, N'2026-03-21 14:54:18', N'2026-03-21 14:54:18');
GO

SET IDENTITY_INSERT [dbo].[dependents] OFF;
GO

SET IDENTITY_INSERT [dbo].[contract_types] ON;
GO
INSERT INTO [dbo].[contract_types] ([id], [code], [name], [duration_months], [is_probationary], [created_at], [updated_at])
VALUES
    (1, N'THU_VIEC', N'Hop Dong Thu Viec', 2, 1, N'2026-03-21 14:54:18', N'2026-03-21 14:54:18'),
    (2, N'XDTH_12', N'Hop Dong Xac Dinh Thoi Han 12 thang', 12, 0, N'2026-03-21 14:54:18', N'2026-03-21 14:54:18'),
    (3, N'XDTH_24', N'Hop Dong Xac Dinh Thoi Han 24 thang', 24, 0, N'2026-03-21 14:54:18', N'2026-03-21 14:54:18'),
    (4, N'XDTH_36', N'Hop Dong Xac Dinh Thoi Han 36 thang', 36, 0, N'2026-03-21 14:54:18', N'2026-03-21 14:54:18'),
    (5, N'KDXDTH', N'Hop Dong Khong Xac Dinh Thoi Han', NULL, 0, N'2026-03-21 14:54:18', N'2026-03-21 14:54:18');
GO

SET IDENTITY_INSERT [dbo].[contract_types] OFF;
GO

SET IDENTITY_INSERT [dbo].[payroll_types] ON;
GO
INSERT INTO [dbo].[payroll_types] ([id], [code], [name], [is_probationary], [created_at], [updated_at])
VALUES
    (1, N'LUONG_CO_BAN', N'Luong Co Ban', 0, N'2026-03-21 14:54:18', N'2026-03-21 14:54:18'),
    (2, N'LUONG_THU_VIEC', N'Luong Thu Viec', 1, N'2026-03-21 14:54:18', N'2026-03-21 14:54:18'),
    (3, N'LUONG_KHOAN', N'Luong Khoan', 0, N'2026-03-21 14:54:18', N'2026-03-21 14:54:18');
GO

SET IDENTITY_INSERT [dbo].[payroll_types] OFF;
GO

SET IDENTITY_INSERT [dbo].[salary_levels] ON;
GO
INSERT INTO [dbo].[salary_levels] ([id], [payroll_type_id], [code], [level_no], [amount], [effective_from], [effective_to], [created_at], [updated_at])
VALUES
    (1, 1, N'CB_B1', 1, 8000000, N'2024-01-01', NULL, N'2026-03-21 14:54:18', N'2026-03-21 14:54:18'),
    (2, 1, N'CB_B2', 2, 10000000, N'2024-01-01', NULL, N'2026-03-21 14:54:18', N'2026-03-21 14:54:18'),
    (3, 1, N'CB_B3', 3, 12000000, N'2024-01-01', NULL, N'2026-03-21 14:54:18', N'2026-03-21 14:54:18'),
    (4, 1, N'CB_B4', 4, 15000000, N'2024-01-01', NULL, N'2026-03-21 14:54:18', N'2026-03-21 14:54:18'),
    (5, 1, N'CB_B5', 5, 18000000, N'2024-01-01', NULL, N'2026-03-21 14:54:18', N'2026-03-21 14:54:18'),
    (6, 1, N'CB_B6', 6, 22000000, N'2024-01-01', NULL, N'2026-03-21 14:54:18', N'2026-03-21 14:54:18'),
    (7, 1, N'CB_B7', 7, 25000000, N'2024-01-01', NULL, N'2026-03-21 14:54:18', N'2026-03-21 14:54:18'),
    (8, 2, N'TV_B1', 1, 6800000, N'2024-01-01', NULL, N'2026-03-21 14:54:18', N'2026-03-21 14:54:18'),
    (9, 2, N'TV_B2', 2, 8500000, N'2024-01-01', NULL, N'2026-03-21 14:54:18', N'2026-03-21 14:54:18'),
    (10, 2, N'TV_B3', 3, 10200000, N'2024-01-01', NULL, N'2026-03-21 14:54:18', N'2026-03-21 14:54:18'),
    (11, 3, N'LK_B1', 1, 15000000, N'2024-01-01', NULL, N'2026-03-21 14:54:18', N'2026-03-21 14:54:18');
GO

SET IDENTITY_INSERT [dbo].[salary_levels] OFF;
GO

SET IDENTITY_INSERT [dbo].[labour_contracts] ON;
GO
INSERT INTO [dbo].[labour_contracts] ([id], [employee_id], [contract_no], [contract_type_id], [position_title_snapshot], [department_snapshot], [start_date], [end_date], [sign_date], [status], [base_salary], [salary_level_id], [payroll_type_id], [probation_rate], [created_by], [approved_by], [created_at], [updated_at])
VALUES
    (1, 1, N'HD-2020-001', 5, N'Truong Phong IT', N'Phong Cong Nghe Thong Tin', N'2020-01-15', NULL, N'2020-01-10', N'active', 25000000, 7, 1, 100, 1, 5, N'2026-03-21 14:54:18', N'2026-03-21 14:54:18'),
    (2, 2, N'HD-2021-002', 5, N'Truong Phong Nhan Su', N'Phong Nhan Su', N'2021-03-01', NULL, N'2021-02-25', N'active', 18000000, 5, 1, 100, 1, 5, N'2026-03-21 14:54:18', N'2026-03-21 14:54:18'),
    (3, 3, N'HD-2022-003', 3, N'Nhan Vien Nhan Su', N'Phong Nhan Su', N'2022-06-15', N'2024-06-14', N'2022-06-10', N'active', 12000000, 3, 1, 100, 1, 5, N'2026-03-21 14:54:18', N'2026-03-21 14:54:18'),
    (4, 4, N'HD-2020-004', 5, N'Truong Phong Ke Toan', N'Phong Ke Toan', N'2020-09-01', NULL, N'2020-08-25', N'active', 22000000, 6, 1, 100, 1, 5, N'2026-03-21 14:54:18', N'2026-03-21 14:54:18'),
    (5, 5, N'HD-2018-005', 5, N'Giam Doc', N'Ban Giam Doc', N'2018-06-01', NULL, N'2018-05-25', N'active', 25000000, 7, 1, 100, 1, NULL, N'2026-03-21 14:54:18', N'2026-03-21 14:54:18'),
    (6, 6, N'HD-2023-006', 2, N'Nhan Vien Van Hanh', N'Phong Van Hanh', N'2023-01-10', N'2024-01-09', N'2023-01-05', N'active', 10000000, 2, 1, 100, 2, 5, N'2026-03-21 14:54:18', N'2026-03-21 14:54:18'),
    (7, 7, N'HD-2023-007', 3, N'Nhan Vien Van Hanh', N'Phong Van Hanh', N'2023-03-01', N'2025-02-28', N'2023-02-25', N'active', 10000000, 2, 1, 100, 2, 5, N'2026-03-21 14:54:18', N'2026-03-21 14:54:18'),
    (8, 8, N'HD-2022-008', 3, N'Nhan Vien Ky Thuat', N'Phong Ky Thuat', N'2022-08-15', N'2024-08-14', N'2022-08-10', N'active', 12000000, 3, 1, 100, 2, 5, N'2026-03-21 14:54:18', N'2026-03-21 14:54:18'),
    (9, 9, N'HD-2021-009', 5, N'Nhan Vien Ky Thuat', N'Phong Ky Thuat', N'2021-11-01', NULL, N'2021-10-25', N'active', 15000000, 4, 1, 100, 2, 5, N'2026-03-21 14:54:18', N'2026-03-21 14:54:18'),
    (10, 10, N'HD-2023-010', 2, N'Nhan Vien Ky Thuat', N'Phong Ky Thuat', N'2023-07-01', N'2024-06-30', N'2023-06-25', N'active', 10000000, 2, 1, 100, 2, 5, N'2026-03-21 14:54:18', N'2026-03-21 14:54:18'),
    (11, 11, N'HD-2022-011', 3, N'Nhan Vien Kiem Dinh', N'Phong Kiem Dinh', N'2022-02-01', N'2024-01-31', N'2022-01-25', N'active', 12000000, 3, 1, 100, 2, 5, N'2026-03-21 14:54:18', N'2026-03-21 14:54:18'),
    (12, 12, N'HD-2024-012', 1, N'Nhan Vien Kinh Doanh', N'Phong Kinh Doanh', N'2024-01-15', N'2024-03-14', N'2024-01-10', N'active', 8000000, 8, 2, 85, 2, 5, N'2026-03-21 14:54:18', N'2026-03-21 14:54:18'),
    (13, 13, N'HD-2023-013', 2, N'Nhan Vien Ke Toan', N'Phong Ke Toan', N'2023-04-01', N'2024-03-31', N'2023-03-25', N'active', 10000000, 2, 1, 100, 2, 4, N'2026-03-21 14:54:18', N'2026-03-21 14:54:18'),
    (14, 14, N'HD-2023-014', 3, N'Nhan Vien IT', N'Phong Cong Nghe Thong Tin', N'2023-09-01', N'2025-08-31', N'2023-08-25', N'active', 12000000, 3, 1, 100, 1, 5, N'2026-03-21 14:54:18', N'2026-03-21 14:54:18'),
    (15, 15, N'HD-2024-015', 2, N'Nhan Vien Van Hanh', N'Phong Van Hanh', N'2024-06-01', N'2025-05-31', N'2024-05-25', N'active', 8000000, 1, 1, 100, 2, 5, N'2026-03-21 14:54:18', N'2026-03-21 14:54:18');
GO

SET IDENTITY_INSERT [dbo].[labour_contracts] OFF;
GO

SET IDENTITY_INSERT [dbo].[allowance_types] ON;
GO
INSERT INTO [dbo].[allowance_types] ([id], [code], [name], [is_taxable], [is_insurance_base], [default_amount], [status], [created_at], [updated_at])
VALUES
    (1, N'PC_AN', N'Phu Cap An Trua', 0, 0, 730000, N'active', N'2026-03-21 14:54:18', N'2026-03-21 14:54:18'),
    (2, N'PC_XE', N'Phu Cap Xang Xe', 0, 0, 500000, N'active', N'2026-03-21 14:54:18', N'2026-03-21 14:54:18'),
    (3, N'PC_DT', N'Phu Cap Dien Thoai', 0, 0, 300000, N'active', N'2026-03-21 14:54:18', N'2026-03-21 14:54:18'),
    (4, N'PC_TN', N'Phu Cap Trach Nhiem', 1, 1, 2000000, N'active', N'2026-03-21 14:54:18', N'2026-03-21 14:54:18'),
    (5, N'PC_KV', N'Phu Cap Khu Vuc', 1, 0, 500000, N'active', N'2026-03-21 14:54:18', N'2026-03-21 14:54:18'),
    (6, N'PC_CHUYEN', N'Phu Cap Chuyen Mon', 1, 1, 1000000, N'active', N'2026-03-21 14:54:18', N'2026-03-21 14:54:18');
GO

SET IDENTITY_INSERT [dbo].[allowance_types] OFF;
GO

SET IDENTITY_INSERT [dbo].[contract_allowances] ON;
GO
INSERT INTO [dbo].[contract_allowances] ([id], [contract_id], [allowance_type_id], [amount], [effective_from], [effective_to], [created_at], [updated_at])
VALUES
    (1, 1, 1, 730000, N'2020-01-15', NULL, N'2026-03-21 14:54:18', N'2026-03-21 14:54:18'),
    (2, 1, 2, 500000, N'2020-01-15', NULL, N'2026-03-21 14:54:18', N'2026-03-21 14:54:18'),
    (3, 2, 1, 730000, N'2021-03-01', NULL, N'2026-03-21 14:54:18', N'2026-03-21 14:54:18'),
    (4, 2, 2, 500000, N'2021-03-01', NULL, N'2026-03-21 14:54:18', N'2026-03-21 14:54:18'),
    (5, 3, 1, 730000, N'2022-06-15', NULL, N'2026-03-21 14:54:18', N'2026-03-21 14:54:18'),
    (6, 3, 2, 500000, N'2022-06-15', NULL, N'2026-03-21 14:54:18', N'2026-03-21 14:54:18'),
    (7, 4, 1, 730000, N'2020-09-01', NULL, N'2026-03-21 14:54:18', N'2026-03-21 14:54:18'),
    (8, 4, 2, 500000, N'2020-09-01', NULL, N'2026-03-21 14:54:18', N'2026-03-21 14:54:18'),
    (9, 5, 1, 730000, N'2018-06-01', NULL, N'2026-03-21 14:54:18', N'2026-03-21 14:54:18'),
    (10, 5, 2, 500000, N'2018-06-01', NULL, N'2026-03-21 14:54:18', N'2026-03-21 14:54:18'),
    (11, 6, 1, 730000, N'2023-01-10', NULL, N'2026-03-21 14:54:18', N'2026-03-21 14:54:18'),
    (12, 6, 2, 500000, N'2023-01-10', NULL, N'2026-03-21 14:54:18', N'2026-03-21 14:54:18'),
    (13, 7, 1, 730000, N'2023-03-01', NULL, N'2026-03-21 14:54:18', N'2026-03-21 14:54:18'),
    (14, 7, 2, 500000, N'2023-03-01', NULL, N'2026-03-21 14:54:18', N'2026-03-21 14:54:18'),
    (15, 8, 1, 730000, N'2022-08-15', NULL, N'2026-03-21 14:54:18', N'2026-03-21 14:54:18'),
    (16, 8, 2, 500000, N'2022-08-15', NULL, N'2026-03-21 14:54:18', N'2026-03-21 14:54:18'),
    (17, 9, 1, 730000, N'2021-11-01', NULL, N'2026-03-21 14:54:18', N'2026-03-21 14:54:18'),
    (18, 9, 2, 500000, N'2021-11-01', NULL, N'2026-03-21 14:54:18', N'2026-03-21 14:54:18'),
    (19, 10, 1, 730000, N'2023-07-01', NULL, N'2026-03-21 14:54:18', N'2026-03-21 14:54:18'),
    (20, 10, 2, 500000, N'2023-07-01', NULL, N'2026-03-21 14:54:18', N'2026-03-21 14:54:18'),
    (21, 11, 1, 730000, N'2022-02-01', NULL, N'2026-03-21 14:54:18', N'2026-03-21 14:54:18'),
    (22, 11, 2, 500000, N'2022-02-01', NULL, N'2026-03-21 14:54:18', N'2026-03-21 14:54:18'),
    (23, 12, 1, 730000, N'2024-01-15', NULL, N'2026-03-21 14:54:18', N'2026-03-21 14:54:18'),
    (24, 12, 2, 500000, N'2024-01-15', NULL, N'2026-03-21 14:54:18', N'2026-03-21 14:54:18'),
    (25, 13, 1, 730000, N'2023-04-01', NULL, N'2026-03-21 14:54:18', N'2026-03-21 14:54:18'),
    (26, 13, 2, 500000, N'2023-04-01', NULL, N'2026-03-21 14:54:18', N'2026-03-21 14:54:18'),
    (27, 14, 1, 730000, N'2023-09-01', NULL, N'2026-03-21 14:54:18', N'2026-03-21 14:54:18'),
    (28, 14, 2, 500000, N'2023-09-01', NULL, N'2026-03-21 14:54:18', N'2026-03-21 14:54:18'),
    (29, 15, 1, 730000, N'2024-06-01', NULL, N'2026-03-21 14:54:18', N'2026-03-21 14:54:18'),
    (30, 15, 2, 500000, N'2024-06-01', NULL, N'2026-03-21 14:54:18', N'2026-03-21 14:54:18'),
    (31, 1, 4, 2000000, N'2020-01-15', NULL, N'2026-03-21 14:54:18', N'2026-03-21 14:54:18'),
    (32, 2, 4, 2000000, N'2021-03-01', NULL, N'2026-03-21 14:54:18', N'2026-03-21 14:54:18'),
    (33, 4, 4, 2000000, N'2020-09-01', NULL, N'2026-03-21 14:54:18', N'2026-03-21 14:54:18'),
    (34, 5, 4, 2000000, N'2018-06-01', NULL, N'2026-03-21 14:54:18', N'2026-03-21 14:54:18'),
    (35, 1, 3, 300000, N'2020-01-15', NULL, N'2026-03-21 14:54:18', N'2026-03-21 14:54:18'),
    (36, 2, 3, 300000, N'2021-03-01', NULL, N'2026-03-21 14:54:18', N'2026-03-21 14:54:18'),
    (37, 4, 3, 300000, N'2020-09-01', NULL, N'2026-03-21 14:54:18', N'2026-03-21 14:54:18'),
    (38, 5, 3, 300000, N'2018-06-01', NULL, N'2026-03-21 14:54:18', N'2026-03-21 14:54:18'),
    (39, 8, 6, 1000000, N'2022-08-15', NULL, N'2026-03-21 14:54:18', N'2026-03-21 14:54:18'),
    (40, 9, 6, 1000000, N'2021-11-01', NULL, N'2026-03-21 14:54:18', N'2026-03-21 14:54:18'),
    (41, 10, 6, 1000000, N'2023-07-01', NULL, N'2026-03-21 14:54:18', N'2026-03-21 14:54:18'),
    (42, 14, 6, 1000000, N'2023-09-01', NULL, N'2026-03-21 14:54:18', N'2026-03-21 14:54:18');
GO

SET IDENTITY_INSERT [dbo].[contract_allowances] OFF;
GO

SET IDENTITY_INSERT [dbo].[shifts] ON;
GO
INSERT INTO [dbo].[shifts] ([id], [code], [name], [start_time], [end_time], [break_start_time], [break_end_time], [workday_value], [timesheet_type], [is_overnight], [min_meal_hours], [grace_late_minutes], [grace_early_minutes], [status], [created_at], [updated_at])
VALUES
    (1, N'HC08', N'Hanh Chinh Sang', N'08:00:00', N'17:00:00', N'12:00:00', N'13:00:00', 1, N'standard', 0, 4, 5, 5, N'active', N'2026-03-21 14:54:18', N'2026-03-21 14:54:18'),
    (2, N'HC13', N'Hanh Chinh Chieu', N'13:00:00', N'22:00:00', N'17:00:00', N'17:30:00', 1, N'standard', 0, 4, 5, 5, N'active', N'2026-03-21 14:54:18', N'2026-03-21 14:54:18'),
    (3, N'N22', N'Ca Dem', N'22:00:00', N'06:00:00', N'01:00:00', N'01:30:00', 1, N'night', 1, 4, 5, 5, N'active', N'2026-03-21 14:54:18', N'2026-03-21 14:54:18'),
    (4, N'HC07', N'Hanh Chinh Som', N'07:00:00', N'16:00:00', N'11:30:00', N'12:30:00', 1, N'standard', 0, 4, 5, 5, N'active', N'2026-03-21 14:54:18', N'2026-03-21 14:54:18');
GO

SET IDENTITY_INSERT [dbo].[shifts] OFF;
GO

SET IDENTITY_INSERT [dbo].[holidays] ON;
GO
INSERT INTO [dbo].[holidays] ([id], [holiday_date], [name], [multiplier], [is_paid], [created_at], [updated_at])
VALUES
    (1, N'2026-01-01', N'Tet Duong Lich', 3, 1, N'2026-03-21 14:54:18', N'2026-03-21 14:54:18'),
    (2, N'2026-01-28', N'Tet Nguyen Dan - Ngay 29 Tet', 3, 1, N'2026-03-21 14:54:18', N'2026-03-21 14:54:18'),
    (3, N'2026-01-29', N'Tet Nguyen Dan - Ngay 30 Tet', 3, 1, N'2026-03-21 14:54:18', N'2026-03-21 14:54:18'),
    (4, N'2026-01-30', N'Tet Nguyen Dan - Mung 1', 3, 1, N'2026-03-21 14:54:18', N'2026-03-21 14:54:18'),
    (5, N'2026-01-31', N'Tet Nguyen Dan - Mung 2', 3, 1, N'2026-03-21 14:54:18', N'2026-03-21 14:54:18'),
    (6, N'2026-02-01', N'Tet Nguyen Dan - Mung 3', 3, 1, N'2026-03-21 14:54:18', N'2026-03-21 14:54:18'),
    (7, N'2026-02-02', N'Tet Nguyen Dan - Mung 4 (bu)', 3, 1, N'2026-03-21 14:54:18', N'2026-03-21 14:54:18'),
    (8, N'2026-04-06', N'Gio To Hung Vuong', 3, 1, N'2026-03-21 14:54:18', N'2026-03-21 14:54:18'),
    (9, N'2026-04-30', N'Ngay Giai Phong Mien Nam Thong Nhat Dat Nuoc', 3, 1, N'2026-03-21 14:54:18', N'2026-03-21 14:54:18'),
    (10, N'2026-05-01', N'Ngay Quoc Te Lao Dong', 3, 1, N'2026-03-21 14:54:18', N'2026-03-21 14:54:18'),
    (11, N'2026-09-02', N'Ngay Quoc Khanh', 3, 1, N'2026-03-21 14:54:18', N'2026-03-21 14:54:18'),
    (12, N'2026-09-03', N'Ngay Quoc Khanh (nghỉ bu)', 3, 1, N'2026-03-21 14:54:18', N'2026-03-21 14:54:18');
GO

SET IDENTITY_INSERT [dbo].[holidays] OFF;
GO

SET IDENTITY_INSERT [dbo].[late_early_rules] ON;
GO
INSERT INTO [dbo].[late_early_rules] ([id], [code], [name], [from_minute], [to_minute], [deduction_type], [deduction_value], [exclude_meal], [effective_from], [effective_to], [created_at], [updated_at])
VALUES
    (1, N'LATE_01', N'Di tre 6-15 phut', 6, 15, N'fixed', 50000, 0, N'2024-01-01', NULL, N'2026-03-21 14:54:18', N'2026-03-21 14:54:18'),
    (2, N'LATE_02', N'Di tre 16-30 phut', 16, 30, N'fixed', 100000, 0, N'2024-01-01', NULL, N'2026-03-21 14:54:18', N'2026-03-21 14:54:18'),
    (3, N'LATE_03', N'Di tre 31-60 phut', 31, 60, N'fixed', 200000, 1, N'2024-01-01', NULL, N'2026-03-21 14:54:18', N'2026-03-21 14:54:18'),
    (4, N'LATE_04', N'Di tre tren 60 phut', 61, 999, N'half_day', 0.5, 1, N'2024-01-01', NULL, N'2026-03-21 14:54:18', N'2026-03-21 14:54:18'),
    (5, N'EARLY_01', N'Ve som 6-15 phut', 6, 15, N'fixed', 50000, 0, N'2024-01-01', NULL, N'2026-03-21 14:54:18', N'2026-03-21 14:54:18'),
    (6, N'EARLY_02', N'Ve som 16-30 phut', 16, 30, N'fixed', 100000, 0, N'2024-01-01', NULL, N'2026-03-21 14:54:18', N'2026-03-21 14:54:18');
GO

SET IDENTITY_INSERT [dbo].[late_early_rules] OFF;
GO

SET IDENTITY_INSERT [dbo].[attendance_periods] ON;
GO
INSERT INTO [dbo].[attendance_periods] ([id], [period_code], [month], [year], [from_date], [to_date], [status], [created_at], [updated_at])
VALUES
    (1, N'2026-01', 1, 2026, N'2026-01-01', N'2026-01-31', N'locked', N'2026-03-21 14:54:18', N'2026-03-21 14:54:18'),
    (2, N'2026-02', 2, 2026, N'2026-02-01', N'2026-02-28', N'confirmed', N'2026-03-21 14:54:18', N'2026-03-21 14:54:18'),
    (3, N'2026-03', 3, 2026, N'2026-03-01', N'2026-03-31', N'draft', N'2026-03-21 14:54:18', N'2026-03-21 14:54:18');
GO

SET IDENTITY_INSERT [dbo].[attendance_periods] OFF;
GO

SET IDENTITY_INSERT [dbo].[shift_assignments] ON;
GO
INSERT INTO [dbo].[shift_assignments] ([id], [employee_id], [work_date], [shift_id], [source], [note], [created_at], [updated_at])
VALUES
    (1, 1, N'2026-02-03', 1, N'schedule', NULL, N'2026-03-21 14:54:18', N'2026-03-21 14:54:18'),
    (2, 1, N'2026-02-04', 1, N'schedule', NULL, N'2026-03-21 14:54:18', N'2026-03-21 14:54:18'),
    (3, 1, N'2026-02-05', 1, N'schedule', NULL, N'2026-03-21 14:54:18', N'2026-03-21 14:54:18'),
    (4, 1, N'2026-02-06', 1, N'schedule', NULL, N'2026-03-21 14:54:18', N'2026-03-21 14:54:18'),
    (5, 1, N'2026-02-09', 1, N'schedule', NULL, N'2026-03-21 14:54:18', N'2026-03-21 14:54:18'),
    (6, 1, N'2026-02-10', 1, N'schedule', NULL, N'2026-03-21 14:54:18', N'2026-03-21 14:54:18'),
    (7, 1, N'2026-02-11', 1, N'schedule', NULL, N'2026-03-21 14:54:18', N'2026-03-21 14:54:18'),
    (8, 1, N'2026-02-12', 1, N'schedule', NULL, N'2026-03-21 14:54:18', N'2026-03-21 14:54:18'),
    (9, 1, N'2026-02-13', 1, N'schedule', NULL, N'2026-03-21 14:54:18', N'2026-03-21 14:54:18'),
    (10, 1, N'2026-02-16', 1, N'schedule', NULL, N'2026-03-21 14:54:18', N'2026-03-21 14:54:18'),
    (11, 1, N'2026-02-17', 1, N'schedule', NULL, N'2026-03-21 14:54:18', N'2026-03-21 14:54:18'),
    (12, 1, N'2026-02-18', 1, N'schedule', NULL, N'2026-03-21 14:54:18', N'2026-03-21 14:54:18'),
    (13, 1, N'2026-02-19', 1, N'schedule', NULL, N'2026-03-21 14:54:18', N'2026-03-21 14:54:18'),
    (14, 1, N'2026-02-20', 1, N'schedule', NULL, N'2026-03-21 14:54:18', N'2026-03-21 14:54:18'),
    (15, 1, N'2026-02-23', 1, N'schedule', NULL, N'2026-03-21 14:54:18', N'2026-03-21 14:54:18'),
    (16, 1, N'2026-02-24', 1, N'schedule', NULL, N'2026-03-21 14:54:18', N'2026-03-21 14:54:18'),
    (17, 1, N'2026-02-25', 1, N'schedule', NULL, N'2026-03-21 14:54:18', N'2026-03-21 14:54:18'),
    (18, 1, N'2026-02-26', 1, N'schedule', NULL, N'2026-03-21 14:54:18', N'2026-03-21 14:54:18'),
    (19, 1, N'2026-02-27', 1, N'schedule', NULL, N'2026-03-21 14:54:18', N'2026-03-21 14:54:18'),
    (20, 2, N'2026-02-03', 1, N'schedule', NULL, N'2026-03-21 14:54:18', N'2026-03-21 14:54:18'),
    (21, 2, N'2026-02-04', 1, N'schedule', NULL, N'2026-03-21 14:54:18', N'2026-03-21 14:54:18'),
    (22, 2, N'2026-02-05', 1, N'schedule', NULL, N'2026-03-21 14:54:18', N'2026-03-21 14:54:18'),
    (23, 2, N'2026-02-06', 1, N'schedule', NULL, N'2026-03-21 14:54:18', N'2026-03-21 14:54:18'),
    (24, 2, N'2026-02-09', 1, N'schedule', NULL, N'2026-03-21 14:54:18', N'2026-03-21 14:54:18'),
    (25, 2, N'2026-02-10', 1, N'schedule', NULL, N'2026-03-21 14:54:18', N'2026-03-21 14:54:18'),
    (26, 2, N'2026-02-11', 1, N'schedule', NULL, N'2026-03-21 14:54:18', N'2026-03-21 14:54:18'),
    (27, 2, N'2026-02-12', 1, N'schedule', NULL, N'2026-03-21 14:54:18', N'2026-03-21 14:54:18'),
    (28, 2, N'2026-02-13', 1, N'schedule', NULL, N'2026-03-21 14:54:18', N'2026-03-21 14:54:18'),
    (29, 2, N'2026-02-16', 1, N'schedule', NULL, N'2026-03-21 14:54:18', N'2026-03-21 14:54:18'),
    (30, 2, N'2026-02-17', 1, N'schedule', NULL, N'2026-03-21 14:54:18', N'2026-03-21 14:54:18'),
    (31, 2, N'2026-02-18', 1, N'schedule', NULL, N'2026-03-21 14:54:18', N'2026-03-21 14:54:18'),
    (32, 2, N'2026-02-19', 1, N'schedule', NULL, N'2026-03-21 14:54:18', N'2026-03-21 14:54:18'),
    (33, 2, N'2026-02-20', 1, N'schedule', NULL, N'2026-03-21 14:54:18', N'2026-03-21 14:54:18'),
    (34, 2, N'2026-02-23', 1, N'schedule', NULL, N'2026-03-21 14:54:18', N'2026-03-21 14:54:18'),
    (35, 2, N'2026-02-24', 1, N'schedule', NULL, N'2026-03-21 14:54:18', N'2026-03-21 14:54:18'),
    (36, 2, N'2026-02-25', 1, N'schedule', NULL, N'2026-03-21 14:54:18', N'2026-03-21 14:54:18'),
    (37, 2, N'2026-02-26', 1, N'schedule', NULL, N'2026-03-21 14:54:18', N'2026-03-21 14:54:18'),
    (38, 2, N'2026-02-27', 1, N'schedule', NULL, N'2026-03-21 14:54:18', N'2026-03-21 14:54:18'),
    (39, 3, N'2026-02-03', 1, N'schedule', NULL, N'2026-03-21 14:54:18', N'2026-03-21 14:54:18'),
    (40, 3, N'2026-02-04', 1, N'schedule', NULL, N'2026-03-21 14:54:18', N'2026-03-21 14:54:18'),
    (41, 3, N'2026-02-05', 1, N'schedule', NULL, N'2026-03-21 14:54:18', N'2026-03-21 14:54:18'),
    (42, 3, N'2026-02-06', 1, N'schedule', NULL, N'2026-03-21 14:54:18', N'2026-03-21 14:54:18'),
    (43, 3, N'2026-02-09', 1, N'schedule', NULL, N'2026-03-21 14:54:18', N'2026-03-21 14:54:18'),
    (44, 3, N'2026-02-10', 1, N'schedule', NULL, N'2026-03-21 14:54:18', N'2026-03-21 14:54:18'),
    (45, 3, N'2026-02-11', 1, N'schedule', NULL, N'2026-03-21 14:54:18', N'2026-03-21 14:54:18'),
    (46, 3, N'2026-02-12', 1, N'schedule', NULL, N'2026-03-21 14:54:18', N'2026-03-21 14:54:18'),
    (47, 3, N'2026-02-13', 1, N'schedule', NULL, N'2026-03-21 14:54:18', N'2026-03-21 14:54:18'),
    (48, 3, N'2026-02-16', 1, N'schedule', NULL, N'2026-03-21 14:54:18', N'2026-03-21 14:54:18'),
    (49, 3, N'2026-02-17', 1, N'schedule', NULL, N'2026-03-21 14:54:18', N'2026-03-21 14:54:18'),
    (50, 3, N'2026-02-18', 1, N'schedule', NULL, N'2026-03-21 14:54:18', N'2026-03-21 14:54:18'),
    (51, 3, N'2026-02-19', 1, N'schedule', NULL, N'2026-03-21 14:54:18', N'2026-03-21 14:54:18'),
    (52, 3, N'2026-02-20', 1, N'schedule', NULL, N'2026-03-21 14:54:18', N'2026-03-21 14:54:18'),
    (53, 3, N'2026-02-23', 1, N'schedule', NULL, N'2026-03-21 14:54:18', N'2026-03-21 14:54:18'),
    (54, 3, N'2026-02-24', 1, N'schedule', NULL, N'2026-03-21 14:54:18', N'2026-03-21 14:54:18'),
    (55, 3, N'2026-02-25', 1, N'schedule', NULL, N'2026-03-21 14:54:18', N'2026-03-21 14:54:18'),
    (56, 3, N'2026-02-26', 1, N'schedule', NULL, N'2026-03-21 14:54:18', N'2026-03-21 14:54:18'),
    (57, 3, N'2026-02-27', 1, N'schedule', NULL, N'2026-03-21 14:54:18', N'2026-03-21 14:54:18'),
    (58, 4, N'2026-02-03', 1, N'schedule', NULL, N'2026-03-21 14:54:18', N'2026-03-21 14:54:18'),
    (59, 4, N'2026-02-04', 1, N'schedule', NULL, N'2026-03-21 14:54:18', N'2026-03-21 14:54:18'),
    (60, 4, N'2026-02-05', 1, N'schedule', NULL, N'2026-03-21 14:54:18', N'2026-03-21 14:54:18'),
    (61, 4, N'2026-02-06', 1, N'schedule', NULL, N'2026-03-21 14:54:18', N'2026-03-21 14:54:18'),
    (62, 4, N'2026-02-09', 1, N'schedule', NULL, N'2026-03-21 14:54:18', N'2026-03-21 14:54:18'),
    (63, 4, N'2026-02-10', 1, N'schedule', NULL, N'2026-03-21 14:54:18', N'2026-03-21 14:54:18'),
    (64, 4, N'2026-02-11', 1, N'schedule', NULL, N'2026-03-21 14:54:18', N'2026-03-21 14:54:18'),
    (65, 4, N'2026-02-12', 1, N'schedule', NULL, N'2026-03-21 14:54:18', N'2026-03-21 14:54:18'),
    (66, 4, N'2026-02-13', 1, N'schedule', NULL, N'2026-03-21 14:54:18', N'2026-03-21 14:54:18'),
    (67, 4, N'2026-02-16', 1, N'schedule', NULL, N'2026-03-21 14:54:18', N'2026-03-21 14:54:18'),
    (68, 4, N'2026-02-17', 1, N'schedule', NULL, N'2026-03-21 14:54:18', N'2026-03-21 14:54:18'),
    (69, 4, N'2026-02-18', 1, N'schedule', NULL, N'2026-03-21 14:54:18', N'2026-03-21 14:54:18'),
    (70, 4, N'2026-02-19', 1, N'schedule', NULL, N'2026-03-21 14:54:18', N'2026-03-21 14:54:18'),
    (71, 4, N'2026-02-20', 1, N'schedule', NULL, N'2026-03-21 14:54:18', N'2026-03-21 14:54:18'),
    (72, 4, N'2026-02-23', 1, N'schedule', NULL, N'2026-03-21 14:54:18', N'2026-03-21 14:54:18'),
    (73, 4, N'2026-02-24', 1, N'schedule', NULL, N'2026-03-21 14:54:18', N'2026-03-21 14:54:18'),
    (74, 4, N'2026-02-25', 1, N'schedule', NULL, N'2026-03-21 14:54:18', N'2026-03-21 14:54:18'),
    (75, 4, N'2026-02-26', 1, N'schedule', NULL, N'2026-03-21 14:54:18', N'2026-03-21 14:54:18'),
    (76, 4, N'2026-02-27', 1, N'schedule', NULL, N'2026-03-21 14:54:18', N'2026-03-21 14:54:18'),
    (77, 5, N'2026-02-03', 1, N'schedule', NULL, N'2026-03-21 14:54:18', N'2026-03-21 14:54:18'),
    (78, 5, N'2026-02-04', 1, N'schedule', NULL, N'2026-03-21 14:54:18', N'2026-03-21 14:54:18'),
    (79, 5, N'2026-02-05', 1, N'schedule', NULL, N'2026-03-21 14:54:18', N'2026-03-21 14:54:18'),
    (80, 5, N'2026-02-06', 1, N'schedule', NULL, N'2026-03-21 14:54:18', N'2026-03-21 14:54:18'),
    (81, 5, N'2026-02-09', 1, N'schedule', NULL, N'2026-03-21 14:54:18', N'2026-03-21 14:54:18'),
    (82, 5, N'2026-02-10', 1, N'schedule', NULL, N'2026-03-21 14:54:18', N'2026-03-21 14:54:18'),
    (83, 5, N'2026-02-11', 1, N'schedule', NULL, N'2026-03-21 14:54:18', N'2026-03-21 14:54:18'),
    (84, 5, N'2026-02-12', 1, N'schedule', NULL, N'2026-03-21 14:54:18', N'2026-03-21 14:54:18'),
    (85, 5, N'2026-02-13', 1, N'schedule', NULL, N'2026-03-21 14:54:18', N'2026-03-21 14:54:18'),
    (86, 5, N'2026-02-16', 1, N'schedule', NULL, N'2026-03-21 14:54:18', N'2026-03-21 14:54:18'),
    (87, 5, N'2026-02-17', 1, N'schedule', NULL, N'2026-03-21 14:54:18', N'2026-03-21 14:54:18'),
    (88, 5, N'2026-02-18', 1, N'schedule', NULL, N'2026-03-21 14:54:18', N'2026-03-21 14:54:18'),
    (89, 5, N'2026-02-19', 1, N'schedule', NULL, N'2026-03-21 14:54:18', N'2026-03-21 14:54:18'),
    (90, 5, N'2026-02-20', 1, N'schedule', NULL, N'2026-03-21 14:54:18', N'2026-03-21 14:54:18'),
    (91, 5, N'2026-02-23', 1, N'schedule', NULL, N'2026-03-21 14:54:18', N'2026-03-21 14:54:18'),
    (92, 5, N'2026-02-24', 1, N'schedule', NULL, N'2026-03-21 14:54:18', N'2026-03-21 14:54:18'),
    (93, 5, N'2026-02-25', 1, N'schedule', NULL, N'2026-03-21 14:54:18', N'2026-03-21 14:54:18'),
    (94, 5, N'2026-02-26', 1, N'schedule', NULL, N'2026-03-21 14:54:18', N'2026-03-21 14:54:18'),
    (95, 5, N'2026-02-27', 1, N'schedule', NULL, N'2026-03-21 14:54:18', N'2026-03-21 14:54:18'),
    (96, 6, N'2026-02-03', 1, N'schedule', NULL, N'2026-03-21 14:54:18', N'2026-03-21 14:54:18'),
    (97, 6, N'2026-02-04', 1, N'schedule', NULL, N'2026-03-21 14:54:18', N'2026-03-21 14:54:18'),
    (98, 6, N'2026-02-05', 1, N'schedule', NULL, N'2026-03-21 14:54:18', N'2026-03-21 14:54:18'),
    (99, 6, N'2026-02-06', 1, N'schedule', NULL, N'2026-03-21 14:54:18', N'2026-03-21 14:54:18'),
    (100, 6, N'2026-02-09', 1, N'schedule', NULL, N'2026-03-21 14:54:18', N'2026-03-21 14:54:18'),
    (101, 6, N'2026-02-10', 1, N'schedule', NULL, N'2026-03-21 14:54:18', N'2026-03-21 14:54:18'),
    (102, 6, N'2026-02-11', 1, N'schedule', NULL, N'2026-03-21 14:54:18', N'2026-03-21 14:54:18'),
    (103, 6, N'2026-02-12', 1, N'schedule', NULL, N'2026-03-21 14:54:18', N'2026-03-21 14:54:18'),
    (104, 6, N'2026-02-13', 1, N'schedule', NULL, N'2026-03-21 14:54:18', N'2026-03-21 14:54:18'),
    (105, 6, N'2026-02-16', 1, N'schedule', NULL, N'2026-03-21 14:54:18', N'2026-03-21 14:54:18'),
    (106, 6, N'2026-02-17', 1, N'schedule', NULL, N'2026-03-21 14:54:18', N'2026-03-21 14:54:18'),
    (107, 6, N'2026-02-18', 1, N'schedule', NULL, N'2026-03-21 14:54:18', N'2026-03-21 14:54:18'),
    (108, 6, N'2026-02-19', 1, N'schedule', NULL, N'2026-03-21 14:54:18', N'2026-03-21 14:54:18'),
    (109, 6, N'2026-02-20', 1, N'schedule', NULL, N'2026-03-21 14:54:18', N'2026-03-21 14:54:18'),
    (110, 6, N'2026-02-23', 1, N'schedule', NULL, N'2026-03-21 14:54:18', N'2026-03-21 14:54:18'),
    (111, 6, N'2026-02-24', 1, N'schedule', NULL, N'2026-03-21 14:54:18', N'2026-03-21 14:54:18'),
    (112, 6, N'2026-02-25', 1, N'schedule', NULL, N'2026-03-21 14:54:18', N'2026-03-21 14:54:18'),
    (113, 6, N'2026-02-26', 1, N'schedule', NULL, N'2026-03-21 14:54:18', N'2026-03-21 14:54:18'),
    (114, 6, N'2026-02-27', 1, N'schedule', NULL, N'2026-03-21 14:54:18', N'2026-03-21 14:54:18'),
    (115, 7, N'2026-02-03', 2, N'schedule', NULL, N'2026-03-21 14:54:18', N'2026-03-21 14:54:18'),
    (116, 7, N'2026-02-04', 2, N'schedule', NULL, N'2026-03-21 14:54:18', N'2026-03-21 14:54:18'),
    (117, 7, N'2026-02-05', 2, N'schedule', NULL, N'2026-03-21 14:54:18', N'2026-03-21 14:54:18'),
    (118, 7, N'2026-02-06', 2, N'schedule', NULL, N'2026-03-21 14:54:18', N'2026-03-21 14:54:18'),
    (119, 7, N'2026-02-09', 2, N'schedule', NULL, N'2026-03-21 14:54:18', N'2026-03-21 14:54:18'),
    (120, 7, N'2026-02-10', 2, N'schedule', NULL, N'2026-03-21 14:54:18', N'2026-03-21 14:54:18'),
    (121, 7, N'2026-02-11', 2, N'schedule', NULL, N'2026-03-21 14:54:18', N'2026-03-21 14:54:18'),
    (122, 7, N'2026-02-12', 2, N'schedule', NULL, N'2026-03-21 14:54:18', N'2026-03-21 14:54:18'),
    (123, 7, N'2026-02-13', 2, N'schedule', NULL, N'2026-03-21 14:54:18', N'2026-03-21 14:54:18'),
    (124, 7, N'2026-02-16', 2, N'schedule', NULL, N'2026-03-21 14:54:18', N'2026-03-21 14:54:18'),
    (125, 7, N'2026-02-17', 2, N'schedule', NULL, N'2026-03-21 14:54:18', N'2026-03-21 14:54:18'),
    (126, 7, N'2026-02-18', 2, N'schedule', NULL, N'2026-03-21 14:54:18', N'2026-03-21 14:54:18'),
    (127, 7, N'2026-02-19', 2, N'schedule', NULL, N'2026-03-21 14:54:18', N'2026-03-21 14:54:18'),
    (128, 7, N'2026-02-20', 2, N'schedule', NULL, N'2026-03-21 14:54:18', N'2026-03-21 14:54:18'),
    (129, 7, N'2026-02-23', 2, N'schedule', NULL, N'2026-03-21 14:54:18', N'2026-03-21 14:54:18'),
    (130, 7, N'2026-02-24', 2, N'schedule', NULL, N'2026-03-21 14:54:18', N'2026-03-21 14:54:18'),
    (131, 7, N'2026-02-25', 2, N'schedule', NULL, N'2026-03-21 14:54:18', N'2026-03-21 14:54:18'),
    (132, 7, N'2026-02-26', 2, N'schedule', NULL, N'2026-03-21 14:54:18', N'2026-03-21 14:54:18'),
    (133, 7, N'2026-02-27', 2, N'schedule', NULL, N'2026-03-21 14:54:18', N'2026-03-21 14:54:18'),
    (134, 8, N'2026-02-03', 1, N'schedule', NULL, N'2026-03-21 14:54:18', N'2026-03-21 14:54:18'),
    (135, 8, N'2026-02-04', 1, N'schedule', NULL, N'2026-03-21 14:54:18', N'2026-03-21 14:54:18'),
    (136, 8, N'2026-02-05', 1, N'schedule', NULL, N'2026-03-21 14:54:18', N'2026-03-21 14:54:18'),
    (137, 8, N'2026-02-06', 1, N'schedule', NULL, N'2026-03-21 14:54:18', N'2026-03-21 14:54:18'),
    (138, 8, N'2026-02-09', 1, N'schedule', NULL, N'2026-03-21 14:54:18', N'2026-03-21 14:54:18'),
    (139, 8, N'2026-02-10', 1, N'schedule', NULL, N'2026-03-21 14:54:18', N'2026-03-21 14:54:18'),
    (140, 8, N'2026-02-11', 1, N'schedule', NULL, N'2026-03-21 14:54:18', N'2026-03-21 14:54:18'),
    (141, 8, N'2026-02-12', 1, N'schedule', NULL, N'2026-03-21 14:54:18', N'2026-03-21 14:54:18'),
    (142, 8, N'2026-02-13', 1, N'schedule', NULL, N'2026-03-21 14:54:18', N'2026-03-21 14:54:18'),
    (143, 8, N'2026-02-16', 1, N'schedule', NULL, N'2026-03-21 14:54:18', N'2026-03-21 14:54:18'),
    (144, 8, N'2026-02-17', 1, N'schedule', NULL, N'2026-03-21 14:54:18', N'2026-03-21 14:54:18'),
    (145, 8, N'2026-02-18', 1, N'schedule', NULL, N'2026-03-21 14:54:18', N'2026-03-21 14:54:18'),
    (146, 8, N'2026-02-19', 1, N'schedule', NULL, N'2026-03-21 14:54:18', N'2026-03-21 14:54:18'),
    (147, 8, N'2026-02-20', 1, N'schedule', NULL, N'2026-03-21 14:54:18', N'2026-03-21 14:54:18'),
    (148, 8, N'2026-02-23', 1, N'schedule', NULL, N'2026-03-21 14:54:18', N'2026-03-21 14:54:18'),
    (149, 8, N'2026-02-24', 1, N'schedule', NULL, N'2026-03-21 14:54:18', N'2026-03-21 14:54:18'),
    (150, 8, N'2026-02-25', 1, N'schedule', NULL, N'2026-03-21 14:54:18', N'2026-03-21 14:54:18'),
    (151, 8, N'2026-02-26', 1, N'schedule', NULL, N'2026-03-21 14:54:18', N'2026-03-21 14:54:18'),
    (152, 8, N'2026-02-27', 1, N'schedule', NULL, N'2026-03-21 14:54:18', N'2026-03-21 14:54:18'),
    (153, 9, N'2026-02-03', 3, N'schedule', NULL, N'2026-03-21 14:54:18', N'2026-03-21 14:54:18'),
    (154, 9, N'2026-02-04', 3, N'schedule', NULL, N'2026-03-21 14:54:18', N'2026-03-21 14:54:18'),
    (155, 9, N'2026-02-05', 3, N'schedule', NULL, N'2026-03-21 14:54:18', N'2026-03-21 14:54:18'),
    (156, 9, N'2026-02-06', 3, N'schedule', NULL, N'2026-03-21 14:54:18', N'2026-03-21 14:54:18'),
    (157, 9, N'2026-02-09', 3, N'schedule', NULL, N'2026-03-21 14:54:18', N'2026-03-21 14:54:18'),
    (158, 9, N'2026-02-10', 3, N'schedule', NULL, N'2026-03-21 14:54:18', N'2026-03-21 14:54:18'),
    (159, 9, N'2026-02-11', 3, N'schedule', NULL, N'2026-03-21 14:54:18', N'2026-03-21 14:54:18'),
    (160, 9, N'2026-02-12', 3, N'schedule', NULL, N'2026-03-21 14:54:18', N'2026-03-21 14:54:18'),
    (161, 9, N'2026-02-13', 3, N'schedule', NULL, N'2026-03-21 14:54:18', N'2026-03-21 14:54:18'),
    (162, 9, N'2026-02-16', 3, N'schedule', NULL, N'2026-03-21 14:54:18', N'2026-03-21 14:54:18'),
    (163, 9, N'2026-02-17', 3, N'schedule', NULL, N'2026-03-21 14:54:18', N'2026-03-21 14:54:18'),
    (164, 9, N'2026-02-18', 3, N'schedule', NULL, N'2026-03-21 14:54:18', N'2026-03-21 14:54:18'),
    (165, 9, N'2026-02-19', 3, N'schedule', NULL, N'2026-03-21 14:54:18', N'2026-03-21 14:54:18'),
    (166, 9, N'2026-02-20', 3, N'schedule', NULL, N'2026-03-21 14:54:18', N'2026-03-21 14:54:18'),
    (167, 9, N'2026-02-23', 3, N'schedule', NULL, N'2026-03-21 14:54:18', N'2026-03-21 14:54:18'),
    (168, 9, N'2026-02-24', 3, N'schedule', NULL, N'2026-03-21 14:54:18', N'2026-03-21 14:54:18'),
    (169, 9, N'2026-02-25', 3, N'schedule', NULL, N'2026-03-21 14:54:18', N'2026-03-21 14:54:18'),
    (170, 9, N'2026-02-26', 3, N'schedule', NULL, N'2026-03-21 14:54:18', N'2026-03-21 14:54:18'),
    (171, 9, N'2026-02-27', 3, N'schedule', NULL, N'2026-03-21 14:54:18', N'2026-03-21 14:54:18'),
    (172, 10, N'2026-02-03', 1, N'schedule', NULL, N'2026-03-21 14:54:18', N'2026-03-21 14:54:18'),
    (173, 10, N'2026-02-04', 1, N'schedule', NULL, N'2026-03-21 14:54:18', N'2026-03-21 14:54:18'),
    (174, 10, N'2026-02-05', 1, N'schedule', NULL, N'2026-03-21 14:54:18', N'2026-03-21 14:54:18'),
    (175, 10, N'2026-02-06', 1, N'schedule', NULL, N'2026-03-21 14:54:18', N'2026-03-21 14:54:18'),
    (176, 10, N'2026-02-09', 1, N'schedule', NULL, N'2026-03-21 14:54:18', N'2026-03-21 14:54:18'),
    (177, 10, N'2026-02-10', 1, N'schedule', NULL, N'2026-03-21 14:54:18', N'2026-03-21 14:54:18'),
    (178, 10, N'2026-02-11', 1, N'schedule', NULL, N'2026-03-21 14:54:18', N'2026-03-21 14:54:18'),
    (179, 10, N'2026-02-12', 1, N'schedule', NULL, N'2026-03-21 14:54:18', N'2026-03-21 14:54:18'),
    (180, 10, N'2026-02-13', 1, N'schedule', NULL, N'2026-03-21 14:54:18', N'2026-03-21 14:54:18'),
    (181, 10, N'2026-02-16', 1, N'schedule', NULL, N'2026-03-21 14:54:18', N'2026-03-21 14:54:18'),
    (182, 10, N'2026-02-17', 1, N'schedule', NULL, N'2026-03-21 14:54:18', N'2026-03-21 14:54:18'),
    (183, 10, N'2026-02-18', 1, N'schedule', NULL, N'2026-03-21 14:54:18', N'2026-03-21 14:54:18'),
    (184, 10, N'2026-02-19', 1, N'schedule', NULL, N'2026-03-21 14:54:18', N'2026-03-21 14:54:18'),
    (185, 10, N'2026-02-20', 1, N'schedule', NULL, N'2026-03-21 14:54:18', N'2026-03-21 14:54:18'),
    (186, 10, N'2026-02-23', 1, N'schedule', NULL, N'2026-03-21 14:54:18', N'2026-03-21 14:54:18'),
    (187, 10, N'2026-02-24', 1, N'schedule', NULL, N'2026-03-21 14:54:18', N'2026-03-21 14:54:18'),
    (188, 10, N'2026-02-25', 1, N'schedule', NULL, N'2026-03-21 14:54:18', N'2026-03-21 14:54:18'),
    (189, 10, N'2026-02-26', 1, N'schedule', NULL, N'2026-03-21 14:54:18', N'2026-03-21 14:54:18'),
    (190, 10, N'2026-02-27', 1, N'schedule', NULL, N'2026-03-21 14:54:18', N'2026-03-21 14:54:18'),
    (191, 11, N'2026-02-03', 2, N'schedule', NULL, N'2026-03-21 14:54:18', N'2026-03-21 14:54:18'),
    (192, 11, N'2026-02-04', 2, N'schedule', NULL, N'2026-03-21 14:54:18', N'2026-03-21 14:54:18'),
    (193, 11, N'2026-02-05', 2, N'schedule', NULL, N'2026-03-21 14:54:18', N'2026-03-21 14:54:18'),
    (194, 11, N'2026-02-06', 2, N'schedule', NULL, N'2026-03-21 14:54:18', N'2026-03-21 14:54:18'),
    (195, 11, N'2026-02-09', 2, N'schedule', NULL, N'2026-03-21 14:54:18', N'2026-03-21 14:54:18'),
    (196, 11, N'2026-02-10', 2, N'schedule', NULL, N'2026-03-21 14:54:18', N'2026-03-21 14:54:18'),
    (197, 11, N'2026-02-11', 2, N'schedule', NULL, N'2026-03-21 14:54:18', N'2026-03-21 14:54:18'),
    (198, 11, N'2026-02-12', 2, N'schedule', NULL, N'2026-03-21 14:54:18', N'2026-03-21 14:54:18'),
    (199, 11, N'2026-02-13', 2, N'schedule', NULL, N'2026-03-21 14:54:18', N'2026-03-21 14:54:18'),
    (200, 11, N'2026-02-16', 2, N'schedule', NULL, N'2026-03-21 14:54:18', N'2026-03-21 14:54:18'),
    (201, 11, N'2026-02-17', 2, N'schedule', NULL, N'2026-03-21 14:54:18', N'2026-03-21 14:54:18'),
    (202, 11, N'2026-02-18', 2, N'schedule', NULL, N'2026-03-21 14:54:18', N'2026-03-21 14:54:18'),
    (203, 11, N'2026-02-19', 2, N'schedule', NULL, N'2026-03-21 14:54:18', N'2026-03-21 14:54:18'),
    (204, 11, N'2026-02-20', 2, N'schedule', NULL, N'2026-03-21 14:54:18', N'2026-03-21 14:54:18'),
    (205, 11, N'2026-02-23', 2, N'schedule', NULL, N'2026-03-21 14:54:18', N'2026-03-21 14:54:18'),
    (206, 11, N'2026-02-24', 2, N'schedule', NULL, N'2026-03-21 14:54:18', N'2026-03-21 14:54:18'),
    (207, 11, N'2026-02-25', 2, N'schedule', NULL, N'2026-03-21 14:54:18', N'2026-03-21 14:54:18'),
    (208, 11, N'2026-02-26', 2, N'schedule', NULL, N'2026-03-21 14:54:18', N'2026-03-21 14:54:18'),
    (209, 11, N'2026-02-27', 2, N'schedule', NULL, N'2026-03-21 14:54:18', N'2026-03-21 14:54:18'),
    (210, 12, N'2026-02-03', 1, N'schedule', NULL, N'2026-03-21 14:54:18', N'2026-03-21 14:54:18'),
    (211, 12, N'2026-02-04', 1, N'schedule', NULL, N'2026-03-21 14:54:18', N'2026-03-21 14:54:18'),
    (212, 12, N'2026-02-05', 1, N'schedule', NULL, N'2026-03-21 14:54:18', N'2026-03-21 14:54:18'),
    (213, 12, N'2026-02-06', 1, N'schedule', NULL, N'2026-03-21 14:54:18', N'2026-03-21 14:54:18'),
    (214, 12, N'2026-02-09', 1, N'schedule', NULL, N'2026-03-21 14:54:18', N'2026-03-21 14:54:18'),
    (215, 12, N'2026-02-10', 1, N'schedule', NULL, N'2026-03-21 14:54:18', N'2026-03-21 14:54:18'),
    (216, 12, N'2026-02-11', 1, N'schedule', NULL, N'2026-03-21 14:54:18', N'2026-03-21 14:54:18'),
    (217, 12, N'2026-02-12', 1, N'schedule', NULL, N'2026-03-21 14:54:18', N'2026-03-21 14:54:18'),
    (218, 12, N'2026-02-13', 1, N'schedule', NULL, N'2026-03-21 14:54:18', N'2026-03-21 14:54:18'),
    (219, 12, N'2026-02-16', 1, N'schedule', NULL, N'2026-03-21 14:54:18', N'2026-03-21 14:54:18'),
    (220, 12, N'2026-02-17', 1, N'schedule', NULL, N'2026-03-21 14:54:18', N'2026-03-21 14:54:18'),
    (221, 12, N'2026-02-18', 1, N'schedule', NULL, N'2026-03-21 14:54:18', N'2026-03-21 14:54:18'),
    (222, 12, N'2026-02-19', 1, N'schedule', NULL, N'2026-03-21 14:54:18', N'2026-03-21 14:54:18'),
    (223, 12, N'2026-02-20', 1, N'schedule', NULL, N'2026-03-21 14:54:18', N'2026-03-21 14:54:18'),
    (224, 12, N'2026-02-23', 1, N'schedule', NULL, N'2026-03-21 14:54:18', N'2026-03-21 14:54:18'),
    (225, 12, N'2026-02-24', 1, N'schedule', NULL, N'2026-03-21 14:54:18', N'2026-03-21 14:54:18'),
    (226, 12, N'2026-02-25', 1, N'schedule', NULL, N'2026-03-21 14:54:18', N'2026-03-21 14:54:18'),
    (227, 12, N'2026-02-26', 1, N'schedule', NULL, N'2026-03-21 14:54:18', N'2026-03-21 14:54:18'),
    (228, 12, N'2026-02-27', 1, N'schedule', NULL, N'2026-03-21 14:54:18', N'2026-03-21 14:54:18'),
    (229, 13, N'2026-02-03', 1, N'schedule', NULL, N'2026-03-21 14:54:18', N'2026-03-21 14:54:18'),
    (230, 13, N'2026-02-04', 1, N'schedule', NULL, N'2026-03-21 14:54:18', N'2026-03-21 14:54:18'),
    (231, 13, N'2026-02-05', 1, N'schedule', NULL, N'2026-03-21 14:54:18', N'2026-03-21 14:54:18'),
    (232, 13, N'2026-02-06', 1, N'schedule', NULL, N'2026-03-21 14:54:18', N'2026-03-21 14:54:18'),
    (233, 13, N'2026-02-09', 1, N'schedule', NULL, N'2026-03-21 14:54:18', N'2026-03-21 14:54:18'),
    (234, 13, N'2026-02-10', 1, N'schedule', NULL, N'2026-03-21 14:54:18', N'2026-03-21 14:54:18'),
    (235, 13, N'2026-02-11', 1, N'schedule', NULL, N'2026-03-21 14:54:18', N'2026-03-21 14:54:18'),
    (236, 13, N'2026-02-12', 1, N'schedule', NULL, N'2026-03-21 14:54:18', N'2026-03-21 14:54:18'),
    (237, 13, N'2026-02-13', 1, N'schedule', NULL, N'2026-03-21 14:54:18', N'2026-03-21 14:54:18'),
    (238, 13, N'2026-02-16', 1, N'schedule', NULL, N'2026-03-21 14:54:18', N'2026-03-21 14:54:18'),
    (239, 13, N'2026-02-17', 1, N'schedule', NULL, N'2026-03-21 14:54:18', N'2026-03-21 14:54:18'),
    (240, 13, N'2026-02-18', 1, N'schedule', NULL, N'2026-03-21 14:54:18', N'2026-03-21 14:54:18'),
    (241, 13, N'2026-02-19', 1, N'schedule', NULL, N'2026-03-21 14:54:18', N'2026-03-21 14:54:18'),
    (242, 13, N'2026-02-20', 1, N'schedule', NULL, N'2026-03-21 14:54:18', N'2026-03-21 14:54:18'),
    (243, 13, N'2026-02-23', 1, N'schedule', NULL, N'2026-03-21 14:54:18', N'2026-03-21 14:54:18'),
    (244, 13, N'2026-02-24', 1, N'schedule', NULL, N'2026-03-21 14:54:18', N'2026-03-21 14:54:18'),
    (245, 13, N'2026-02-25', 1, N'schedule', NULL, N'2026-03-21 14:54:18', N'2026-03-21 14:54:18'),
    (246, 13, N'2026-02-26', 1, N'schedule', NULL, N'2026-03-21 14:54:18', N'2026-03-21 14:54:18'),
    (247, 13, N'2026-02-27', 1, N'schedule', NULL, N'2026-03-21 14:54:18', N'2026-03-21 14:54:18'),
    (248, 14, N'2026-02-03', 1, N'schedule', NULL, N'2026-03-21 14:54:18', N'2026-03-21 14:54:18'),
    (249, 14, N'2026-02-04', 1, N'schedule', NULL, N'2026-03-21 14:54:18', N'2026-03-21 14:54:18'),
    (250, 14, N'2026-02-05', 1, N'schedule', NULL, N'2026-03-21 14:54:18', N'2026-03-21 14:54:18');
GO

INSERT INTO [dbo].[shift_assignments] ([id], [employee_id], [work_date], [shift_id], [source], [note], [created_at], [updated_at])
VALUES
    (251, 14, N'2026-02-06', 1, N'schedule', NULL, N'2026-03-21 14:54:18', N'2026-03-21 14:54:18'),
    (252, 14, N'2026-02-09', 1, N'schedule', NULL, N'2026-03-21 14:54:18', N'2026-03-21 14:54:18'),
    (253, 14, N'2026-02-10', 1, N'schedule', NULL, N'2026-03-21 14:54:18', N'2026-03-21 14:54:18'),
    (254, 14, N'2026-02-11', 1, N'schedule', NULL, N'2026-03-21 14:54:18', N'2026-03-21 14:54:18'),
    (255, 14, N'2026-02-12', 1, N'schedule', NULL, N'2026-03-21 14:54:18', N'2026-03-21 14:54:18'),
    (256, 14, N'2026-02-13', 1, N'schedule', NULL, N'2026-03-21 14:54:18', N'2026-03-21 14:54:18'),
    (257, 14, N'2026-02-16', 1, N'schedule', NULL, N'2026-03-21 14:54:18', N'2026-03-21 14:54:18'),
    (258, 14, N'2026-02-17', 1, N'schedule', NULL, N'2026-03-21 14:54:18', N'2026-03-21 14:54:18'),
    (259, 14, N'2026-02-18', 1, N'schedule', NULL, N'2026-03-21 14:54:18', N'2026-03-21 14:54:18'),
    (260, 14, N'2026-02-19', 1, N'schedule', NULL, N'2026-03-21 14:54:18', N'2026-03-21 14:54:18'),
    (261, 14, N'2026-02-20', 1, N'schedule', NULL, N'2026-03-21 14:54:18', N'2026-03-21 14:54:18'),
    (262, 14, N'2026-02-23', 1, N'schedule', NULL, N'2026-03-21 14:54:18', N'2026-03-21 14:54:18'),
    (263, 14, N'2026-02-24', 1, N'schedule', NULL, N'2026-03-21 14:54:18', N'2026-03-21 14:54:18'),
    (264, 14, N'2026-02-25', 1, N'schedule', NULL, N'2026-03-21 14:54:18', N'2026-03-21 14:54:18'),
    (265, 14, N'2026-02-26', 1, N'schedule', NULL, N'2026-03-21 14:54:18', N'2026-03-21 14:54:18'),
    (266, 14, N'2026-02-27', 1, N'schedule', NULL, N'2026-03-21 14:54:18', N'2026-03-21 14:54:18'),
    (267, 15, N'2026-02-03', 1, N'schedule', NULL, N'2026-03-21 14:54:18', N'2026-03-21 14:54:18'),
    (268, 15, N'2026-02-04', 1, N'schedule', NULL, N'2026-03-21 14:54:18', N'2026-03-21 14:54:18'),
    (269, 15, N'2026-02-05', 1, N'schedule', NULL, N'2026-03-21 14:54:18', N'2026-03-21 14:54:18'),
    (270, 15, N'2026-02-06', 1, N'schedule', NULL, N'2026-03-21 14:54:18', N'2026-03-21 14:54:18'),
    (271, 15, N'2026-02-09', 1, N'schedule', NULL, N'2026-03-21 14:54:18', N'2026-03-21 14:54:18'),
    (272, 15, N'2026-02-10', 1, N'schedule', NULL, N'2026-03-21 14:54:18', N'2026-03-21 14:54:18'),
    (273, 15, N'2026-02-11', 1, N'schedule', NULL, N'2026-03-21 14:54:18', N'2026-03-21 14:54:18'),
    (274, 15, N'2026-02-12', 1, N'schedule', NULL, N'2026-03-21 14:54:18', N'2026-03-21 14:54:18'),
    (275, 15, N'2026-02-13', 1, N'schedule', NULL, N'2026-03-21 14:54:18', N'2026-03-21 14:54:18'),
    (276, 15, N'2026-02-16', 1, N'schedule', NULL, N'2026-03-21 14:54:18', N'2026-03-21 14:54:18'),
    (277, 15, N'2026-02-17', 1, N'schedule', NULL, N'2026-03-21 14:54:18', N'2026-03-21 14:54:18'),
    (278, 15, N'2026-02-18', 1, N'schedule', NULL, N'2026-03-21 14:54:18', N'2026-03-21 14:54:18'),
    (279, 15, N'2026-02-19', 1, N'schedule', NULL, N'2026-03-21 14:54:18', N'2026-03-21 14:54:18'),
    (280, 15, N'2026-02-20', 1, N'schedule', NULL, N'2026-03-21 14:54:18', N'2026-03-21 14:54:18'),
    (281, 15, N'2026-02-23', 1, N'schedule', NULL, N'2026-03-21 14:54:18', N'2026-03-21 14:54:18'),
    (282, 15, N'2026-02-24', 1, N'schedule', NULL, N'2026-03-21 14:54:18', N'2026-03-21 14:54:18'),
    (283, 15, N'2026-02-25', 1, N'schedule', NULL, N'2026-03-21 14:54:18', N'2026-03-21 14:54:18'),
    (284, 15, N'2026-02-26', 1, N'schedule', NULL, N'2026-03-21 14:54:18', N'2026-03-21 14:54:18'),
    (285, 15, N'2026-02-27', 1, N'schedule', NULL, N'2026-03-21 14:54:18', N'2026-03-21 14:54:18'),
    (286, 1, N'2026-03-02', 1, N'schedule', NULL, N'2026-03-21 14:54:18', N'2026-03-21 14:54:18'),
    (287, 1, N'2026-03-03', 1, N'schedule', NULL, N'2026-03-21 14:54:18', N'2026-03-21 14:54:18'),
    (288, 1, N'2026-03-04', 1, N'schedule', NULL, N'2026-03-21 14:54:18', N'2026-03-21 14:54:18'),
    (289, 1, N'2026-03-05', 1, N'schedule', NULL, N'2026-03-21 14:54:18', N'2026-03-21 14:54:18'),
    (290, 1, N'2026-03-06', 1, N'schedule', NULL, N'2026-03-21 14:54:18', N'2026-03-21 14:54:18'),
    (291, 1, N'2026-03-09', 1, N'schedule', NULL, N'2026-03-21 14:54:18', N'2026-03-21 14:54:18'),
    (292, 1, N'2026-03-10', 1, N'schedule', NULL, N'2026-03-21 14:54:18', N'2026-03-21 14:54:18'),
    (293, 1, N'2026-03-11', 1, N'schedule', NULL, N'2026-03-21 14:54:18', N'2026-03-21 14:54:18'),
    (294, 1, N'2026-03-12', 1, N'schedule', NULL, N'2026-03-21 14:54:18', N'2026-03-21 14:54:18'),
    (295, 1, N'2026-03-13', 1, N'schedule', NULL, N'2026-03-21 14:54:18', N'2026-03-21 14:54:18'),
    (296, 1, N'2026-03-16', 1, N'schedule', NULL, N'2026-03-21 14:54:18', N'2026-03-21 14:54:18'),
    (297, 1, N'2026-03-17', 1, N'schedule', NULL, N'2026-03-21 14:54:18', N'2026-03-21 14:54:18'),
    (298, 1, N'2026-03-18', 1, N'schedule', NULL, N'2026-03-21 14:54:18', N'2026-03-21 14:54:18'),
    (299, 1, N'2026-03-19', 1, N'schedule', NULL, N'2026-03-21 14:54:18', N'2026-03-21 14:54:18'),
    (300, 1, N'2026-03-20', 1, N'schedule', NULL, N'2026-03-21 14:54:18', N'2026-03-21 14:54:18'),
    (301, 2, N'2026-03-02', 1, N'schedule', NULL, N'2026-03-21 14:54:18', N'2026-03-21 14:54:18'),
    (302, 2, N'2026-03-03', 1, N'schedule', NULL, N'2026-03-21 14:54:18', N'2026-03-21 14:54:18'),
    (303, 2, N'2026-03-04', 1, N'schedule', NULL, N'2026-03-21 14:54:18', N'2026-03-21 14:54:18'),
    (304, 2, N'2026-03-05', 1, N'schedule', NULL, N'2026-03-21 14:54:18', N'2026-03-21 14:54:18'),
    (305, 2, N'2026-03-06', 1, N'schedule', NULL, N'2026-03-21 14:54:18', N'2026-03-21 14:54:18'),
    (306, 2, N'2026-03-09', 1, N'schedule', NULL, N'2026-03-21 14:54:18', N'2026-03-21 14:54:18'),
    (307, 2, N'2026-03-10', 1, N'schedule', NULL, N'2026-03-21 14:54:18', N'2026-03-21 14:54:18'),
    (308, 2, N'2026-03-11', 1, N'schedule', NULL, N'2026-03-21 14:54:18', N'2026-03-21 14:54:18'),
    (309, 2, N'2026-03-12', 1, N'schedule', NULL, N'2026-03-21 14:54:18', N'2026-03-21 14:54:18'),
    (310, 2, N'2026-03-13', 1, N'schedule', NULL, N'2026-03-21 14:54:18', N'2026-03-21 14:54:18'),
    (311, 2, N'2026-03-16', 1, N'schedule', NULL, N'2026-03-21 14:54:18', N'2026-03-21 14:54:18'),
    (312, 2, N'2026-03-17', 1, N'schedule', NULL, N'2026-03-21 14:54:18', N'2026-03-21 14:54:18'),
    (313, 2, N'2026-03-18', 1, N'schedule', NULL, N'2026-03-21 14:54:18', N'2026-03-21 14:54:18'),
    (314, 2, N'2026-03-19', 1, N'schedule', NULL, N'2026-03-21 14:54:18', N'2026-03-21 14:54:18'),
    (315, 2, N'2026-03-20', 1, N'schedule', NULL, N'2026-03-21 14:54:18', N'2026-03-21 14:54:18'),
    (316, 3, N'2026-03-02', 1, N'schedule', NULL, N'2026-03-21 14:54:18', N'2026-03-21 14:54:18'),
    (317, 3, N'2026-03-03', 1, N'schedule', NULL, N'2026-03-21 14:54:18', N'2026-03-21 14:54:18'),
    (318, 3, N'2026-03-04', 1, N'schedule', NULL, N'2026-03-21 14:54:18', N'2026-03-21 14:54:18'),
    (319, 3, N'2026-03-05', 1, N'schedule', NULL, N'2026-03-21 14:54:18', N'2026-03-21 14:54:18'),
    (320, 3, N'2026-03-06', 1, N'schedule', NULL, N'2026-03-21 14:54:18', N'2026-03-21 14:54:18'),
    (321, 3, N'2026-03-09', 1, N'schedule', NULL, N'2026-03-21 14:54:18', N'2026-03-21 14:54:18'),
    (322, 3, N'2026-03-10', 1, N'schedule', NULL, N'2026-03-21 14:54:18', N'2026-03-21 14:54:18'),
    (323, 3, N'2026-03-11', 1, N'schedule', NULL, N'2026-03-21 14:54:18', N'2026-03-21 14:54:18'),
    (324, 3, N'2026-03-12', 1, N'schedule', NULL, N'2026-03-21 14:54:18', N'2026-03-21 14:54:18'),
    (325, 3, N'2026-03-13', 1, N'schedule', NULL, N'2026-03-21 14:54:18', N'2026-03-21 14:54:18'),
    (326, 3, N'2026-03-16', 1, N'schedule', NULL, N'2026-03-21 14:54:18', N'2026-03-21 14:54:18'),
    (327, 3, N'2026-03-17', 1, N'schedule', NULL, N'2026-03-21 14:54:18', N'2026-03-21 14:54:18'),
    (328, 3, N'2026-03-18', 1, N'schedule', NULL, N'2026-03-21 14:54:18', N'2026-03-21 14:54:18'),
    (329, 3, N'2026-03-19', 1, N'schedule', NULL, N'2026-03-21 14:54:18', N'2026-03-21 14:54:18'),
    (330, 3, N'2026-03-20', 1, N'schedule', NULL, N'2026-03-21 14:54:18', N'2026-03-21 14:54:18'),
    (331, 4, N'2026-03-02', 1, N'schedule', NULL, N'2026-03-21 14:54:18', N'2026-03-21 14:54:18'),
    (332, 4, N'2026-03-03', 1, N'schedule', NULL, N'2026-03-21 14:54:18', N'2026-03-21 14:54:18'),
    (333, 4, N'2026-03-04', 1, N'schedule', NULL, N'2026-03-21 14:54:18', N'2026-03-21 14:54:18'),
    (334, 4, N'2026-03-05', 1, N'schedule', NULL, N'2026-03-21 14:54:18', N'2026-03-21 14:54:18'),
    (335, 4, N'2026-03-06', 1, N'schedule', NULL, N'2026-03-21 14:54:18', N'2026-03-21 14:54:18'),
    (336, 4, N'2026-03-09', 1, N'schedule', NULL, N'2026-03-21 14:54:18', N'2026-03-21 14:54:18'),
    (337, 4, N'2026-03-10', 1, N'schedule', NULL, N'2026-03-21 14:54:18', N'2026-03-21 14:54:18'),
    (338, 4, N'2026-03-11', 1, N'schedule', NULL, N'2026-03-21 14:54:18', N'2026-03-21 14:54:18'),
    (339, 4, N'2026-03-12', 1, N'schedule', NULL, N'2026-03-21 14:54:18', N'2026-03-21 14:54:18'),
    (340, 4, N'2026-03-13', 1, N'schedule', NULL, N'2026-03-21 14:54:18', N'2026-03-21 14:54:18'),
    (341, 4, N'2026-03-16', 1, N'schedule', NULL, N'2026-03-21 14:54:18', N'2026-03-21 14:54:18'),
    (342, 4, N'2026-03-17', 1, N'schedule', NULL, N'2026-03-21 14:54:18', N'2026-03-21 14:54:18'),
    (343, 4, N'2026-03-18', 1, N'schedule', NULL, N'2026-03-21 14:54:18', N'2026-03-21 14:54:18'),
    (344, 4, N'2026-03-19', 1, N'schedule', NULL, N'2026-03-21 14:54:18', N'2026-03-21 14:54:18'),
    (345, 4, N'2026-03-20', 1, N'schedule', NULL, N'2026-03-21 14:54:18', N'2026-03-21 14:54:18'),
    (346, 5, N'2026-03-02', 1, N'schedule', NULL, N'2026-03-21 14:54:18', N'2026-03-21 14:54:18'),
    (347, 5, N'2026-03-03', 1, N'schedule', NULL, N'2026-03-21 14:54:18', N'2026-03-21 14:54:18'),
    (348, 5, N'2026-03-04', 1, N'schedule', NULL, N'2026-03-21 14:54:18', N'2026-03-21 14:54:18'),
    (349, 5, N'2026-03-05', 1, N'schedule', NULL, N'2026-03-21 14:54:18', N'2026-03-21 14:54:18'),
    (350, 5, N'2026-03-06', 1, N'schedule', NULL, N'2026-03-21 14:54:18', N'2026-03-21 14:54:18'),
    (351, 5, N'2026-03-09', 1, N'schedule', NULL, N'2026-03-21 14:54:18', N'2026-03-21 14:54:18'),
    (352, 5, N'2026-03-10', 1, N'schedule', NULL, N'2026-03-21 14:54:18', N'2026-03-21 14:54:18'),
    (353, 5, N'2026-03-11', 1, N'schedule', NULL, N'2026-03-21 14:54:18', N'2026-03-21 14:54:18'),
    (354, 5, N'2026-03-12', 1, N'schedule', NULL, N'2026-03-21 14:54:18', N'2026-03-21 14:54:18'),
    (355, 5, N'2026-03-13', 1, N'schedule', NULL, N'2026-03-21 14:54:18', N'2026-03-21 14:54:18'),
    (356, 5, N'2026-03-16', 1, N'schedule', NULL, N'2026-03-21 14:54:18', N'2026-03-21 14:54:18'),
    (357, 5, N'2026-03-17', 1, N'schedule', NULL, N'2026-03-21 14:54:18', N'2026-03-21 14:54:18'),
    (358, 5, N'2026-03-18', 1, N'schedule', NULL, N'2026-03-21 14:54:18', N'2026-03-21 14:54:18'),
    (359, 5, N'2026-03-19', 1, N'schedule', NULL, N'2026-03-21 14:54:18', N'2026-03-21 14:54:18'),
    (360, 5, N'2026-03-20', 1, N'schedule', NULL, N'2026-03-21 14:54:18', N'2026-03-21 14:54:18'),
    (361, 6, N'2026-03-02', 1, N'schedule', NULL, N'2026-03-21 14:54:18', N'2026-03-21 14:54:18'),
    (362, 6, N'2026-03-03', 1, N'schedule', NULL, N'2026-03-21 14:54:18', N'2026-03-21 14:54:18'),
    (363, 6, N'2026-03-04', 1, N'schedule', NULL, N'2026-03-21 14:54:18', N'2026-03-21 14:54:18'),
    (364, 6, N'2026-03-05', 1, N'schedule', NULL, N'2026-03-21 14:54:18', N'2026-03-21 14:54:18'),
    (365, 6, N'2026-03-06', 1, N'schedule', NULL, N'2026-03-21 14:54:18', N'2026-03-21 14:54:18'),
    (366, 6, N'2026-03-09', 1, N'schedule', NULL, N'2026-03-21 14:54:18', N'2026-03-21 14:54:18'),
    (367, 6, N'2026-03-10', 1, N'schedule', NULL, N'2026-03-21 14:54:18', N'2026-03-21 14:54:18'),
    (368, 6, N'2026-03-11', 1, N'schedule', NULL, N'2026-03-21 14:54:18', N'2026-03-21 14:54:18'),
    (369, 6, N'2026-03-12', 1, N'schedule', NULL, N'2026-03-21 14:54:18', N'2026-03-21 14:54:18'),
    (370, 6, N'2026-03-13', 1, N'schedule', NULL, N'2026-03-21 14:54:18', N'2026-03-21 14:54:18'),
    (371, 6, N'2026-03-16', 1, N'schedule', NULL, N'2026-03-21 14:54:18', N'2026-03-21 14:54:18'),
    (372, 6, N'2026-03-17', 1, N'schedule', NULL, N'2026-03-21 14:54:18', N'2026-03-21 14:54:18'),
    (373, 6, N'2026-03-18', 1, N'schedule', NULL, N'2026-03-21 14:54:18', N'2026-03-21 14:54:18'),
    (374, 6, N'2026-03-19', 1, N'schedule', NULL, N'2026-03-21 14:54:18', N'2026-03-21 14:54:18'),
    (375, 6, N'2026-03-20', 1, N'schedule', NULL, N'2026-03-21 14:54:18', N'2026-03-21 14:54:18'),
    (376, 7, N'2026-03-02', 2, N'schedule', NULL, N'2026-03-21 14:54:18', N'2026-03-21 14:54:18'),
    (377, 7, N'2026-03-03', 2, N'schedule', NULL, N'2026-03-21 14:54:18', N'2026-03-21 14:54:18'),
    (378, 7, N'2026-03-04', 2, N'schedule', NULL, N'2026-03-21 14:54:18', N'2026-03-21 14:54:18'),
    (379, 7, N'2026-03-05', 2, N'schedule', NULL, N'2026-03-21 14:54:18', N'2026-03-21 14:54:18'),
    (380, 7, N'2026-03-06', 2, N'schedule', NULL, N'2026-03-21 14:54:18', N'2026-03-21 14:54:18'),
    (381, 7, N'2026-03-09', 2, N'schedule', NULL, N'2026-03-21 14:54:18', N'2026-03-21 14:54:18'),
    (382, 7, N'2026-03-10', 2, N'schedule', NULL, N'2026-03-21 14:54:18', N'2026-03-21 14:54:18'),
    (383, 7, N'2026-03-11', 2, N'schedule', NULL, N'2026-03-21 14:54:18', N'2026-03-21 14:54:18'),
    (384, 7, N'2026-03-12', 2, N'schedule', NULL, N'2026-03-21 14:54:18', N'2026-03-21 14:54:18'),
    (385, 7, N'2026-03-13', 2, N'schedule', NULL, N'2026-03-21 14:54:18', N'2026-03-21 14:54:18'),
    (386, 7, N'2026-03-16', 2, N'schedule', NULL, N'2026-03-21 14:54:18', N'2026-03-21 14:54:18'),
    (387, 7, N'2026-03-17', 2, N'schedule', NULL, N'2026-03-21 14:54:18', N'2026-03-21 14:54:18'),
    (388, 7, N'2026-03-18', 2, N'schedule', NULL, N'2026-03-21 14:54:18', N'2026-03-21 14:54:18'),
    (389, 7, N'2026-03-19', 2, N'schedule', NULL, N'2026-03-21 14:54:18', N'2026-03-21 14:54:18'),
    (390, 7, N'2026-03-20', 2, N'schedule', NULL, N'2026-03-21 14:54:18', N'2026-03-21 14:54:18'),
    (391, 8, N'2026-03-02', 1, N'schedule', NULL, N'2026-03-21 14:54:18', N'2026-03-21 14:54:18'),
    (392, 8, N'2026-03-03', 1, N'schedule', NULL, N'2026-03-21 14:54:18', N'2026-03-21 14:54:18'),
    (393, 8, N'2026-03-04', 1, N'schedule', NULL, N'2026-03-21 14:54:18', N'2026-03-21 14:54:18'),
    (394, 8, N'2026-03-05', 1, N'schedule', NULL, N'2026-03-21 14:54:18', N'2026-03-21 14:54:18'),
    (395, 8, N'2026-03-06', 1, N'schedule', NULL, N'2026-03-21 14:54:18', N'2026-03-21 14:54:18'),
    (396, 8, N'2026-03-09', 1, N'schedule', NULL, N'2026-03-21 14:54:18', N'2026-03-21 14:54:18'),
    (397, 8, N'2026-03-10', 1, N'schedule', NULL, N'2026-03-21 14:54:18', N'2026-03-21 14:54:18'),
    (398, 8, N'2026-03-11', 1, N'schedule', NULL, N'2026-03-21 14:54:18', N'2026-03-21 14:54:18'),
    (399, 8, N'2026-03-12', 1, N'schedule', NULL, N'2026-03-21 14:54:18', N'2026-03-21 14:54:18'),
    (400, 8, N'2026-03-13', 1, N'schedule', NULL, N'2026-03-21 14:54:18', N'2026-03-21 14:54:18'),
    (401, 8, N'2026-03-16', 1, N'schedule', NULL, N'2026-03-21 14:54:18', N'2026-03-21 14:54:18'),
    (402, 8, N'2026-03-17', 1, N'schedule', NULL, N'2026-03-21 14:54:18', N'2026-03-21 14:54:18'),
    (403, 8, N'2026-03-18', 1, N'schedule', NULL, N'2026-03-21 14:54:18', N'2026-03-21 14:54:18'),
    (404, 8, N'2026-03-19', 1, N'schedule', NULL, N'2026-03-21 14:54:18', N'2026-03-21 14:54:18'),
    (405, 8, N'2026-03-20', 1, N'schedule', NULL, N'2026-03-21 14:54:18', N'2026-03-21 14:54:18'),
    (406, 9, N'2026-03-02', 3, N'schedule', NULL, N'2026-03-21 14:54:18', N'2026-03-21 14:54:18'),
    (407, 9, N'2026-03-03', 3, N'schedule', NULL, N'2026-03-21 14:54:18', N'2026-03-21 14:54:18'),
    (408, 9, N'2026-03-04', 3, N'schedule', NULL, N'2026-03-21 14:54:18', N'2026-03-21 14:54:18'),
    (409, 9, N'2026-03-05', 3, N'schedule', NULL, N'2026-03-21 14:54:18', N'2026-03-21 14:54:18'),
    (410, 9, N'2026-03-06', 3, N'schedule', NULL, N'2026-03-21 14:54:18', N'2026-03-21 14:54:18'),
    (411, 9, N'2026-03-09', 3, N'schedule', NULL, N'2026-03-21 14:54:18', N'2026-03-21 14:54:18'),
    (412, 9, N'2026-03-10', 3, N'schedule', NULL, N'2026-03-21 14:54:18', N'2026-03-21 14:54:18'),
    (413, 9, N'2026-03-11', 3, N'schedule', NULL, N'2026-03-21 14:54:18', N'2026-03-21 14:54:18'),
    (414, 9, N'2026-03-12', 3, N'schedule', NULL, N'2026-03-21 14:54:18', N'2026-03-21 14:54:18'),
    (415, 9, N'2026-03-13', 3, N'schedule', NULL, N'2026-03-21 14:54:18', N'2026-03-21 14:54:18'),
    (416, 9, N'2026-03-16', 3, N'schedule', NULL, N'2026-03-21 14:54:18', N'2026-03-21 14:54:18'),
    (417, 9, N'2026-03-17', 3, N'schedule', NULL, N'2026-03-21 14:54:18', N'2026-03-21 14:54:18'),
    (418, 9, N'2026-03-18', 3, N'schedule', NULL, N'2026-03-21 14:54:18', N'2026-03-21 14:54:18'),
    (419, 9, N'2026-03-19', 3, N'schedule', NULL, N'2026-03-21 14:54:18', N'2026-03-21 14:54:18'),
    (420, 9, N'2026-03-20', 3, N'schedule', NULL, N'2026-03-21 14:54:18', N'2026-03-21 14:54:18'),
    (421, 10, N'2026-03-02', 1, N'schedule', NULL, N'2026-03-21 14:54:18', N'2026-03-21 14:54:18'),
    (422, 10, N'2026-03-03', 1, N'schedule', NULL, N'2026-03-21 14:54:18', N'2026-03-21 14:54:18'),
    (423, 10, N'2026-03-04', 1, N'schedule', NULL, N'2026-03-21 14:54:18', N'2026-03-21 14:54:18'),
    (424, 10, N'2026-03-05', 1, N'schedule', NULL, N'2026-03-21 14:54:18', N'2026-03-21 14:54:18'),
    (425, 10, N'2026-03-06', 1, N'schedule', NULL, N'2026-03-21 14:54:18', N'2026-03-21 14:54:18'),
    (426, 10, N'2026-03-09', 1, N'schedule', NULL, N'2026-03-21 14:54:18', N'2026-03-21 14:54:18'),
    (427, 10, N'2026-03-10', 1, N'schedule', NULL, N'2026-03-21 14:54:18', N'2026-03-21 14:54:18'),
    (428, 10, N'2026-03-11', 1, N'schedule', NULL, N'2026-03-21 14:54:18', N'2026-03-21 14:54:18'),
    (429, 10, N'2026-03-12', 1, N'schedule', NULL, N'2026-03-21 14:54:18', N'2026-03-21 14:54:18'),
    (430, 10, N'2026-03-13', 1, N'schedule', NULL, N'2026-03-21 14:54:18', N'2026-03-21 14:54:18'),
    (431, 10, N'2026-03-16', 1, N'schedule', NULL, N'2026-03-21 14:54:18', N'2026-03-21 14:54:18'),
    (432, 10, N'2026-03-17', 1, N'schedule', NULL, N'2026-03-21 14:54:18', N'2026-03-21 14:54:18'),
    (433, 10, N'2026-03-18', 1, N'schedule', NULL, N'2026-03-21 14:54:18', N'2026-03-21 14:54:18'),
    (434, 10, N'2026-03-19', 1, N'schedule', NULL, N'2026-03-21 14:54:18', N'2026-03-21 14:54:18'),
    (435, 10, N'2026-03-20', 1, N'schedule', NULL, N'2026-03-21 14:54:18', N'2026-03-21 14:54:18'),
    (436, 11, N'2026-03-02', 2, N'schedule', NULL, N'2026-03-21 14:54:18', N'2026-03-21 14:54:18'),
    (437, 11, N'2026-03-03', 2, N'schedule', NULL, N'2026-03-21 14:54:18', N'2026-03-21 14:54:18'),
    (438, 11, N'2026-03-04', 2, N'schedule', NULL, N'2026-03-21 14:54:18', N'2026-03-21 14:54:18'),
    (439, 11, N'2026-03-05', 2, N'schedule', NULL, N'2026-03-21 14:54:18', N'2026-03-21 14:54:18'),
    (440, 11, N'2026-03-06', 2, N'schedule', NULL, N'2026-03-21 14:54:18', N'2026-03-21 14:54:18'),
    (441, 11, N'2026-03-09', 2, N'schedule', NULL, N'2026-03-21 14:54:18', N'2026-03-21 14:54:18'),
    (442, 11, N'2026-03-10', 2, N'schedule', NULL, N'2026-03-21 14:54:18', N'2026-03-21 14:54:18'),
    (443, 11, N'2026-03-11', 2, N'schedule', NULL, N'2026-03-21 14:54:18', N'2026-03-21 14:54:18'),
    (444, 11, N'2026-03-12', 2, N'schedule', NULL, N'2026-03-21 14:54:18', N'2026-03-21 14:54:18'),
    (445, 11, N'2026-03-13', 2, N'schedule', NULL, N'2026-03-21 14:54:18', N'2026-03-21 14:54:18'),
    (446, 11, N'2026-03-16', 2, N'schedule', NULL, N'2026-03-21 14:54:18', N'2026-03-21 14:54:18'),
    (447, 11, N'2026-03-17', 2, N'schedule', NULL, N'2026-03-21 14:54:18', N'2026-03-21 14:54:18'),
    (448, 11, N'2026-03-18', 2, N'schedule', NULL, N'2026-03-21 14:54:18', N'2026-03-21 14:54:18'),
    (449, 11, N'2026-03-19', 2, N'schedule', NULL, N'2026-03-21 14:54:18', N'2026-03-21 14:54:18'),
    (450, 11, N'2026-03-20', 2, N'schedule', NULL, N'2026-03-21 14:54:18', N'2026-03-21 14:54:18'),
    (451, 12, N'2026-03-02', 1, N'schedule', NULL, N'2026-03-21 14:54:18', N'2026-03-21 14:54:18'),
    (452, 12, N'2026-03-03', 1, N'schedule', NULL, N'2026-03-21 14:54:18', N'2026-03-21 14:54:18'),
    (453, 12, N'2026-03-04', 1, N'schedule', NULL, N'2026-03-21 14:54:18', N'2026-03-21 14:54:18'),
    (454, 12, N'2026-03-05', 1, N'schedule', NULL, N'2026-03-21 14:54:18', N'2026-03-21 14:54:18'),
    (455, 12, N'2026-03-06', 1, N'schedule', NULL, N'2026-03-21 14:54:18', N'2026-03-21 14:54:18'),
    (456, 12, N'2026-03-09', 1, N'schedule', NULL, N'2026-03-21 14:54:18', N'2026-03-21 14:54:18'),
    (457, 12, N'2026-03-10', 1, N'schedule', NULL, N'2026-03-21 14:54:18', N'2026-03-21 14:54:18'),
    (458, 12, N'2026-03-11', 1, N'schedule', NULL, N'2026-03-21 14:54:18', N'2026-03-21 14:54:18'),
    (459, 12, N'2026-03-12', 1, N'schedule', NULL, N'2026-03-21 14:54:18', N'2026-03-21 14:54:18'),
    (460, 12, N'2026-03-13', 1, N'schedule', NULL, N'2026-03-21 14:54:18', N'2026-03-21 14:54:18'),
    (461, 12, N'2026-03-16', 1, N'schedule', NULL, N'2026-03-21 14:54:18', N'2026-03-21 14:54:18'),
    (462, 12, N'2026-03-17', 1, N'schedule', NULL, N'2026-03-21 14:54:18', N'2026-03-21 14:54:18'),
    (463, 12, N'2026-03-18', 1, N'schedule', NULL, N'2026-03-21 14:54:18', N'2026-03-21 14:54:18'),
    (464, 12, N'2026-03-19', 1, N'schedule', NULL, N'2026-03-21 14:54:18', N'2026-03-21 14:54:18'),
    (465, 12, N'2026-03-20', 1, N'schedule', NULL, N'2026-03-21 14:54:18', N'2026-03-21 14:54:18'),
    (466, 13, N'2026-03-02', 1, N'schedule', NULL, N'2026-03-21 14:54:18', N'2026-03-21 14:54:18'),
    (467, 13, N'2026-03-03', 1, N'schedule', NULL, N'2026-03-21 14:54:18', N'2026-03-21 14:54:18'),
    (468, 13, N'2026-03-04', 1, N'schedule', NULL, N'2026-03-21 14:54:18', N'2026-03-21 14:54:18'),
    (469, 13, N'2026-03-05', 1, N'schedule', NULL, N'2026-03-21 14:54:18', N'2026-03-21 14:54:18'),
    (470, 13, N'2026-03-06', 1, N'schedule', NULL, N'2026-03-21 14:54:18', N'2026-03-21 14:54:18'),
    (471, 13, N'2026-03-09', 1, N'schedule', NULL, N'2026-03-21 14:54:18', N'2026-03-21 14:54:18'),
    (472, 13, N'2026-03-10', 1, N'schedule', NULL, N'2026-03-21 14:54:18', N'2026-03-21 14:54:18'),
    (473, 13, N'2026-03-11', 1, N'schedule', NULL, N'2026-03-21 14:54:18', N'2026-03-21 14:54:18'),
    (474, 13, N'2026-03-12', 1, N'schedule', NULL, N'2026-03-21 14:54:18', N'2026-03-21 14:54:18'),
    (475, 13, N'2026-03-13', 1, N'schedule', NULL, N'2026-03-21 14:54:18', N'2026-03-21 14:54:18'),
    (476, 13, N'2026-03-16', 1, N'schedule', NULL, N'2026-03-21 14:54:18', N'2026-03-21 14:54:18'),
    (477, 13, N'2026-03-17', 1, N'schedule', NULL, N'2026-03-21 14:54:18', N'2026-03-21 14:54:18'),
    (478, 13, N'2026-03-18', 1, N'schedule', NULL, N'2026-03-21 14:54:18', N'2026-03-21 14:54:18'),
    (479, 13, N'2026-03-19', 1, N'schedule', NULL, N'2026-03-21 14:54:18', N'2026-03-21 14:54:18'),
    (480, 13, N'2026-03-20', 1, N'schedule', NULL, N'2026-03-21 14:54:18', N'2026-03-21 14:54:18'),
    (481, 14, N'2026-03-02', 1, N'schedule', NULL, N'2026-03-21 14:54:18', N'2026-03-21 14:54:18'),
    (482, 14, N'2026-03-03', 1, N'schedule', NULL, N'2026-03-21 14:54:18', N'2026-03-21 14:54:18'),
    (483, 14, N'2026-03-04', 1, N'schedule', NULL, N'2026-03-21 14:54:18', N'2026-03-21 14:54:18'),
    (484, 14, N'2026-03-05', 1, N'schedule', NULL, N'2026-03-21 14:54:18', N'2026-03-21 14:54:18'),
    (485, 14, N'2026-03-06', 1, N'schedule', NULL, N'2026-03-21 14:54:18', N'2026-03-21 14:54:18'),
    (486, 14, N'2026-03-09', 1, N'schedule', NULL, N'2026-03-21 14:54:18', N'2026-03-21 14:54:18'),
    (487, 14, N'2026-03-10', 1, N'schedule', NULL, N'2026-03-21 14:54:18', N'2026-03-21 14:54:18'),
    (488, 14, N'2026-03-11', 1, N'schedule', NULL, N'2026-03-21 14:54:18', N'2026-03-21 14:54:18'),
    (489, 14, N'2026-03-12', 1, N'schedule', NULL, N'2026-03-21 14:54:18', N'2026-03-21 14:54:18'),
    (490, 14, N'2026-03-13', 1, N'schedule', NULL, N'2026-03-21 14:54:18', N'2026-03-21 14:54:18'),
    (491, 14, N'2026-03-16', 1, N'schedule', NULL, N'2026-03-21 14:54:18', N'2026-03-21 14:54:18'),
    (492, 14, N'2026-03-17', 1, N'schedule', NULL, N'2026-03-21 14:54:18', N'2026-03-21 14:54:18'),
    (493, 14, N'2026-03-18', 1, N'schedule', NULL, N'2026-03-21 14:54:18', N'2026-03-21 14:54:18'),
    (494, 14, N'2026-03-19', 1, N'schedule', NULL, N'2026-03-21 14:54:18', N'2026-03-21 14:54:18'),
    (495, 14, N'2026-03-20', 1, N'schedule', NULL, N'2026-03-21 14:54:18', N'2026-03-21 14:54:18'),
    (496, 15, N'2026-03-02', 1, N'schedule', NULL, N'2026-03-21 14:54:18', N'2026-03-21 14:54:18'),
    (497, 15, N'2026-03-03', 1, N'schedule', NULL, N'2026-03-21 14:54:18', N'2026-03-21 14:54:18'),
    (498, 15, N'2026-03-04', 1, N'schedule', NULL, N'2026-03-21 14:54:18', N'2026-03-21 14:54:18'),
    (499, 15, N'2026-03-05', 1, N'schedule', NULL, N'2026-03-21 14:54:18', N'2026-03-21 14:54:18'),
    (500, 15, N'2026-03-06', 1, N'schedule', NULL, N'2026-03-21 14:54:18', N'2026-03-21 14:54:18');
GO

INSERT INTO [dbo].[shift_assignments] ([id], [employee_id], [work_date], [shift_id], [source], [note], [created_at], [updated_at])
VALUES
    (501, 15, N'2026-03-09', 1, N'schedule', NULL, N'2026-03-21 14:54:18', N'2026-03-21 14:54:18'),
    (502, 15, N'2026-03-10', 1, N'schedule', NULL, N'2026-03-21 14:54:18', N'2026-03-21 14:54:18'),
    (503, 15, N'2026-03-11', 1, N'schedule', NULL, N'2026-03-21 14:54:18', N'2026-03-21 14:54:18'),
    (504, 15, N'2026-03-12', 1, N'schedule', NULL, N'2026-03-21 14:54:18', N'2026-03-21 14:54:18'),
    (505, 15, N'2026-03-13', 1, N'schedule', NULL, N'2026-03-21 14:54:18', N'2026-03-21 14:54:18'),
    (506, 15, N'2026-03-16', 1, N'schedule', NULL, N'2026-03-21 14:54:18', N'2026-03-21 14:54:18'),
    (507, 15, N'2026-03-17', 1, N'schedule', NULL, N'2026-03-21 14:54:18', N'2026-03-21 14:54:18'),
    (508, 15, N'2026-03-18', 1, N'schedule', NULL, N'2026-03-21 14:54:18', N'2026-03-21 14:54:18'),
    (509, 15, N'2026-03-19', 1, N'schedule', NULL, N'2026-03-21 14:54:18', N'2026-03-21 14:54:18'),
    (510, 15, N'2026-03-20', 1, N'schedule', NULL, N'2026-03-21 14:54:18', N'2026-03-21 14:54:18');
GO

SET IDENTITY_INSERT [dbo].[shift_assignments] OFF;
GO

SET IDENTITY_INSERT [dbo].[time_logs] ON;
GO
INSERT INTO [dbo].[time_logs] ([id], [employee_id], [log_time], [machine_number], [log_type], [source], [is_valid], [invalid_reason], [raw_ref], [created_at])
VALUES
    (1, 1, N'2026-02-03 07:57:00', N'MC01', N'in', N'machine', 1, NULL, N'RAW-1-2026-02-03-IN', N'2026-03-21 14:54:18'),
    (2, 1, N'2026-02-03 16:58:00', N'MC01', N'out', N'machine', 1, NULL, N'RAW-1-2026-02-03-OUT', N'2026-03-21 14:54:18'),
    (3, 1, N'2026-02-04 07:58:00', N'MC01', N'in', N'machine', 1, NULL, N'RAW-1-2026-02-04-IN', N'2026-03-21 14:54:18'),
    (4, 1, N'2026-02-04 17:02:00', N'MC01', N'out', N'machine', 1, NULL, N'RAW-1-2026-02-04-OUT', N'2026-03-21 14:54:18'),
    (5, 1, N'2026-02-05 08:00:00', N'MC01', N'in', N'machine', 1, NULL, N'RAW-1-2026-02-05-IN', N'2026-03-21 14:54:18'),
    (6, 1, N'2026-02-05 16:58:00', N'MC01', N'out', N'machine', 1, NULL, N'RAW-1-2026-02-05-OUT', N'2026-03-21 14:54:18'),
    (7, 1, N'2026-02-06 08:02:00', N'MC01', N'in', N'machine', 1, NULL, N'RAW-1-2026-02-06-IN', N'2026-03-21 14:54:18'),
    (8, 1, N'2026-02-06 16:59:00', N'MC01', N'out', N'machine', 1, NULL, N'RAW-1-2026-02-06-OUT', N'2026-03-21 14:54:18'),
    (9, 1, N'2026-02-09 08:01:00', N'MC01', N'in', N'machine', 1, NULL, N'RAW-1-2026-02-09-IN', N'2026-03-21 14:54:18'),
    (10, 1, N'2026-02-09 17:01:00', N'MC01', N'out', N'machine', 1, NULL, N'RAW-1-2026-02-09-OUT', N'2026-03-21 14:54:18'),
    (11, 1, N'2026-02-10 07:57:00', N'MC01', N'in', N'machine', 1, NULL, N'RAW-1-2026-02-10-IN', N'2026-03-21 14:54:18'),
    (12, 1, N'2026-02-10 17:03:00', N'MC01', N'out', N'machine', 1, NULL, N'RAW-1-2026-02-10-OUT', N'2026-03-21 14:54:18'),
    (13, 1, N'2026-02-11 08:02:00', N'MC01', N'in', N'machine', 1, NULL, N'RAW-1-2026-02-11-IN', N'2026-03-21 14:54:18'),
    (14, 1, N'2026-02-11 16:59:00', N'MC01', N'out', N'machine', 1, NULL, N'RAW-1-2026-02-11-OUT', N'2026-03-21 14:54:18'),
    (15, 1, N'2026-02-12 08:01:00', N'MC01', N'in', N'machine', 1, NULL, N'RAW-1-2026-02-12-IN', N'2026-03-21 14:54:18'),
    (16, 1, N'2026-02-12 16:59:00', N'MC01', N'out', N'machine', 1, NULL, N'RAW-1-2026-02-12-OUT', N'2026-03-21 14:54:18'),
    (17, 1, N'2026-02-13 08:02:00', N'MC01', N'in', N'machine', 1, NULL, N'RAW-1-2026-02-13-IN', N'2026-03-21 14:54:18'),
    (18, 1, N'2026-02-13 16:58:00', N'MC01', N'out', N'machine', 1, NULL, N'RAW-1-2026-02-13-OUT', N'2026-03-21 14:54:18'),
    (19, 1, N'2026-02-16 07:57:00', N'MC01', N'in', N'machine', 1, NULL, N'RAW-1-2026-02-16-IN', N'2026-03-21 14:54:18'),
    (20, 1, N'2026-02-16 16:58:00', N'MC01', N'out', N'machine', 1, NULL, N'RAW-1-2026-02-16-OUT', N'2026-03-21 14:54:18'),
    (21, 1, N'2026-02-17 07:57:00', N'MC01', N'in', N'machine', 1, NULL, N'RAW-1-2026-02-17-IN', N'2026-03-21 14:54:18'),
    (22, 1, N'2026-02-17 17:00:00', N'MC01', N'out', N'machine', 1, NULL, N'RAW-1-2026-02-17-OUT', N'2026-03-21 14:54:18'),
    (23, 1, N'2026-02-18 07:57:00', N'MC01', N'in', N'machine', 1, NULL, N'RAW-1-2026-02-18-IN', N'2026-03-21 14:54:18'),
    (24, 1, N'2026-02-18 17:02:00', N'MC01', N'out', N'machine', 1, NULL, N'RAW-1-2026-02-18-OUT', N'2026-03-21 14:54:18'),
    (25, 1, N'2026-02-19 08:01:00', N'MC01', N'in', N'machine', 1, NULL, N'RAW-1-2026-02-19-IN', N'2026-03-21 14:54:18'),
    (26, 1, N'2026-02-19 16:58:00', N'MC01', N'out', N'machine', 1, NULL, N'RAW-1-2026-02-19-OUT', N'2026-03-21 14:54:18'),
    (27, 1, N'2026-02-20 08:00:00', N'MC01', N'in', N'machine', 1, NULL, N'RAW-1-2026-02-20-IN', N'2026-03-21 14:54:18'),
    (28, 1, N'2026-02-20 16:58:00', N'MC01', N'out', N'machine', 1, NULL, N'RAW-1-2026-02-20-OUT', N'2026-03-21 14:54:18'),
    (29, 1, N'2026-02-23 07:58:00', N'MC01', N'in', N'machine', 1, NULL, N'RAW-1-2026-02-23-IN', N'2026-03-21 14:54:18'),
    (30, 1, N'2026-02-23 16:59:00', N'MC01', N'out', N'machine', 1, NULL, N'RAW-1-2026-02-23-OUT', N'2026-03-21 14:54:18'),
    (31, 1, N'2026-02-24 07:57:00', N'MC01', N'in', N'machine', 1, NULL, N'RAW-1-2026-02-24-IN', N'2026-03-21 14:54:18'),
    (32, 1, N'2026-02-24 17:03:00', N'MC01', N'out', N'machine', 1, NULL, N'RAW-1-2026-02-24-OUT', N'2026-03-21 14:54:18'),
    (33, 1, N'2026-02-25 08:00:00', N'MC01', N'in', N'machine', 1, NULL, N'RAW-1-2026-02-25-IN', N'2026-03-21 14:54:18'),
    (34, 1, N'2026-02-25 17:00:00', N'MC01', N'out', N'machine', 1, NULL, N'RAW-1-2026-02-25-OUT', N'2026-03-21 14:54:18'),
    (35, 1, N'2026-02-26 07:58:00', N'MC01', N'in', N'machine', 1, NULL, N'RAW-1-2026-02-26-IN', N'2026-03-21 14:54:18'),
    (36, 1, N'2026-02-26 16:59:00', N'MC01', N'out', N'machine', 1, NULL, N'RAW-1-2026-02-26-OUT', N'2026-03-21 14:54:18'),
    (37, 1, N'2026-02-27 08:02:00', N'MC01', N'in', N'machine', 1, NULL, N'RAW-1-2026-02-27-IN', N'2026-03-21 14:54:18'),
    (38, 1, N'2026-02-27 17:02:00', N'MC01', N'out', N'machine', 1, NULL, N'RAW-1-2026-02-27-OUT', N'2026-03-21 14:54:18'),
    (39, 2, N'2026-02-03 08:01:00', N'MC01', N'in', N'machine', 1, NULL, N'RAW-2-2026-02-03-IN', N'2026-03-21 14:54:18'),
    (40, 2, N'2026-02-03 17:02:00', N'MC01', N'out', N'machine', 1, NULL, N'RAW-2-2026-02-03-OUT', N'2026-03-21 14:54:18'),
    (41, 2, N'2026-02-04 07:57:00', N'MC01', N'in', N'machine', 1, NULL, N'RAW-2-2026-02-04-IN', N'2026-03-21 14:54:18'),
    (42, 2, N'2026-02-04 17:03:00', N'MC01', N'out', N'machine', 1, NULL, N'RAW-2-2026-02-04-OUT', N'2026-03-21 14:54:18'),
    (43, 2, N'2026-02-05 08:02:00', N'MC01', N'in', N'machine', 1, NULL, N'RAW-2-2026-02-05-IN', N'2026-03-21 14:54:18'),
    (44, 2, N'2026-02-05 17:02:00', N'MC01', N'out', N'machine', 1, NULL, N'RAW-2-2026-02-05-OUT', N'2026-03-21 14:54:18'),
    (45, 2, N'2026-02-06 08:00:00', N'MC01', N'in', N'machine', 1, NULL, N'RAW-2-2026-02-06-IN', N'2026-03-21 14:54:18'),
    (46, 2, N'2026-02-06 17:03:00', N'MC01', N'out', N'machine', 1, NULL, N'RAW-2-2026-02-06-OUT', N'2026-03-21 14:54:18'),
    (47, 2, N'2026-02-09 08:02:00', N'MC01', N'in', N'machine', 1, NULL, N'RAW-2-2026-02-09-IN', N'2026-03-21 14:54:18'),
    (48, 2, N'2026-02-09 17:00:00', N'MC01', N'out', N'machine', 1, NULL, N'RAW-2-2026-02-09-OUT', N'2026-03-21 14:54:18'),
    (49, 2, N'2026-02-10 07:58:00', N'MC01', N'in', N'machine', 1, NULL, N'RAW-2-2026-02-10-IN', N'2026-03-21 14:54:18'),
    (50, 2, N'2026-02-10 17:00:00', N'MC01', N'out', N'machine', 1, NULL, N'RAW-2-2026-02-10-OUT', N'2026-03-21 14:54:18'),
    (51, 2, N'2026-02-11 08:00:00', N'MC01', N'in', N'machine', 1, NULL, N'RAW-2-2026-02-11-IN', N'2026-03-21 14:54:18'),
    (52, 2, N'2026-02-11 17:03:00', N'MC01', N'out', N'machine', 1, NULL, N'RAW-2-2026-02-11-OUT', N'2026-03-21 14:54:18'),
    (53, 2, N'2026-02-12 08:00:00', N'MC01', N'in', N'machine', 1, NULL, N'RAW-2-2026-02-12-IN', N'2026-03-21 14:54:18'),
    (54, 2, N'2026-02-12 17:00:00', N'MC01', N'out', N'machine', 1, NULL, N'RAW-2-2026-02-12-OUT', N'2026-03-21 14:54:18'),
    (55, 2, N'2026-02-13 07:58:00', N'MC01', N'in', N'machine', 1, NULL, N'RAW-2-2026-02-13-IN', N'2026-03-21 14:54:18'),
    (56, 2, N'2026-02-13 17:00:00', N'MC01', N'out', N'machine', 1, NULL, N'RAW-2-2026-02-13-OUT', N'2026-03-21 14:54:18'),
    (57, 2, N'2026-02-16 08:02:00', N'MC01', N'in', N'machine', 1, NULL, N'RAW-2-2026-02-16-IN', N'2026-03-21 14:54:18'),
    (58, 2, N'2026-02-16 16:58:00', N'MC01', N'out', N'machine', 1, NULL, N'RAW-2-2026-02-16-OUT', N'2026-03-21 14:54:18'),
    (59, 2, N'2026-02-17 08:01:00', N'MC01', N'in', N'machine', 1, NULL, N'RAW-2-2026-02-17-IN', N'2026-03-21 14:54:18'),
    (60, 2, N'2026-02-17 16:59:00', N'MC01', N'out', N'machine', 1, NULL, N'RAW-2-2026-02-17-OUT', N'2026-03-21 14:54:18'),
    (61, 2, N'2026-02-18 08:00:00', N'MC01', N'in', N'machine', 1, NULL, N'RAW-2-2026-02-18-IN', N'2026-03-21 14:54:18'),
    (62, 2, N'2026-02-18 16:58:00', N'MC01', N'out', N'machine', 1, NULL, N'RAW-2-2026-02-18-OUT', N'2026-03-21 14:54:18'),
    (63, 2, N'2026-02-19 08:02:00', N'MC01', N'in', N'machine', 1, NULL, N'RAW-2-2026-02-19-IN', N'2026-03-21 14:54:18'),
    (64, 2, N'2026-02-19 17:01:00', N'MC01', N'out', N'machine', 1, NULL, N'RAW-2-2026-02-19-OUT', N'2026-03-21 14:54:18'),
    (65, 2, N'2026-02-20 08:01:00', N'MC01', N'in', N'machine', 1, NULL, N'RAW-2-2026-02-20-IN', N'2026-03-21 14:54:18'),
    (66, 2, N'2026-02-20 16:59:00', N'MC01', N'out', N'machine', 1, NULL, N'RAW-2-2026-02-20-OUT', N'2026-03-21 14:54:18'),
    (67, 2, N'2026-02-23 07:59:00', N'MC01', N'in', N'machine', 1, NULL, N'RAW-2-2026-02-23-IN', N'2026-03-21 14:54:18'),
    (68, 2, N'2026-02-23 17:00:00', N'MC01', N'out', N'machine', 1, NULL, N'RAW-2-2026-02-23-OUT', N'2026-03-21 14:54:18'),
    (69, 2, N'2026-02-24 08:01:00', N'MC01', N'in', N'machine', 1, NULL, N'RAW-2-2026-02-24-IN', N'2026-03-21 14:54:18'),
    (70, 2, N'2026-02-24 17:02:00', N'MC01', N'out', N'machine', 1, NULL, N'RAW-2-2026-02-24-OUT', N'2026-03-21 14:54:18'),
    (71, 2, N'2026-02-25 07:59:00', N'MC01', N'in', N'machine', 1, NULL, N'RAW-2-2026-02-25-IN', N'2026-03-21 14:54:18'),
    (72, 2, N'2026-02-25 17:00:00', N'MC01', N'out', N'machine', 1, NULL, N'RAW-2-2026-02-25-OUT', N'2026-03-21 14:54:18'),
    (73, 2, N'2026-02-26 08:02:00', N'MC01', N'in', N'machine', 1, NULL, N'RAW-2-2026-02-26-IN', N'2026-03-21 14:54:18'),
    (74, 2, N'2026-02-26 17:02:00', N'MC01', N'out', N'machine', 1, NULL, N'RAW-2-2026-02-26-OUT', N'2026-03-21 14:54:18'),
    (75, 2, N'2026-02-27 08:01:00', N'MC01', N'in', N'machine', 1, NULL, N'RAW-2-2026-02-27-IN', N'2026-03-21 14:54:18'),
    (76, 2, N'2026-02-27 17:01:00', N'MC01', N'out', N'machine', 1, NULL, N'RAW-2-2026-02-27-OUT', N'2026-03-21 14:54:18'),
    (77, 3, N'2026-02-03 08:01:00', N'MC01', N'in', N'machine', 1, NULL, N'RAW-3-2026-02-03-IN', N'2026-03-21 14:54:18'),
    (78, 3, N'2026-02-03 16:58:00', N'MC01', N'out', N'machine', 1, NULL, N'RAW-3-2026-02-03-OUT', N'2026-03-21 14:54:18'),
    (79, 3, N'2026-02-04 08:01:00', N'MC01', N'in', N'machine', 1, NULL, N'RAW-3-2026-02-04-IN', N'2026-03-21 14:54:18'),
    (80, 3, N'2026-02-04 17:03:00', N'MC01', N'out', N'machine', 1, NULL, N'RAW-3-2026-02-04-OUT', N'2026-03-21 14:54:18'),
    (81, 3, N'2026-02-05 08:01:00', N'MC01', N'in', N'machine', 1, NULL, N'RAW-3-2026-02-05-IN', N'2026-03-21 14:54:18'),
    (82, 3, N'2026-02-05 17:03:00', N'MC01', N'out', N'machine', 1, NULL, N'RAW-3-2026-02-05-OUT', N'2026-03-21 14:54:18'),
    (83, 3, N'2026-02-06 08:01:00', N'MC01', N'in', N'machine', 1, NULL, N'RAW-3-2026-02-06-IN', N'2026-03-21 14:54:18'),
    (84, 3, N'2026-02-06 17:01:00', N'MC01', N'out', N'machine', 1, NULL, N'RAW-3-2026-02-06-OUT', N'2026-03-21 14:54:18'),
    (85, 3, N'2026-02-09 07:59:00', N'MC01', N'in', N'machine', 1, NULL, N'RAW-3-2026-02-09-IN', N'2026-03-21 14:54:18'),
    (86, 3, N'2026-02-09 17:00:00', N'MC01', N'out', N'machine', 1, NULL, N'RAW-3-2026-02-09-OUT', N'2026-03-21 14:54:18'),
    (87, 3, N'2026-02-10 08:01:00', N'MC01', N'in', N'machine', 1, NULL, N'RAW-3-2026-02-10-IN', N'2026-03-21 14:54:18'),
    (88, 3, N'2026-02-10 17:03:00', N'MC01', N'out', N'machine', 1, NULL, N'RAW-3-2026-02-10-OUT', N'2026-03-21 14:54:18'),
    (89, 3, N'2026-02-11 08:02:00', N'MC01', N'in', N'machine', 1, NULL, N'RAW-3-2026-02-11-IN', N'2026-03-21 14:54:18'),
    (90, 3, N'2026-02-11 17:00:00', N'MC01', N'out', N'machine', 1, NULL, N'RAW-3-2026-02-11-OUT', N'2026-03-21 14:54:18'),
    (91, 3, N'2026-02-12 08:01:00', N'MC01', N'in', N'machine', 1, NULL, N'RAW-3-2026-02-12-IN', N'2026-03-21 14:54:18'),
    (92, 3, N'2026-02-12 16:59:00', N'MC01', N'out', N'machine', 1, NULL, N'RAW-3-2026-02-12-OUT', N'2026-03-21 14:54:18'),
    (93, 3, N'2026-02-13 08:00:00', N'MC01', N'in', N'machine', 1, NULL, N'RAW-3-2026-02-13-IN', N'2026-03-21 14:54:18'),
    (94, 3, N'2026-02-13 16:59:00', N'MC01', N'out', N'machine', 1, NULL, N'RAW-3-2026-02-13-OUT', N'2026-03-21 14:54:18'),
    (95, 3, N'2026-02-16 07:59:00', N'MC01', N'in', N'machine', 1, NULL, N'RAW-3-2026-02-16-IN', N'2026-03-21 14:54:18'),
    (96, 3, N'2026-02-16 17:02:00', N'MC01', N'out', N'machine', 1, NULL, N'RAW-3-2026-02-16-OUT', N'2026-03-21 14:54:18'),
    (97, 3, N'2026-02-17 08:01:00', N'MC01', N'in', N'machine', 1, NULL, N'RAW-3-2026-02-17-IN', N'2026-03-21 14:54:18'),
    (98, 3, N'2026-02-17 16:58:00', N'MC01', N'out', N'machine', 1, NULL, N'RAW-3-2026-02-17-OUT', N'2026-03-21 14:54:18'),
    (99, 3, N'2026-02-18 08:00:00', N'MC01', N'in', N'machine', 1, NULL, N'RAW-3-2026-02-18-IN', N'2026-03-21 14:54:18'),
    (100, 3, N'2026-02-18 17:02:00', N'MC01', N'out', N'machine', 1, NULL, N'RAW-3-2026-02-18-OUT', N'2026-03-21 14:54:18'),
    (101, 3, N'2026-02-19 07:57:00', N'MC01', N'in', N'machine', 1, NULL, N'RAW-3-2026-02-19-IN', N'2026-03-21 14:54:18'),
    (102, 3, N'2026-02-19 17:02:00', N'MC01', N'out', N'machine', 1, NULL, N'RAW-3-2026-02-19-OUT', N'2026-03-21 14:54:18'),
    (103, 3, N'2026-02-20 08:00:00', N'MC01', N'in', N'machine', 1, NULL, N'RAW-3-2026-02-20-IN', N'2026-03-21 14:54:18'),
    (104, 3, N'2026-02-20 17:03:00', N'MC01', N'out', N'machine', 1, NULL, N'RAW-3-2026-02-20-OUT', N'2026-03-21 14:54:18'),
    (105, 3, N'2026-02-23 08:01:00', N'MC01', N'in', N'machine', 1, NULL, N'RAW-3-2026-02-23-IN', N'2026-03-21 14:54:18'),
    (106, 3, N'2026-02-23 17:02:00', N'MC01', N'out', N'machine', 1, NULL, N'RAW-3-2026-02-23-OUT', N'2026-03-21 14:54:18'),
    (107, 3, N'2026-02-24 07:58:00', N'MC01', N'in', N'machine', 1, NULL, N'RAW-3-2026-02-24-IN', N'2026-03-21 14:54:18'),
    (108, 3, N'2026-02-24 17:01:00', N'MC01', N'out', N'machine', 1, NULL, N'RAW-3-2026-02-24-OUT', N'2026-03-21 14:54:18'),
    (109, 3, N'2026-02-25 07:59:00', N'MC01', N'in', N'machine', 1, NULL, N'RAW-3-2026-02-25-IN', N'2026-03-21 14:54:18'),
    (110, 3, N'2026-02-25 16:59:00', N'MC01', N'out', N'machine', 1, NULL, N'RAW-3-2026-02-25-OUT', N'2026-03-21 14:54:18'),
    (111, 3, N'2026-02-26 07:59:00', N'MC01', N'in', N'machine', 1, NULL, N'RAW-3-2026-02-26-IN', N'2026-03-21 14:54:18'),
    (112, 3, N'2026-02-26 17:03:00', N'MC01', N'out', N'machine', 1, NULL, N'RAW-3-2026-02-26-OUT', N'2026-03-21 14:54:18'),
    (113, 3, N'2026-02-27 08:00:00', N'MC01', N'in', N'machine', 1, NULL, N'RAW-3-2026-02-27-IN', N'2026-03-21 14:54:18'),
    (114, 3, N'2026-02-27 16:58:00', N'MC01', N'out', N'machine', 1, NULL, N'RAW-3-2026-02-27-OUT', N'2026-03-21 14:54:18'),
    (115, 4, N'2026-02-03 07:57:00', N'MC01', N'in', N'machine', 1, NULL, N'RAW-4-2026-02-03-IN', N'2026-03-21 14:54:18'),
    (116, 4, N'2026-02-03 17:03:00', N'MC01', N'out', N'machine', 1, NULL, N'RAW-4-2026-02-03-OUT', N'2026-03-21 14:54:18'),
    (117, 4, N'2026-02-04 07:57:00', N'MC01', N'in', N'machine', 1, NULL, N'RAW-4-2026-02-04-IN', N'2026-03-21 14:54:18'),
    (118, 4, N'2026-02-04 16:59:00', N'MC01', N'out', N'machine', 1, NULL, N'RAW-4-2026-02-04-OUT', N'2026-03-21 14:54:18'),
    (119, 4, N'2026-02-05 08:00:00', N'MC01', N'in', N'machine', 1, NULL, N'RAW-4-2026-02-05-IN', N'2026-03-21 14:54:18'),
    (120, 4, N'2026-02-05 17:00:00', N'MC01', N'out', N'machine', 1, NULL, N'RAW-4-2026-02-05-OUT', N'2026-03-21 14:54:18'),
    (121, 4, N'2026-02-06 07:57:00', N'MC01', N'in', N'machine', 1, NULL, N'RAW-4-2026-02-06-IN', N'2026-03-21 14:54:18'),
    (122, 4, N'2026-02-06 17:02:00', N'MC01', N'out', N'machine', 1, NULL, N'RAW-4-2026-02-06-OUT', N'2026-03-21 14:54:18'),
    (123, 4, N'2026-02-09 08:00:00', N'MC01', N'in', N'machine', 1, NULL, N'RAW-4-2026-02-09-IN', N'2026-03-21 14:54:18'),
    (124, 4, N'2026-02-09 16:58:00', N'MC01', N'out', N'machine', 1, NULL, N'RAW-4-2026-02-09-OUT', N'2026-03-21 14:54:18'),
    (125, 4, N'2026-02-10 07:57:00', N'MC01', N'in', N'machine', 1, NULL, N'RAW-4-2026-02-10-IN', N'2026-03-21 14:54:18'),
    (126, 4, N'2026-02-10 16:59:00', N'MC01', N'out', N'machine', 1, NULL, N'RAW-4-2026-02-10-OUT', N'2026-03-21 14:54:18'),
    (127, 4, N'2026-02-11 08:00:00', N'MC01', N'in', N'machine', 1, NULL, N'RAW-4-2026-02-11-IN', N'2026-03-21 14:54:18'),
    (128, 4, N'2026-02-11 17:03:00', N'MC01', N'out', N'machine', 1, NULL, N'RAW-4-2026-02-11-OUT', N'2026-03-21 14:54:18'),
    (129, 4, N'2026-02-12 08:01:00', N'MC01', N'in', N'machine', 1, NULL, N'RAW-4-2026-02-12-IN', N'2026-03-21 14:54:18'),
    (130, 4, N'2026-02-12 17:02:00', N'MC01', N'out', N'machine', 1, NULL, N'RAW-4-2026-02-12-OUT', N'2026-03-21 14:54:18'),
    (131, 4, N'2026-02-13 07:58:00', N'MC01', N'in', N'machine', 1, NULL, N'RAW-4-2026-02-13-IN', N'2026-03-21 14:54:18'),
    (132, 4, N'2026-02-13 17:03:00', N'MC01', N'out', N'machine', 1, NULL, N'RAW-4-2026-02-13-OUT', N'2026-03-21 14:54:18'),
    (133, 4, N'2026-02-16 07:58:00', N'MC01', N'in', N'machine', 1, NULL, N'RAW-4-2026-02-16-IN', N'2026-03-21 14:54:18'),
    (134, 4, N'2026-02-16 17:01:00', N'MC01', N'out', N'machine', 1, NULL, N'RAW-4-2026-02-16-OUT', N'2026-03-21 14:54:18'),
    (135, 4, N'2026-02-17 08:02:00', N'MC01', N'in', N'machine', 1, NULL, N'RAW-4-2026-02-17-IN', N'2026-03-21 14:54:18'),
    (136, 4, N'2026-02-17 17:01:00', N'MC01', N'out', N'machine', 1, NULL, N'RAW-4-2026-02-17-OUT', N'2026-03-21 14:54:18'),
    (137, 4, N'2026-02-18 08:02:00', N'MC01', N'in', N'machine', 1, NULL, N'RAW-4-2026-02-18-IN', N'2026-03-21 14:54:18'),
    (138, 4, N'2026-02-18 17:01:00', N'MC01', N'out', N'machine', 1, NULL, N'RAW-4-2026-02-18-OUT', N'2026-03-21 14:54:18'),
    (139, 4, N'2026-02-19 07:59:00', N'MC01', N'in', N'machine', 1, NULL, N'RAW-4-2026-02-19-IN', N'2026-03-21 14:54:18'),
    (140, 4, N'2026-02-19 17:02:00', N'MC01', N'out', N'machine', 1, NULL, N'RAW-4-2026-02-19-OUT', N'2026-03-21 14:54:18'),
    (141, 4, N'2026-02-20 07:58:00', N'MC01', N'in', N'machine', 1, NULL, N'RAW-4-2026-02-20-IN', N'2026-03-21 14:54:18'),
    (142, 4, N'2026-02-20 17:03:00', N'MC01', N'out', N'machine', 1, NULL, N'RAW-4-2026-02-20-OUT', N'2026-03-21 14:54:18'),
    (143, 4, N'2026-02-23 08:01:00', N'MC01', N'in', N'machine', 1, NULL, N'RAW-4-2026-02-23-IN', N'2026-03-21 14:54:18'),
    (144, 4, N'2026-02-23 16:59:00', N'MC01', N'out', N'machine', 1, NULL, N'RAW-4-2026-02-23-OUT', N'2026-03-21 14:54:18'),
    (145, 4, N'2026-02-24 07:58:00', N'MC01', N'in', N'machine', 1, NULL, N'RAW-4-2026-02-24-IN', N'2026-03-21 14:54:18'),
    (146, 4, N'2026-02-24 17:00:00', N'MC01', N'out', N'machine', 1, NULL, N'RAW-4-2026-02-24-OUT', N'2026-03-21 14:54:18'),
    (147, 4, N'2026-02-25 08:01:00', N'MC01', N'in', N'machine', 1, NULL, N'RAW-4-2026-02-25-IN', N'2026-03-21 14:54:18'),
    (148, 4, N'2026-02-25 16:59:00', N'MC01', N'out', N'machine', 1, NULL, N'RAW-4-2026-02-25-OUT', N'2026-03-21 14:54:18'),
    (149, 4, N'2026-02-26 07:57:00', N'MC01', N'in', N'machine', 1, NULL, N'RAW-4-2026-02-26-IN', N'2026-03-21 14:54:18'),
    (150, 4, N'2026-02-26 17:02:00', N'MC01', N'out', N'machine', 1, NULL, N'RAW-4-2026-02-26-OUT', N'2026-03-21 14:54:18'),
    (151, 4, N'2026-02-27 08:02:00', N'MC01', N'in', N'machine', 1, NULL, N'RAW-4-2026-02-27-IN', N'2026-03-21 14:54:18'),
    (152, 4, N'2026-02-27 16:58:00', N'MC01', N'out', N'machine', 1, NULL, N'RAW-4-2026-02-27-OUT', N'2026-03-21 14:54:18'),
    (153, 5, N'2026-02-03 08:01:00', N'MC01', N'in', N'machine', 1, NULL, N'RAW-5-2026-02-03-IN', N'2026-03-21 14:54:18'),
    (154, 5, N'2026-02-03 17:00:00', N'MC01', N'out', N'machine', 1, NULL, N'RAW-5-2026-02-03-OUT', N'2026-03-21 14:54:18'),
    (155, 5, N'2026-02-04 08:01:00', N'MC01', N'in', N'machine', 1, NULL, N'RAW-5-2026-02-04-IN', N'2026-03-21 14:54:18'),
    (156, 5, N'2026-02-04 16:59:00', N'MC01', N'out', N'machine', 1, NULL, N'RAW-5-2026-02-04-OUT', N'2026-03-21 14:54:18'),
    (157, 5, N'2026-02-05 08:02:00', N'MC01', N'in', N'machine', 1, NULL, N'RAW-5-2026-02-05-IN', N'2026-03-21 14:54:18'),
    (158, 5, N'2026-02-05 17:03:00', N'MC01', N'out', N'machine', 1, NULL, N'RAW-5-2026-02-05-OUT', N'2026-03-21 14:54:18'),
    (159, 5, N'2026-02-06 07:57:00', N'MC01', N'in', N'machine', 1, NULL, N'RAW-5-2026-02-06-IN', N'2026-03-21 14:54:18'),
    (160, 5, N'2026-02-06 17:01:00', N'MC01', N'out', N'machine', 1, NULL, N'RAW-5-2026-02-06-OUT', N'2026-03-21 14:54:18'),
    (161, 5, N'2026-02-09 07:57:00', N'MC01', N'in', N'machine', 1, NULL, N'RAW-5-2026-02-09-IN', N'2026-03-21 14:54:18'),
    (162, 5, N'2026-02-09 17:01:00', N'MC01', N'out', N'machine', 1, NULL, N'RAW-5-2026-02-09-OUT', N'2026-03-21 14:54:18'),
    (163, 5, N'2026-02-10 08:01:00', N'MC01', N'in', N'machine', 1, NULL, N'RAW-5-2026-02-10-IN', N'2026-03-21 14:54:18'),
    (164, 5, N'2026-02-10 16:59:00', N'MC01', N'out', N'machine', 1, NULL, N'RAW-5-2026-02-10-OUT', N'2026-03-21 14:54:18'),
    (165, 5, N'2026-02-11 07:59:00', N'MC01', N'in', N'machine', 1, NULL, N'RAW-5-2026-02-11-IN', N'2026-03-21 14:54:18'),
    (166, 5, N'2026-02-11 16:58:00', N'MC01', N'out', N'machine', 1, NULL, N'RAW-5-2026-02-11-OUT', N'2026-03-21 14:54:18'),
    (167, 5, N'2026-02-12 07:58:00', N'MC01', N'in', N'machine', 1, NULL, N'RAW-5-2026-02-12-IN', N'2026-03-21 14:54:18'),
    (168, 5, N'2026-02-12 17:02:00', N'MC01', N'out', N'machine', 1, NULL, N'RAW-5-2026-02-12-OUT', N'2026-03-21 14:54:18'),
    (169, 5, N'2026-02-13 08:01:00', N'MC01', N'in', N'machine', 1, NULL, N'RAW-5-2026-02-13-IN', N'2026-03-21 14:54:18'),
    (170, 5, N'2026-02-13 16:59:00', N'MC01', N'out', N'machine', 1, NULL, N'RAW-5-2026-02-13-OUT', N'2026-03-21 14:54:18'),
    (171, 5, N'2026-02-16 07:58:00', N'MC01', N'in', N'machine', 1, NULL, N'RAW-5-2026-02-16-IN', N'2026-03-21 14:54:18'),
    (172, 5, N'2026-02-16 16:58:00', N'MC01', N'out', N'machine', 1, NULL, N'RAW-5-2026-02-16-OUT', N'2026-03-21 14:54:18'),
    (173, 5, N'2026-02-17 07:58:00', N'MC01', N'in', N'machine', 1, NULL, N'RAW-5-2026-02-17-IN', N'2026-03-21 14:54:18'),
    (174, 5, N'2026-02-17 16:58:00', N'MC01', N'out', N'machine', 1, NULL, N'RAW-5-2026-02-17-OUT', N'2026-03-21 14:54:18'),
    (175, 5, N'2026-02-18 07:57:00', N'MC01', N'in', N'machine', 1, NULL, N'RAW-5-2026-02-18-IN', N'2026-03-21 14:54:18'),
    (176, 5, N'2026-02-18 17:01:00', N'MC01', N'out', N'machine', 1, NULL, N'RAW-5-2026-02-18-OUT', N'2026-03-21 14:54:18'),
    (177, 5, N'2026-02-19 08:01:00', N'MC01', N'in', N'machine', 1, NULL, N'RAW-5-2026-02-19-IN', N'2026-03-21 14:54:18'),
    (178, 5, N'2026-02-19 17:00:00', N'MC01', N'out', N'machine', 1, NULL, N'RAW-5-2026-02-19-OUT', N'2026-03-21 14:54:18'),
    (179, 5, N'2026-02-20 07:59:00', N'MC01', N'in', N'machine', 1, NULL, N'RAW-5-2026-02-20-IN', N'2026-03-21 14:54:18'),
    (180, 5, N'2026-02-20 16:58:00', N'MC01', N'out', N'machine', 1, NULL, N'RAW-5-2026-02-20-OUT', N'2026-03-21 14:54:18'),
    (181, 5, N'2026-02-23 08:01:00', N'MC01', N'in', N'machine', 1, NULL, N'RAW-5-2026-02-23-IN', N'2026-03-21 14:54:18'),
    (182, 5, N'2026-02-23 17:03:00', N'MC01', N'out', N'machine', 1, NULL, N'RAW-5-2026-02-23-OUT', N'2026-03-21 14:54:18'),
    (183, 5, N'2026-02-24 07:58:00', N'MC01', N'in', N'machine', 1, NULL, N'RAW-5-2026-02-24-IN', N'2026-03-21 14:54:18'),
    (184, 5, N'2026-02-24 17:00:00', N'MC01', N'out', N'machine', 1, NULL, N'RAW-5-2026-02-24-OUT', N'2026-03-21 14:54:18'),
    (185, 5, N'2026-02-25 08:02:00', N'MC01', N'in', N'machine', 1, NULL, N'RAW-5-2026-02-25-IN', N'2026-03-21 14:54:18'),
    (186, 5, N'2026-02-25 17:02:00', N'MC01', N'out', N'machine', 1, NULL, N'RAW-5-2026-02-25-OUT', N'2026-03-21 14:54:18'),
    (187, 5, N'2026-02-26 08:02:00', N'MC01', N'in', N'machine', 1, NULL, N'RAW-5-2026-02-26-IN', N'2026-03-21 14:54:18'),
    (188, 5, N'2026-02-26 17:02:00', N'MC01', N'out', N'machine', 1, NULL, N'RAW-5-2026-02-26-OUT', N'2026-03-21 14:54:18'),
    (189, 5, N'2026-02-27 07:59:00', N'MC01', N'in', N'machine', 1, NULL, N'RAW-5-2026-02-27-IN', N'2026-03-21 14:54:18'),
    (190, 5, N'2026-02-27 17:02:00', N'MC01', N'out', N'machine', 1, NULL, N'RAW-5-2026-02-27-OUT', N'2026-03-21 14:54:18'),
    (191, 6, N'2026-02-03 07:58:00', N'MC01', N'in', N'machine', 1, NULL, N'RAW-6-2026-02-03-IN', N'2026-03-21 14:54:18'),
    (192, 6, N'2026-02-03 17:01:00', N'MC01', N'out', N'machine', 1, NULL, N'RAW-6-2026-02-03-OUT', N'2026-03-21 14:54:18'),
    (193, 6, N'2026-02-04 07:57:00', N'MC01', N'in', N'machine', 1, NULL, N'RAW-6-2026-02-04-IN', N'2026-03-21 14:54:18'),
    (194, 6, N'2026-02-04 17:00:00', N'MC01', N'out', N'machine', 1, NULL, N'RAW-6-2026-02-04-OUT', N'2026-03-21 14:54:18'),
    (195, 6, N'2026-02-05 08:15:00', N'MC01', N'in', N'machine', 1, NULL, N'RAW-6-2026-02-05-IN', N'2026-03-21 14:54:18'),
    (196, 6, N'2026-02-05 17:03:00', N'MC01', N'out', N'machine', 1, NULL, N'RAW-6-2026-02-05-OUT', N'2026-03-21 14:54:18'),
    (197, 6, N'2026-02-06 07:57:00', N'MC01', N'in', N'machine', 1, NULL, N'RAW-6-2026-02-06-IN', N'2026-03-21 14:54:18'),
    (198, 6, N'2026-02-06 17:00:00', N'MC01', N'out', N'machine', 1, NULL, N'RAW-6-2026-02-06-OUT', N'2026-03-21 14:54:18'),
    (199, 6, N'2026-02-09 07:58:00', N'MC01', N'in', N'machine', 1, NULL, N'RAW-6-2026-02-09-IN', N'2026-03-21 14:54:18'),
    (200, 6, N'2026-02-09 17:00:00', N'MC01', N'out', N'machine', 1, NULL, N'RAW-6-2026-02-09-OUT', N'2026-03-21 14:54:18'),
    (201, 6, N'2026-02-10 07:57:00', N'MC01', N'in', N'machine', 1, NULL, N'RAW-6-2026-02-10-IN', N'2026-03-21 14:54:18'),
    (202, 6, N'2026-02-10 16:59:00', N'MC01', N'out', N'machine', 1, NULL, N'RAW-6-2026-02-10-OUT', N'2026-03-21 14:54:18'),
    (203, 6, N'2026-02-11 07:57:00', N'MC01', N'in', N'machine', 1, NULL, N'RAW-6-2026-02-11-IN', N'2026-03-21 14:54:18'),
    (204, 6, N'2026-02-11 17:00:00', N'MC01', N'out', N'machine', 1, NULL, N'RAW-6-2026-02-11-OUT', N'2026-03-21 14:54:18'),
    (205, 6, N'2026-02-12 07:59:00', N'MC01', N'in', N'machine', 1, NULL, N'RAW-6-2026-02-12-IN', N'2026-03-21 14:54:18'),
    (206, 6, N'2026-02-12 16:58:00', N'MC01', N'out', N'machine', 1, NULL, N'RAW-6-2026-02-12-OUT', N'2026-03-21 14:54:18'),
    (207, 6, N'2026-02-13 08:35:00', N'MC01', N'in', N'machine', 1, NULL, N'RAW-6-2026-02-13-IN', N'2026-03-21 14:54:18'),
    (208, 6, N'2026-02-13 17:02:00', N'MC01', N'out', N'machine', 1, NULL, N'RAW-6-2026-02-13-OUT', N'2026-03-21 14:54:18'),
    (209, 6, N'2026-02-16 08:01:00', N'MC01', N'in', N'machine', 1, NULL, N'RAW-6-2026-02-16-IN', N'2026-03-21 14:54:18'),
    (210, 6, N'2026-02-16 17:00:00', N'MC01', N'out', N'machine', 1, NULL, N'RAW-6-2026-02-16-OUT', N'2026-03-21 14:54:18'),
    (211, 6, N'2026-02-17 07:57:00', N'MC01', N'in', N'machine', 1, NULL, N'RAW-6-2026-02-17-IN', N'2026-03-21 14:54:18'),
    (212, 6, N'2026-02-17 16:59:00', N'MC01', N'out', N'machine', 1, NULL, N'RAW-6-2026-02-17-OUT', N'2026-03-21 14:54:18'),
    (213, 6, N'2026-02-18 07:58:00', N'MC01', N'in', N'machine', 1, NULL, N'RAW-6-2026-02-18-IN', N'2026-03-21 14:54:18'),
    (214, 6, N'2026-02-18 16:58:00', N'MC01', N'out', N'machine', 1, NULL, N'RAW-6-2026-02-18-OUT', N'2026-03-21 14:54:18'),
    (215, 6, N'2026-02-19 07:59:00', N'MC01', N'in', N'machine', 1, NULL, N'RAW-6-2026-02-19-IN', N'2026-03-21 14:54:18'),
    (216, 6, N'2026-02-19 17:00:00', N'MC01', N'out', N'machine', 1, NULL, N'RAW-6-2026-02-19-OUT', N'2026-03-21 14:54:18'),
    (217, 6, N'2026-02-20 08:00:00', N'MC01', N'in', N'machine', 1, NULL, N'RAW-6-2026-02-20-IN', N'2026-03-21 14:54:18'),
    (218, 6, N'2026-02-20 16:59:00', N'MC01', N'out', N'machine', 1, NULL, N'RAW-6-2026-02-20-OUT', N'2026-03-21 14:54:18'),
    (219, 6, N'2026-02-23 07:57:00', N'MC01', N'in', N'machine', 1, NULL, N'RAW-6-2026-02-23-IN', N'2026-03-21 14:54:18'),
    (220, 6, N'2026-02-23 17:02:00', N'MC01', N'out', N'machine', 1, NULL, N'RAW-6-2026-02-23-OUT', N'2026-03-21 14:54:18'),
    (221, 6, N'2026-02-24 07:59:00', N'MC01', N'in', N'machine', 1, NULL, N'RAW-6-2026-02-24-IN', N'2026-03-21 14:54:18'),
    (222, 6, N'2026-02-24 17:01:00', N'MC01', N'out', N'machine', 1, NULL, N'RAW-6-2026-02-24-OUT', N'2026-03-21 14:54:18'),
    (223, 6, N'2026-02-25 07:59:00', N'MC01', N'in', N'machine', 1, NULL, N'RAW-6-2026-02-25-IN', N'2026-03-21 14:54:18'),
    (224, 6, N'2026-02-25 17:01:00', N'MC01', N'out', N'machine', 1, NULL, N'RAW-6-2026-02-25-OUT', N'2026-03-21 14:54:18'),
    (225, 6, N'2026-02-26 07:58:00', N'MC01', N'in', N'machine', 1, NULL, N'RAW-6-2026-02-26-IN', N'2026-03-21 14:54:18'),
    (226, 6, N'2026-02-26 17:03:00', N'MC01', N'out', N'machine', 1, NULL, N'RAW-6-2026-02-26-OUT', N'2026-03-21 14:54:18'),
    (227, 6, N'2026-02-27 08:01:00', N'MC01', N'in', N'machine', 1, NULL, N'RAW-6-2026-02-27-IN', N'2026-03-21 14:54:18'),
    (228, 6, N'2026-02-27 17:02:00', N'MC01', N'out', N'machine', 1, NULL, N'RAW-6-2026-02-27-OUT', N'2026-03-21 14:54:18'),
    (229, 7, N'2026-02-03 12:59:00', N'MC01', N'in', N'machine', 1, NULL, N'RAW-7-2026-02-03-IN', N'2026-03-21 14:54:18'),
    (230, 7, N'2026-02-03 22:01:00', N'MC01', N'out', N'machine', 1, NULL, N'RAW-7-2026-02-03-OUT', N'2026-03-21 14:54:18'),
    (231, 7, N'2026-02-04 12:57:00', N'MC01', N'in', N'machine', 1, NULL, N'RAW-7-2026-02-04-IN', N'2026-03-21 14:54:18'),
    (232, 7, N'2026-02-04 21:40:00', N'MC01', N'out', N'machine', 1, NULL, N'RAW-7-2026-02-04-OUT', N'2026-03-21 14:54:18'),
    (233, 7, N'2026-02-05 12:57:00', N'MC01', N'in', N'machine', 1, NULL, N'RAW-7-2026-02-05-IN', N'2026-03-21 14:54:18'),
    (234, 7, N'2026-02-05 21:58:00', N'MC01', N'out', N'machine', 1, NULL, N'RAW-7-2026-02-05-OUT', N'2026-03-21 14:54:18'),
    (235, 7, N'2026-02-06 13:01:00', N'MC01', N'in', N'machine', 1, NULL, N'RAW-7-2026-02-06-IN', N'2026-03-21 14:54:18'),
    (236, 7, N'2026-02-06 21:58:00', N'MC01', N'out', N'machine', 1, NULL, N'RAW-7-2026-02-06-OUT', N'2026-03-21 14:54:18'),
    (237, 7, N'2026-02-09 12:59:00', N'MC01', N'in', N'machine', 1, NULL, N'RAW-7-2026-02-09-IN', N'2026-03-21 14:54:18'),
    (238, 7, N'2026-02-09 22:00:00', N'MC01', N'out', N'machine', 1, NULL, N'RAW-7-2026-02-09-OUT', N'2026-03-21 14:54:18'),
    (239, 7, N'2026-02-11 13:00:00', N'MC01', N'in', N'machine', 1, NULL, N'RAW-7-2026-02-11-IN', N'2026-03-21 14:54:18'),
    (240, 7, N'2026-02-11 22:03:00', N'MC01', N'out', N'machine', 1, NULL, N'RAW-7-2026-02-11-OUT', N'2026-03-21 14:54:18'),
    (241, 7, N'2026-02-12 12:57:00', N'MC01', N'in', N'machine', 1, NULL, N'RAW-7-2026-02-12-IN', N'2026-03-21 14:54:18'),
    (242, 7, N'2026-02-12 22:02:00', N'MC01', N'out', N'machine', 1, NULL, N'RAW-7-2026-02-12-OUT', N'2026-03-21 14:54:18'),
    (243, 7, N'2026-02-13 13:00:00', N'MC01', N'in', N'machine', 1, NULL, N'RAW-7-2026-02-13-IN', N'2026-03-21 14:54:18'),
    (244, 7, N'2026-02-13 22:03:00', N'MC01', N'out', N'machine', 1, NULL, N'RAW-7-2026-02-13-OUT', N'2026-03-21 14:54:18'),
    (245, 7, N'2026-02-16 12:58:00', N'MC01', N'in', N'machine', 1, NULL, N'RAW-7-2026-02-16-IN', N'2026-03-21 14:54:18'),
    (246, 7, N'2026-02-16 22:00:00', N'MC01', N'out', N'machine', 1, NULL, N'RAW-7-2026-02-16-OUT', N'2026-03-21 14:54:18'),
    (247, 7, N'2026-02-17 12:59:00', N'MC01', N'in', N'machine', 1, NULL, N'RAW-7-2026-02-17-IN', N'2026-03-21 14:54:18'),
    (248, 7, N'2026-02-17 21:58:00', N'MC01', N'out', N'machine', 1, NULL, N'RAW-7-2026-02-17-OUT', N'2026-03-21 14:54:18'),
    (249, 7, N'2026-02-18 12:58:00', N'MC01', N'in', N'machine', 1, NULL, N'RAW-7-2026-02-18-IN', N'2026-03-21 14:54:18'),
    (250, 7, N'2026-02-18 22:02:00', N'MC01', N'out', N'machine', 1, NULL, N'RAW-7-2026-02-18-OUT', N'2026-03-21 14:54:18');
GO

INSERT INTO [dbo].[time_logs] ([id], [employee_id], [log_time], [machine_number], [log_type], [source], [is_valid], [invalid_reason], [raw_ref], [created_at])
VALUES
    (251, 7, N'2026-02-19 12:58:00', N'MC01', N'in', N'machine', 1, NULL, N'RAW-7-2026-02-19-IN', N'2026-03-21 14:54:18'),
    (252, 7, N'2026-02-19 22:01:00', N'MC01', N'out', N'machine', 1, NULL, N'RAW-7-2026-02-19-OUT', N'2026-03-21 14:54:18'),
    (253, 7, N'2026-02-20 12:58:00', N'MC01', N'in', N'machine', 1, NULL, N'RAW-7-2026-02-20-IN', N'2026-03-21 14:54:18'),
    (254, 7, N'2026-02-20 22:01:00', N'MC01', N'out', N'machine', 1, NULL, N'RAW-7-2026-02-20-OUT', N'2026-03-21 14:54:18'),
    (255, 7, N'2026-02-23 12:58:00', N'MC01', N'in', N'machine', 1, NULL, N'RAW-7-2026-02-23-IN', N'2026-03-21 14:54:18'),
    (256, 7, N'2026-02-23 22:02:00', N'MC01', N'out', N'machine', 1, NULL, N'RAW-7-2026-02-23-OUT', N'2026-03-21 14:54:18'),
    (257, 7, N'2026-02-24 12:58:00', N'MC01', N'in', N'machine', 1, NULL, N'RAW-7-2026-02-24-IN', N'2026-03-21 14:54:18'),
    (258, 7, N'2026-02-24 22:01:00', N'MC01', N'out', N'machine', 1, NULL, N'RAW-7-2026-02-24-OUT', N'2026-03-21 14:54:18'),
    (259, 7, N'2026-02-25 12:57:00', N'MC01', N'in', N'machine', 1, NULL, N'RAW-7-2026-02-25-IN', N'2026-03-21 14:54:18'),
    (260, 7, N'2026-02-25 21:59:00', N'MC01', N'out', N'machine', 1, NULL, N'RAW-7-2026-02-25-OUT', N'2026-03-21 14:54:18'),
    (261, 7, N'2026-02-26 12:58:00', N'MC01', N'in', N'machine', 1, NULL, N'RAW-7-2026-02-26-IN', N'2026-03-21 14:54:18'),
    (262, 7, N'2026-02-26 21:59:00', N'MC01', N'out', N'machine', 1, NULL, N'RAW-7-2026-02-26-OUT', N'2026-03-21 14:54:18'),
    (263, 7, N'2026-02-27 13:00:00', N'MC01', N'in', N'machine', 1, NULL, N'RAW-7-2026-02-27-IN', N'2026-03-21 14:54:18'),
    (264, 7, N'2026-02-27 21:58:00', N'MC01', N'out', N'machine', 1, NULL, N'RAW-7-2026-02-27-OUT', N'2026-03-21 14:54:18'),
    (265, 8, N'2026-02-03 07:59:00', N'MC01', N'in', N'machine', 1, NULL, N'RAW-8-2026-02-03-IN', N'2026-03-21 14:54:18'),
    (266, 8, N'2026-02-03 16:58:00', N'MC01', N'out', N'machine', 1, NULL, N'RAW-8-2026-02-03-OUT', N'2026-03-21 14:54:18'),
    (267, 8, N'2026-02-04 07:59:00', N'MC01', N'in', N'machine', 1, NULL, N'RAW-8-2026-02-04-IN', N'2026-03-21 14:54:18'),
    (268, 8, N'2026-02-04 17:03:00', N'MC01', N'out', N'machine', 1, NULL, N'RAW-8-2026-02-04-OUT', N'2026-03-21 14:54:18'),
    (269, 8, N'2026-02-05 07:58:00', N'MC01', N'in', N'machine', 1, NULL, N'RAW-8-2026-02-05-IN', N'2026-03-21 14:54:18'),
    (270, 8, N'2026-02-05 17:01:00', N'MC01', N'out', N'machine', 1, NULL, N'RAW-8-2026-02-05-OUT', N'2026-03-21 14:54:18'),
    (271, 8, N'2026-02-06 08:10:00', N'MC01', N'in', N'machine', 1, NULL, N'RAW-8-2026-02-06-IN', N'2026-03-21 14:54:18'),
    (272, 8, N'2026-02-06 17:00:00', N'MC01', N'out', N'machine', 1, NULL, N'RAW-8-2026-02-06-OUT', N'2026-03-21 14:54:18'),
    (273, 8, N'2026-02-09 08:00:00', N'MC01', N'in', N'machine', 1, NULL, N'RAW-8-2026-02-09-IN', N'2026-03-21 14:54:18'),
    (274, 8, N'2026-02-09 17:00:00', N'MC01', N'out', N'machine', 1, NULL, N'RAW-8-2026-02-09-OUT', N'2026-03-21 14:54:18'),
    (275, 8, N'2026-02-10 08:01:00', N'MC01', N'in', N'machine', 1, NULL, N'RAW-8-2026-02-10-IN', N'2026-03-21 14:54:18'),
    (276, 8, N'2026-02-10 16:59:00', N'MC01', N'out', N'machine', 1, NULL, N'RAW-8-2026-02-10-OUT', N'2026-03-21 14:54:18'),
    (277, 8, N'2026-02-11 08:00:00', N'MC01', N'in', N'machine', 1, NULL, N'RAW-8-2026-02-11-IN', N'2026-03-21 14:54:18'),
    (278, 8, N'2026-02-11 17:03:00', N'MC01', N'out', N'machine', 1, NULL, N'RAW-8-2026-02-11-OUT', N'2026-03-21 14:54:18'),
    (279, 8, N'2026-02-12 07:58:00', N'MC01', N'in', N'machine', 1, NULL, N'RAW-8-2026-02-12-IN', N'2026-03-21 14:54:18'),
    (280, 8, N'2026-02-12 17:00:00', N'MC01', N'out', N'machine', 1, NULL, N'RAW-8-2026-02-12-OUT', N'2026-03-21 14:54:18'),
    (281, 8, N'2026-02-13 07:58:00', N'MC01', N'in', N'machine', 1, NULL, N'RAW-8-2026-02-13-IN', N'2026-03-21 14:54:18'),
    (282, 8, N'2026-02-13 16:58:00', N'MC01', N'out', N'machine', 1, NULL, N'RAW-8-2026-02-13-OUT', N'2026-03-21 14:54:18'),
    (283, 8, N'2026-02-16 07:57:00', N'MC01', N'in', N'machine', 1, NULL, N'RAW-8-2026-02-16-IN', N'2026-03-21 14:54:18'),
    (284, 8, N'2026-02-16 17:00:00', N'MC01', N'out', N'machine', 1, NULL, N'RAW-8-2026-02-16-OUT', N'2026-03-21 14:54:18'),
    (285, 8, N'2026-02-17 08:02:00', N'MC01', N'in', N'machine', 1, NULL, N'RAW-8-2026-02-17-IN', N'2026-03-21 14:54:18'),
    (286, 8, N'2026-02-18 07:59:00', N'MC01', N'in', N'machine', 1, NULL, N'RAW-8-2026-02-18-IN', N'2026-03-21 14:54:18'),
    (287, 8, N'2026-02-18 17:03:00', N'MC01', N'out', N'machine', 1, NULL, N'RAW-8-2026-02-18-OUT', N'2026-03-21 14:54:18'),
    (288, 8, N'2026-02-19 08:00:00', N'MC01', N'in', N'machine', 1, NULL, N'RAW-8-2026-02-19-IN', N'2026-03-21 14:54:18'),
    (289, 8, N'2026-02-19 17:01:00', N'MC01', N'out', N'machine', 1, NULL, N'RAW-8-2026-02-19-OUT', N'2026-03-21 14:54:18'),
    (290, 8, N'2026-02-20 08:00:00', N'MC01', N'in', N'machine', 1, NULL, N'RAW-8-2026-02-20-IN', N'2026-03-21 14:54:18'),
    (291, 8, N'2026-02-20 16:58:00', N'MC01', N'out', N'machine', 1, NULL, N'RAW-8-2026-02-20-OUT', N'2026-03-21 14:54:18'),
    (292, 8, N'2026-02-23 08:01:00', N'MC01', N'in', N'machine', 1, NULL, N'RAW-8-2026-02-23-IN', N'2026-03-21 14:54:18'),
    (293, 8, N'2026-02-23 17:01:00', N'MC01', N'out', N'machine', 1, NULL, N'RAW-8-2026-02-23-OUT', N'2026-03-21 14:54:18'),
    (294, 8, N'2026-02-24 07:58:00', N'MC01', N'in', N'machine', 1, NULL, N'RAW-8-2026-02-24-IN', N'2026-03-21 14:54:18'),
    (295, 8, N'2026-02-24 16:58:00', N'MC01', N'out', N'machine', 1, NULL, N'RAW-8-2026-02-24-OUT', N'2026-03-21 14:54:18'),
    (296, 8, N'2026-02-25 07:57:00', N'MC01', N'in', N'machine', 1, NULL, N'RAW-8-2026-02-25-IN', N'2026-03-21 14:54:18'),
    (297, 8, N'2026-02-25 16:58:00', N'MC01', N'out', N'machine', 1, NULL, N'RAW-8-2026-02-25-OUT', N'2026-03-21 14:54:18'),
    (298, 8, N'2026-02-26 07:58:00', N'MC01', N'in', N'machine', 1, NULL, N'RAW-8-2026-02-26-IN', N'2026-03-21 14:54:18'),
    (299, 8, N'2026-02-26 17:01:00', N'MC01', N'out', N'machine', 1, NULL, N'RAW-8-2026-02-26-OUT', N'2026-03-21 14:54:18'),
    (300, 8, N'2026-02-27 07:58:00', N'MC01', N'in', N'machine', 1, NULL, N'RAW-8-2026-02-27-IN', N'2026-03-21 14:54:18'),
    (301, 8, N'2026-02-27 17:01:00', N'MC01', N'out', N'machine', 1, NULL, N'RAW-8-2026-02-27-OUT', N'2026-03-21 14:54:18'),
    (302, 9, N'2026-02-03 22:01:00', N'MC01', N'in', N'machine', 1, NULL, N'RAW-9-2026-02-03-IN', N'2026-03-21 14:54:18'),
    (303, 9, N'2026-02-04 06:02:00', N'MC01', N'out', N'machine', 1, NULL, N'RAW-9-2026-02-03-OUT', N'2026-03-21 14:54:18'),
    (304, 9, N'2026-02-04 21:59:00', N'MC01', N'in', N'machine', 1, NULL, N'RAW-9-2026-02-04-IN', N'2026-03-21 14:54:18'),
    (305, 9, N'2026-02-05 06:03:00', N'MC01', N'out', N'machine', 1, NULL, N'RAW-9-2026-02-04-OUT', N'2026-03-21 14:54:18'),
    (306, 9, N'2026-02-05 21:59:00', N'MC01', N'in', N'machine', 1, NULL, N'RAW-9-2026-02-05-IN', N'2026-03-21 14:54:18'),
    (307, 9, N'2026-02-06 06:02:00', N'MC01', N'out', N'machine', 1, NULL, N'RAW-9-2026-02-05-OUT', N'2026-03-21 14:54:18'),
    (308, 9, N'2026-02-06 22:00:00', N'MC01', N'in', N'machine', 1, NULL, N'RAW-9-2026-02-06-IN', N'2026-03-21 14:54:18'),
    (309, 9, N'2026-02-07 06:03:00', N'MC01', N'out', N'machine', 1, NULL, N'RAW-9-2026-02-06-OUT', N'2026-03-21 14:54:18'),
    (310, 9, N'2026-02-09 22:45:00', N'MC01', N'in', N'machine', 1, NULL, N'RAW-9-2026-02-09-IN', N'2026-03-21 14:54:18'),
    (311, 9, N'2026-02-10 06:02:00', N'MC01', N'out', N'machine', 1, NULL, N'RAW-9-2026-02-09-OUT', N'2026-03-21 14:54:18'),
    (312, 9, N'2026-02-10 21:58:00', N'MC01', N'in', N'machine', 1, NULL, N'RAW-9-2026-02-10-IN', N'2026-03-21 14:54:18'),
    (313, 9, N'2026-02-11 06:02:00', N'MC01', N'out', N'machine', 1, NULL, N'RAW-9-2026-02-10-OUT', N'2026-03-21 14:54:18'),
    (314, 9, N'2026-02-11 22:00:00', N'MC01', N'in', N'machine', 1, NULL, N'RAW-9-2026-02-11-IN', N'2026-03-21 14:54:18'),
    (315, 9, N'2026-02-12 06:02:00', N'MC01', N'out', N'machine', 1, NULL, N'RAW-9-2026-02-11-OUT', N'2026-03-21 14:54:18'),
    (316, 9, N'2026-02-12 22:01:00', N'MC01', N'in', N'machine', 1, NULL, N'RAW-9-2026-02-12-IN', N'2026-03-21 14:54:18'),
    (317, 9, N'2026-02-13 05:59:00', N'MC01', N'out', N'machine', 1, NULL, N'RAW-9-2026-02-12-OUT', N'2026-03-21 14:54:18'),
    (318, 9, N'2026-02-13 22:02:00', N'MC01', N'in', N'machine', 1, NULL, N'RAW-9-2026-02-13-IN', N'2026-03-21 14:54:18'),
    (319, 9, N'2026-02-14 05:58:00', N'MC01', N'out', N'machine', 1, NULL, N'RAW-9-2026-02-13-OUT', N'2026-03-21 14:54:18'),
    (320, 9, N'2026-02-16 21:58:00', N'MC01', N'in', N'machine', 1, NULL, N'RAW-9-2026-02-16-IN', N'2026-03-21 14:54:18'),
    (321, 9, N'2026-02-17 06:01:00', N'MC01', N'out', N'machine', 1, NULL, N'RAW-9-2026-02-16-OUT', N'2026-03-21 14:54:18'),
    (322, 9, N'2026-02-17 21:59:00', N'MC01', N'in', N'machine', 1, NULL, N'RAW-9-2026-02-17-IN', N'2026-03-21 14:54:18'),
    (323, 9, N'2026-02-18 06:02:00', N'MC01', N'out', N'machine', 1, NULL, N'RAW-9-2026-02-17-OUT', N'2026-03-21 14:54:18'),
    (324, 9, N'2026-02-18 21:59:00', N'MC01', N'in', N'machine', 1, NULL, N'RAW-9-2026-02-18-IN', N'2026-03-21 14:54:18'),
    (325, 9, N'2026-02-19 06:03:00', N'MC01', N'out', N'machine', 1, NULL, N'RAW-9-2026-02-18-OUT', N'2026-03-21 14:54:18'),
    (326, 9, N'2026-02-19 22:01:00', N'MC01', N'in', N'machine', 1, NULL, N'RAW-9-2026-02-19-IN', N'2026-03-21 14:54:18'),
    (327, 9, N'2026-02-20 06:03:00', N'MC01', N'out', N'machine', 1, NULL, N'RAW-9-2026-02-19-OUT', N'2026-03-21 14:54:18'),
    (328, 9, N'2026-02-20 21:58:00', N'MC01', N'in', N'machine', 1, NULL, N'RAW-9-2026-02-20-IN', N'2026-03-21 14:54:18'),
    (329, 9, N'2026-02-21 06:00:00', N'MC01', N'out', N'machine', 1, NULL, N'RAW-9-2026-02-20-OUT', N'2026-03-21 14:54:18'),
    (330, 9, N'2026-02-23 22:02:00', N'MC01', N'in', N'machine', 1, NULL, N'RAW-9-2026-02-23-IN', N'2026-03-21 14:54:18'),
    (331, 9, N'2026-02-24 06:00:00', N'MC01', N'out', N'machine', 1, NULL, N'RAW-9-2026-02-23-OUT', N'2026-03-21 14:54:18'),
    (332, 9, N'2026-02-24 21:58:00', N'MC01', N'in', N'machine', 1, NULL, N'RAW-9-2026-02-24-IN', N'2026-03-21 14:54:18'),
    (333, 9, N'2026-02-25 06:01:00', N'MC01', N'out', N'machine', 1, NULL, N'RAW-9-2026-02-24-OUT', N'2026-03-21 14:54:18'),
    (334, 9, N'2026-02-25 22:02:00', N'MC01', N'in', N'machine', 1, NULL, N'RAW-9-2026-02-25-IN', N'2026-03-21 14:54:18'),
    (335, 9, N'2026-02-26 05:58:00', N'MC01', N'out', N'machine', 1, NULL, N'RAW-9-2026-02-25-OUT', N'2026-03-21 14:54:18'),
    (336, 9, N'2026-02-26 21:57:00', N'MC01', N'in', N'machine', 1, NULL, N'RAW-9-2026-02-26-IN', N'2026-03-21 14:54:18'),
    (337, 9, N'2026-02-27 05:59:00', N'MC01', N'out', N'machine', 1, NULL, N'RAW-9-2026-02-26-OUT', N'2026-03-21 14:54:18'),
    (338, 9, N'2026-02-27 22:00:00', N'MC01', N'in', N'machine', 1, NULL, N'RAW-9-2026-02-27-IN', N'2026-03-21 14:54:18'),
    (339, 9, N'2026-02-28 06:01:00', N'MC01', N'out', N'machine', 1, NULL, N'RAW-9-2026-02-27-OUT', N'2026-03-21 14:54:18'),
    (340, 10, N'2026-02-03 08:01:00', N'MC01', N'in', N'machine', 1, NULL, N'RAW-10-2026-02-03-IN', N'2026-03-21 14:54:18'),
    (341, 10, N'2026-02-03 17:03:00', N'MC01', N'out', N'machine', 1, NULL, N'RAW-10-2026-02-03-OUT', N'2026-03-21 14:54:18'),
    (342, 10, N'2026-02-04 08:02:00', N'MC01', N'in', N'machine', 1, NULL, N'RAW-10-2026-02-04-IN', N'2026-03-21 14:54:18'),
    (343, 10, N'2026-02-04 16:59:00', N'MC01', N'out', N'machine', 1, NULL, N'RAW-10-2026-02-04-OUT', N'2026-03-21 14:54:18'),
    (344, 10, N'2026-02-05 07:58:00', N'MC01', N'in', N'machine', 1, NULL, N'RAW-10-2026-02-05-IN', N'2026-03-21 14:54:18'),
    (345, 10, N'2026-02-05 17:01:00', N'MC01', N'out', N'machine', 1, NULL, N'RAW-10-2026-02-05-OUT', N'2026-03-21 14:54:18'),
    (346, 10, N'2026-02-06 07:59:00', N'MC01', N'in', N'machine', 1, NULL, N'RAW-10-2026-02-06-IN', N'2026-03-21 14:54:18'),
    (347, 10, N'2026-02-06 16:59:00', N'MC01', N'out', N'machine', 1, NULL, N'RAW-10-2026-02-06-OUT', N'2026-03-21 14:54:18'),
    (348, 10, N'2026-02-09 07:59:00', N'MC01', N'in', N'machine', 1, NULL, N'RAW-10-2026-02-09-IN', N'2026-03-21 14:54:18'),
    (349, 10, N'2026-02-09 17:03:00', N'MC01', N'out', N'machine', 1, NULL, N'RAW-10-2026-02-09-OUT', N'2026-03-21 14:54:18'),
    (350, 10, N'2026-02-10 08:00:00', N'MC01', N'in', N'machine', 1, NULL, N'RAW-10-2026-02-10-IN', N'2026-03-21 14:54:18'),
    (351, 10, N'2026-02-10 17:01:00', N'MC01', N'out', N'machine', 1, NULL, N'RAW-10-2026-02-10-OUT', N'2026-03-21 14:54:18'),
    (352, 10, N'2026-02-11 07:57:00', N'MC01', N'in', N'machine', 1, NULL, N'RAW-10-2026-02-11-IN', N'2026-03-21 14:54:18'),
    (353, 10, N'2026-02-11 16:50:00', N'MC01', N'out', N'machine', 1, NULL, N'RAW-10-2026-02-11-OUT', N'2026-03-21 14:54:18'),
    (354, 10, N'2026-02-12 07:59:00', N'MC01', N'in', N'machine', 1, NULL, N'RAW-10-2026-02-12-IN', N'2026-03-21 14:54:18'),
    (355, 10, N'2026-02-12 17:00:00', N'MC01', N'out', N'machine', 1, NULL, N'RAW-10-2026-02-12-OUT', N'2026-03-21 14:54:18'),
    (356, 10, N'2026-02-13 07:59:00', N'MC01', N'in', N'machine', 1, NULL, N'RAW-10-2026-02-13-IN', N'2026-03-21 14:54:18'),
    (357, 10, N'2026-02-13 17:03:00', N'MC01', N'out', N'machine', 1, NULL, N'RAW-10-2026-02-13-OUT', N'2026-03-21 14:54:18'),
    (358, 10, N'2026-02-16 08:02:00', N'MC01', N'in', N'machine', 1, NULL, N'RAW-10-2026-02-16-IN', N'2026-03-21 14:54:18'),
    (359, 10, N'2026-02-16 17:00:00', N'MC01', N'out', N'machine', 1, NULL, N'RAW-10-2026-02-16-OUT', N'2026-03-21 14:54:18'),
    (360, 10, N'2026-02-17 07:58:00', N'MC01', N'in', N'machine', 1, NULL, N'RAW-10-2026-02-17-IN', N'2026-03-21 14:54:18'),
    (361, 10, N'2026-02-17 17:00:00', N'MC01', N'out', N'machine', 1, NULL, N'RAW-10-2026-02-17-OUT', N'2026-03-21 14:54:18'),
    (362, 10, N'2026-02-18 07:57:00', N'MC01', N'in', N'machine', 1, NULL, N'RAW-10-2026-02-18-IN', N'2026-03-21 14:54:18'),
    (363, 10, N'2026-02-18 17:03:00', N'MC01', N'out', N'machine', 1, NULL, N'RAW-10-2026-02-18-OUT', N'2026-03-21 14:54:18'),
    (364, 10, N'2026-02-20 08:02:00', N'MC01', N'in', N'machine', 1, NULL, N'RAW-10-2026-02-20-IN', N'2026-03-21 14:54:18'),
    (365, 10, N'2026-02-20 17:00:00', N'MC01', N'out', N'machine', 1, NULL, N'RAW-10-2026-02-20-OUT', N'2026-03-21 14:54:18'),
    (366, 10, N'2026-02-23 08:00:00', N'MC01', N'in', N'machine', 1, NULL, N'RAW-10-2026-02-23-IN', N'2026-03-21 14:54:18'),
    (367, 10, N'2026-02-23 17:00:00', N'MC01', N'out', N'machine', 1, NULL, N'RAW-10-2026-02-23-OUT', N'2026-03-21 14:54:18'),
    (368, 10, N'2026-02-24 08:02:00', N'MC01', N'in', N'machine', 1, NULL, N'RAW-10-2026-02-24-IN', N'2026-03-21 14:54:18'),
    (369, 10, N'2026-02-24 17:02:00', N'MC01', N'out', N'machine', 1, NULL, N'RAW-10-2026-02-24-OUT', N'2026-03-21 14:54:18'),
    (370, 10, N'2026-02-25 08:01:00', N'MC01', N'in', N'machine', 1, NULL, N'RAW-10-2026-02-25-IN', N'2026-03-21 14:54:18'),
    (371, 10, N'2026-02-25 17:01:00', N'MC01', N'out', N'machine', 1, NULL, N'RAW-10-2026-02-25-OUT', N'2026-03-21 14:54:18'),
    (372, 10, N'2026-02-26 08:01:00', N'MC01', N'in', N'machine', 1, NULL, N'RAW-10-2026-02-26-IN', N'2026-03-21 14:54:18'),
    (373, 10, N'2026-02-26 16:59:00', N'MC01', N'out', N'machine', 1, NULL, N'RAW-10-2026-02-26-OUT', N'2026-03-21 14:54:18'),
    (374, 10, N'2026-02-27 08:01:00', N'MC01', N'in', N'machine', 1, NULL, N'RAW-10-2026-02-27-IN', N'2026-03-21 14:54:18'),
    (375, 10, N'2026-02-27 17:01:00', N'MC01', N'out', N'machine', 1, NULL, N'RAW-10-2026-02-27-OUT', N'2026-03-21 14:54:18'),
    (376, 11, N'2026-02-03 13:00:00', N'MC01', N'in', N'machine', 1, NULL, N'RAW-11-2026-02-03-IN', N'2026-03-21 14:54:18'),
    (377, 11, N'2026-02-03 21:59:00', N'MC01', N'out', N'machine', 1, NULL, N'RAW-11-2026-02-03-OUT', N'2026-03-21 14:54:18'),
    (378, 11, N'2026-02-04 13:00:00', N'MC01', N'in', N'machine', 1, NULL, N'RAW-11-2026-02-04-IN', N'2026-03-21 14:54:18'),
    (379, 11, N'2026-02-04 21:59:00', N'MC01', N'out', N'machine', 1, NULL, N'RAW-11-2026-02-04-OUT', N'2026-03-21 14:54:18'),
    (380, 11, N'2026-02-05 12:58:00', N'MC01', N'in', N'machine', 1, NULL, N'RAW-11-2026-02-05-IN', N'2026-03-21 14:54:18'),
    (381, 11, N'2026-02-05 22:01:00', N'MC01', N'out', N'machine', 1, NULL, N'RAW-11-2026-02-05-OUT', N'2026-03-21 14:54:18'),
    (382, 11, N'2026-02-06 13:01:00', N'MC01', N'in', N'machine', 1, NULL, N'RAW-11-2026-02-06-IN', N'2026-03-21 14:54:18'),
    (383, 11, N'2026-02-06 22:00:00', N'MC01', N'out', N'machine', 1, NULL, N'RAW-11-2026-02-06-OUT', N'2026-03-21 14:54:18'),
    (384, 11, N'2026-02-09 13:02:00', N'MC01', N'in', N'machine', 1, NULL, N'RAW-11-2026-02-09-IN', N'2026-03-21 14:54:18'),
    (385, 11, N'2026-02-09 22:01:00', N'MC01', N'out', N'machine', 1, NULL, N'RAW-11-2026-02-09-OUT', N'2026-03-21 14:54:18'),
    (386, 11, N'2026-02-10 13:00:00', N'MC01', N'in', N'machine', 1, NULL, N'RAW-11-2026-02-10-IN', N'2026-03-21 14:54:18'),
    (387, 11, N'2026-02-10 21:59:00', N'MC01', N'out', N'machine', 1, NULL, N'RAW-11-2026-02-10-OUT', N'2026-03-21 14:54:18'),
    (388, 11, N'2026-02-11 13:02:00', N'MC01', N'in', N'machine', 1, NULL, N'RAW-11-2026-02-11-IN', N'2026-03-21 14:54:18'),
    (389, 11, N'2026-02-11 21:58:00', N'MC01', N'out', N'machine', 1, NULL, N'RAW-11-2026-02-11-OUT', N'2026-03-21 14:54:18'),
    (390, 11, N'2026-02-12 13:20:00', N'MC01', N'in', N'machine', 1, NULL, N'RAW-11-2026-02-12-IN', N'2026-03-21 14:54:18'),
    (391, 11, N'2026-02-12 22:02:00', N'MC01', N'out', N'machine', 1, NULL, N'RAW-11-2026-02-12-OUT', N'2026-03-21 14:54:18'),
    (392, 11, N'2026-02-13 13:02:00', N'MC01', N'in', N'machine', 1, NULL, N'RAW-11-2026-02-13-IN', N'2026-03-21 14:54:18'),
    (393, 11, N'2026-02-13 22:02:00', N'MC01', N'out', N'machine', 1, NULL, N'RAW-11-2026-02-13-OUT', N'2026-03-21 14:54:18'),
    (394, 11, N'2026-02-16 12:57:00', N'MC01', N'in', N'machine', 1, NULL, N'RAW-11-2026-02-16-IN', N'2026-03-21 14:54:18'),
    (395, 11, N'2026-02-16 21:59:00', N'MC01', N'out', N'machine', 1, NULL, N'RAW-11-2026-02-16-OUT', N'2026-03-21 14:54:18'),
    (396, 11, N'2026-02-17 13:02:00', N'MC01', N'in', N'machine', 1, NULL, N'RAW-11-2026-02-17-IN', N'2026-03-21 14:54:18'),
    (397, 11, N'2026-02-17 22:00:00', N'MC01', N'out', N'machine', 1, NULL, N'RAW-11-2026-02-17-OUT', N'2026-03-21 14:54:18'),
    (398, 11, N'2026-02-18 13:02:00', N'MC01', N'in', N'machine', 1, NULL, N'RAW-11-2026-02-18-IN', N'2026-03-21 14:54:18'),
    (399, 11, N'2026-02-18 22:02:00', N'MC01', N'out', N'machine', 1, NULL, N'RAW-11-2026-02-18-OUT', N'2026-03-21 14:54:18'),
    (400, 11, N'2026-02-19 12:57:00', N'MC01', N'in', N'machine', 1, NULL, N'RAW-11-2026-02-19-IN', N'2026-03-21 14:54:18'),
    (401, 11, N'2026-02-19 21:58:00', N'MC01', N'out', N'machine', 1, NULL, N'RAW-11-2026-02-19-OUT', N'2026-03-21 14:54:18'),
    (402, 11, N'2026-02-20 12:59:00', N'MC01', N'in', N'machine', 1, NULL, N'RAW-11-2026-02-20-IN', N'2026-03-21 14:54:18'),
    (403, 11, N'2026-02-20 21:58:00', N'MC01', N'out', N'machine', 1, NULL, N'RAW-11-2026-02-20-OUT', N'2026-03-21 14:54:18'),
    (404, 11, N'2026-02-23 21:58:00', N'MC01', N'out', N'machine', 1, NULL, N'RAW-11-2026-02-23-OUT', N'2026-03-21 14:54:18'),
    (405, 11, N'2026-02-24 12:58:00', N'MC01', N'in', N'machine', 1, NULL, N'RAW-11-2026-02-24-IN', N'2026-03-21 14:54:18'),
    (406, 11, N'2026-02-24 21:59:00', N'MC01', N'out', N'machine', 1, NULL, N'RAW-11-2026-02-24-OUT', N'2026-03-21 14:54:18'),
    (407, 11, N'2026-02-25 13:02:00', N'MC01', N'in', N'machine', 1, NULL, N'RAW-11-2026-02-25-IN', N'2026-03-21 14:54:18'),
    (408, 11, N'2026-02-25 21:58:00', N'MC01', N'out', N'machine', 1, NULL, N'RAW-11-2026-02-25-OUT', N'2026-03-21 14:54:18'),
    (409, 11, N'2026-02-26 13:02:00', N'MC01', N'in', N'machine', 1, NULL, N'RAW-11-2026-02-26-IN', N'2026-03-21 14:54:18'),
    (410, 11, N'2026-02-26 22:01:00', N'MC01', N'out', N'machine', 1, NULL, N'RAW-11-2026-02-26-OUT', N'2026-03-21 14:54:18'),
    (411, 11, N'2026-02-27 13:02:00', N'MC01', N'in', N'machine', 1, NULL, N'RAW-11-2026-02-27-IN', N'2026-03-21 14:54:18'),
    (412, 11, N'2026-02-27 22:00:00', N'MC01', N'out', N'machine', 1, NULL, N'RAW-11-2026-02-27-OUT', N'2026-03-21 14:54:18'),
    (413, 12, N'2026-02-03 07:57:00', N'MC01', N'in', N'machine', 1, NULL, N'RAW-12-2026-02-03-IN', N'2026-03-21 14:54:18'),
    (414, 12, N'2026-02-03 17:03:00', N'MC01', N'out', N'machine', 1, NULL, N'RAW-12-2026-02-03-OUT', N'2026-03-21 14:54:18'),
    (415, 12, N'2026-02-04 07:59:00', N'MC01', N'in', N'machine', 1, NULL, N'RAW-12-2026-02-04-IN', N'2026-03-21 14:54:18'),
    (416, 12, N'2026-02-04 17:03:00', N'MC01', N'out', N'machine', 1, NULL, N'RAW-12-2026-02-04-OUT', N'2026-03-21 14:54:18'),
    (417, 12, N'2026-02-05 09:05:00', N'MC01', N'in', N'machine', 1, NULL, N'RAW-12-2026-02-05-IN', N'2026-03-21 14:54:18'),
    (418, 12, N'2026-02-05 16:58:00', N'MC01', N'out', N'machine', 1, NULL, N'RAW-12-2026-02-05-OUT', N'2026-03-21 14:54:18'),
    (419, 12, N'2026-02-06 07:59:00', N'MC01', N'in', N'machine', 1, NULL, N'RAW-12-2026-02-06-IN', N'2026-03-21 14:54:18'),
    (420, 12, N'2026-02-06 16:59:00', N'MC01', N'out', N'machine', 1, NULL, N'RAW-12-2026-02-06-OUT', N'2026-03-21 14:54:18'),
    (421, 12, N'2026-02-09 08:01:00', N'MC01', N'in', N'machine', 1, NULL, N'RAW-12-2026-02-09-IN', N'2026-03-21 14:54:18'),
    (422, 12, N'2026-02-09 17:03:00', N'MC01', N'out', N'machine', 1, NULL, N'RAW-12-2026-02-09-OUT', N'2026-03-21 14:54:18'),
    (423, 12, N'2026-02-10 08:00:00', N'MC01', N'in', N'machine', 1, NULL, N'RAW-12-2026-02-10-IN', N'2026-03-21 14:54:18'),
    (424, 12, N'2026-02-10 17:03:00', N'MC01', N'out', N'machine', 1, NULL, N'RAW-12-2026-02-10-OUT', N'2026-03-21 14:54:18'),
    (425, 12, N'2026-02-11 08:01:00', N'MC01', N'in', N'machine', 1, NULL, N'RAW-12-2026-02-11-IN', N'2026-03-21 14:54:18'),
    (426, 12, N'2026-02-11 17:03:00', N'MC01', N'out', N'machine', 1, NULL, N'RAW-12-2026-02-11-OUT', N'2026-03-21 14:54:18'),
    (427, 12, N'2026-02-12 08:01:00', N'MC01', N'in', N'machine', 1, NULL, N'RAW-12-2026-02-12-IN', N'2026-03-21 14:54:18'),
    (428, 12, N'2026-02-12 17:01:00', N'MC01', N'out', N'machine', 1, NULL, N'RAW-12-2026-02-12-OUT', N'2026-03-21 14:54:18'),
    (429, 12, N'2026-02-13 08:02:00', N'MC01', N'in', N'machine', 1, NULL, N'RAW-12-2026-02-13-IN', N'2026-03-21 14:54:18'),
    (430, 12, N'2026-02-13 17:00:00', N'MC01', N'out', N'machine', 1, NULL, N'RAW-12-2026-02-13-OUT', N'2026-03-21 14:54:18'),
    (431, 12, N'2026-02-16 07:59:00', N'MC01', N'in', N'machine', 1, NULL, N'RAW-12-2026-02-16-IN', N'2026-03-21 14:54:18'),
    (432, 12, N'2026-02-16 16:59:00', N'MC01', N'out', N'machine', 1, NULL, N'RAW-12-2026-02-16-OUT', N'2026-03-21 14:54:18'),
    (433, 12, N'2026-02-17 07:57:00', N'MC01', N'in', N'machine', 1, NULL, N'RAW-12-2026-02-17-IN', N'2026-03-21 14:54:18'),
    (434, 12, N'2026-02-17 17:02:00', N'MC01', N'out', N'machine', 1, NULL, N'RAW-12-2026-02-17-OUT', N'2026-03-21 14:54:18'),
    (435, 12, N'2026-02-18 08:00:00', N'MC01', N'in', N'machine', 1, NULL, N'RAW-12-2026-02-18-IN', N'2026-03-21 14:54:18'),
    (436, 12, N'2026-02-18 17:01:00', N'MC01', N'out', N'machine', 1, NULL, N'RAW-12-2026-02-18-OUT', N'2026-03-21 14:54:18'),
    (437, 12, N'2026-02-19 07:58:00', N'MC01', N'in', N'machine', 1, NULL, N'RAW-12-2026-02-19-IN', N'2026-03-21 14:54:18'),
    (438, 12, N'2026-02-19 17:00:00', N'MC01', N'out', N'machine', 1, NULL, N'RAW-12-2026-02-19-OUT', N'2026-03-21 14:54:18'),
    (439, 12, N'2026-02-20 07:57:00', N'MC01', N'in', N'machine', 1, NULL, N'RAW-12-2026-02-20-IN', N'2026-03-21 14:54:18'),
    (440, 12, N'2026-02-20 17:00:00', N'MC01', N'out', N'machine', 1, NULL, N'RAW-12-2026-02-20-OUT', N'2026-03-21 14:54:18'),
    (441, 12, N'2026-02-23 08:01:00', N'MC01', N'in', N'machine', 1, NULL, N'RAW-12-2026-02-23-IN', N'2026-03-21 14:54:18'),
    (442, 12, N'2026-02-23 17:00:00', N'MC01', N'out', N'machine', 1, NULL, N'RAW-12-2026-02-23-OUT', N'2026-03-21 14:54:18'),
    (443, 12, N'2026-02-24 08:00:00', N'MC01', N'in', N'machine', 1, NULL, N'RAW-12-2026-02-24-IN', N'2026-03-21 14:54:18'),
    (444, 12, N'2026-02-24 17:02:00', N'MC01', N'out', N'machine', 1, NULL, N'RAW-12-2026-02-24-OUT', N'2026-03-21 14:54:18'),
    (445, 12, N'2026-02-25 07:57:00', N'MC01', N'in', N'machine', 1, NULL, N'RAW-12-2026-02-25-IN', N'2026-03-21 14:54:18'),
    (446, 12, N'2026-02-25 17:00:00', N'MC01', N'out', N'machine', 1, NULL, N'RAW-12-2026-02-25-OUT', N'2026-03-21 14:54:18'),
    (447, 12, N'2026-02-26 08:02:00', N'MC01', N'in', N'machine', 1, NULL, N'RAW-12-2026-02-26-IN', N'2026-03-21 14:54:18'),
    (448, 12, N'2026-02-26 17:03:00', N'MC01', N'out', N'machine', 1, NULL, N'RAW-12-2026-02-26-OUT', N'2026-03-21 14:54:18'),
    (449, 12, N'2026-02-27 07:58:00', N'MC01', N'in', N'machine', 1, NULL, N'RAW-12-2026-02-27-IN', N'2026-03-21 14:54:18'),
    (450, 12, N'2026-02-27 17:03:00', N'MC01', N'out', N'machine', 1, NULL, N'RAW-12-2026-02-27-OUT', N'2026-03-21 14:54:18'),
    (451, 13, N'2026-02-03 07:57:00', N'MC01', N'in', N'machine', 1, NULL, N'RAW-13-2026-02-03-IN', N'2026-03-21 14:54:18'),
    (452, 13, N'2026-02-03 17:01:00', N'MC01', N'out', N'machine', 1, NULL, N'RAW-13-2026-02-03-OUT', N'2026-03-21 14:54:18'),
    (453, 13, N'2026-02-04 07:58:00', N'MC01', N'in', N'machine', 1, NULL, N'RAW-13-2026-02-04-IN', N'2026-03-21 14:54:18'),
    (454, 13, N'2026-02-04 17:01:00', N'MC01', N'out', N'machine', 1, NULL, N'RAW-13-2026-02-04-OUT', N'2026-03-21 14:54:18'),
    (455, 13, N'2026-02-05 08:01:00', N'MC01', N'in', N'machine', 1, NULL, N'RAW-13-2026-02-05-IN', N'2026-03-21 14:54:18'),
    (456, 13, N'2026-02-05 16:59:00', N'MC01', N'out', N'machine', 1, NULL, N'RAW-13-2026-02-05-OUT', N'2026-03-21 14:54:18'),
    (457, 13, N'2026-02-06 07:57:00', N'MC01', N'in', N'machine', 1, NULL, N'RAW-13-2026-02-06-IN', N'2026-03-21 14:54:18'),
    (458, 13, N'2026-02-06 16:59:00', N'MC01', N'out', N'machine', 1, NULL, N'RAW-13-2026-02-06-OUT', N'2026-03-21 14:54:18'),
    (459, 13, N'2026-02-09 08:02:00', N'MC01', N'in', N'machine', 1, NULL, N'RAW-13-2026-02-09-IN', N'2026-03-21 14:54:18'),
    (460, 13, N'2026-02-09 16:58:00', N'MC01', N'out', N'machine', 1, NULL, N'RAW-13-2026-02-09-OUT', N'2026-03-21 14:54:18'),
    (461, 13, N'2026-02-10 08:00:00', N'MC01', N'in', N'machine', 1, NULL, N'RAW-13-2026-02-10-IN', N'2026-03-21 14:54:18'),
    (462, 13, N'2026-02-10 17:01:00', N'MC01', N'out', N'machine', 1, NULL, N'RAW-13-2026-02-10-OUT', N'2026-03-21 14:54:18'),
    (463, 13, N'2026-02-11 08:01:00', N'MC01', N'in', N'machine', 1, NULL, N'RAW-13-2026-02-11-IN', N'2026-03-21 14:54:18'),
    (464, 13, N'2026-02-11 16:58:00', N'MC01', N'out', N'machine', 1, NULL, N'RAW-13-2026-02-11-OUT', N'2026-03-21 14:54:18'),
    (465, 13, N'2026-02-12 08:02:00', N'MC01', N'in', N'machine', 1, NULL, N'RAW-13-2026-02-12-IN', N'2026-03-21 14:54:18'),
    (466, 13, N'2026-02-12 16:58:00', N'MC01', N'out', N'machine', 1, NULL, N'RAW-13-2026-02-12-OUT', N'2026-03-21 14:54:18'),
    (467, 13, N'2026-02-13 08:00:00', N'MC01', N'in', N'machine', 1, NULL, N'RAW-13-2026-02-13-IN', N'2026-03-21 14:54:18'),
    (468, 13, N'2026-02-13 16:58:00', N'MC01', N'out', N'machine', 1, NULL, N'RAW-13-2026-02-13-OUT', N'2026-03-21 14:54:18'),
    (469, 13, N'2026-02-16 08:01:00', N'MC01', N'in', N'machine', 1, NULL, N'RAW-13-2026-02-16-IN', N'2026-03-21 14:54:18'),
    (470, 13, N'2026-02-16 16:35:00', N'MC01', N'out', N'machine', 1, NULL, N'RAW-13-2026-02-16-OUT', N'2026-03-21 14:54:18'),
    (471, 13, N'2026-02-17 07:58:00', N'MC01', N'in', N'machine', 1, NULL, N'RAW-13-2026-02-17-IN', N'2026-03-21 14:54:18'),
    (472, 13, N'2026-02-17 16:59:00', N'MC01', N'out', N'machine', 1, NULL, N'RAW-13-2026-02-17-OUT', N'2026-03-21 14:54:18'),
    (473, 13, N'2026-02-18 08:02:00', N'MC01', N'in', N'machine', 1, NULL, N'RAW-13-2026-02-18-IN', N'2026-03-21 14:54:18'),
    (474, 13, N'2026-02-18 16:59:00', N'MC01', N'out', N'machine', 1, NULL, N'RAW-13-2026-02-18-OUT', N'2026-03-21 14:54:18'),
    (475, 13, N'2026-02-19 07:57:00', N'MC01', N'in', N'machine', 1, NULL, N'RAW-13-2026-02-19-IN', N'2026-03-21 14:54:18'),
    (476, 13, N'2026-02-19 17:02:00', N'MC01', N'out', N'machine', 1, NULL, N'RAW-13-2026-02-19-OUT', N'2026-03-21 14:54:18'),
    (477, 13, N'2026-02-20 08:02:00', N'MC01', N'in', N'machine', 1, NULL, N'RAW-13-2026-02-20-IN', N'2026-03-21 14:54:18'),
    (478, 13, N'2026-02-20 16:58:00', N'MC01', N'out', N'machine', 1, NULL, N'RAW-13-2026-02-20-OUT', N'2026-03-21 14:54:18'),
    (479, 13, N'2026-02-23 08:01:00', N'MC01', N'in', N'machine', 1, NULL, N'RAW-13-2026-02-23-IN', N'2026-03-21 14:54:18'),
    (480, 13, N'2026-02-23 16:59:00', N'MC01', N'out', N'machine', 1, NULL, N'RAW-13-2026-02-23-OUT', N'2026-03-21 14:54:18'),
    (481, 13, N'2026-02-24 07:59:00', N'MC01', N'in', N'machine', 1, NULL, N'RAW-13-2026-02-24-IN', N'2026-03-21 14:54:18'),
    (482, 13, N'2026-02-24 16:59:00', N'MC01', N'out', N'machine', 1, NULL, N'RAW-13-2026-02-24-OUT', N'2026-03-21 14:54:18'),
    (483, 13, N'2026-02-25 08:01:00', N'MC01', N'in', N'machine', 1, NULL, N'RAW-13-2026-02-25-IN', N'2026-03-21 14:54:18'),
    (484, 13, N'2026-02-25 16:58:00', N'MC01', N'out', N'machine', 1, NULL, N'RAW-13-2026-02-25-OUT', N'2026-03-21 14:54:18'),
    (485, 13, N'2026-02-26 08:01:00', N'MC01', N'in', N'machine', 1, NULL, N'RAW-13-2026-02-26-IN', N'2026-03-21 14:54:18'),
    (486, 13, N'2026-02-26 16:59:00', N'MC01', N'out', N'machine', 1, NULL, N'RAW-13-2026-02-26-OUT', N'2026-03-21 14:54:18'),
    (487, 13, N'2026-02-27 07:58:00', N'MC01', N'in', N'machine', 1, NULL, N'RAW-13-2026-02-27-IN', N'2026-03-21 14:54:18'),
    (488, 13, N'2026-02-27 17:00:00', N'MC01', N'out', N'machine', 1, NULL, N'RAW-13-2026-02-27-OUT', N'2026-03-21 14:54:18'),
    (489, 14, N'2026-02-03 07:57:00', N'MC01', N'in', N'machine', 1, NULL, N'RAW-14-2026-02-03-IN', N'2026-03-21 14:54:18'),
    (490, 14, N'2026-02-03 16:58:00', N'MC01', N'out', N'machine', 1, NULL, N'RAW-14-2026-02-03-OUT', N'2026-03-21 14:54:18'),
    (491, 14, N'2026-02-04 07:57:00', N'MC01', N'in', N'machine', 1, NULL, N'RAW-14-2026-02-04-IN', N'2026-03-21 14:54:18'),
    (492, 14, N'2026-02-04 17:01:00', N'MC01', N'out', N'machine', 1, NULL, N'RAW-14-2026-02-04-OUT', N'2026-03-21 14:54:18'),
    (493, 14, N'2026-02-05 07:59:00', N'MC01', N'in', N'machine', 1, NULL, N'RAW-14-2026-02-05-IN', N'2026-03-21 14:54:18'),
    (494, 14, N'2026-02-05 17:01:00', N'MC01', N'out', N'machine', 1, NULL, N'RAW-14-2026-02-05-OUT', N'2026-03-21 14:54:18'),
    (495, 14, N'2026-02-06 08:00:00', N'MC01', N'in', N'machine', 1, NULL, N'RAW-14-2026-02-06-IN', N'2026-03-21 14:54:18'),
    (496, 14, N'2026-02-06 16:58:00', N'MC01', N'out', N'machine', 1, NULL, N'RAW-14-2026-02-06-OUT', N'2026-03-21 14:54:18'),
    (497, 14, N'2026-02-09 07:58:00', N'MC01', N'in', N'machine', 1, NULL, N'RAW-14-2026-02-09-IN', N'2026-03-21 14:54:18'),
    (498, 14, N'2026-02-09 17:00:00', N'MC01', N'out', N'machine', 1, NULL, N'RAW-14-2026-02-09-OUT', N'2026-03-21 14:54:18'),
    (499, 14, N'2026-02-10 08:00:00', N'MC01', N'in', N'machine', 1, NULL, N'RAW-14-2026-02-10-IN', N'2026-03-21 14:54:18'),
    (500, 14, N'2026-02-10 17:01:00', N'MC01', N'out', N'machine', 1, NULL, N'RAW-14-2026-02-10-OUT', N'2026-03-21 14:54:18');
GO

INSERT INTO [dbo].[time_logs] ([id], [employee_id], [log_time], [machine_number], [log_type], [source], [is_valid], [invalid_reason], [raw_ref], [created_at])
VALUES
    (501, 14, N'2026-02-11 07:59:00', N'MC01', N'in', N'machine', 1, NULL, N'RAW-14-2026-02-11-IN', N'2026-03-21 14:54:18'),
    (502, 14, N'2026-02-11 17:00:00', N'MC01', N'out', N'machine', 1, NULL, N'RAW-14-2026-02-11-OUT', N'2026-03-21 14:54:18'),
    (503, 14, N'2026-02-12 07:58:00', N'MC01', N'in', N'machine', 1, NULL, N'RAW-14-2026-02-12-IN', N'2026-03-21 14:54:18'),
    (504, 14, N'2026-02-12 16:59:00', N'MC01', N'out', N'machine', 1, NULL, N'RAW-14-2026-02-12-OUT', N'2026-03-21 14:54:18'),
    (505, 14, N'2026-02-13 08:02:00', N'MC01', N'in', N'machine', 1, NULL, N'RAW-14-2026-02-13-IN', N'2026-03-21 14:54:18'),
    (506, 14, N'2026-02-13 17:03:00', N'MC01', N'out', N'machine', 1, NULL, N'RAW-14-2026-02-13-OUT', N'2026-03-21 14:54:18'),
    (507, 14, N'2026-02-16 07:57:00', N'MC01', N'in', N'machine', 1, NULL, N'RAW-14-2026-02-16-IN', N'2026-03-21 14:54:18'),
    (508, 14, N'2026-02-16 17:00:00', N'MC01', N'out', N'machine', 1, NULL, N'RAW-14-2026-02-16-OUT', N'2026-03-21 14:54:18'),
    (509, 14, N'2026-02-17 07:57:00', N'MC01', N'in', N'machine', 1, NULL, N'RAW-14-2026-02-17-IN', N'2026-03-21 14:54:18'),
    (510, 14, N'2026-02-17 16:59:00', N'MC01', N'out', N'machine', 1, NULL, N'RAW-14-2026-02-17-OUT', N'2026-03-21 14:54:18'),
    (511, 14, N'2026-02-18 08:08:00', N'MC01', N'in', N'machine', 1, NULL, N'RAW-14-2026-02-18-IN', N'2026-03-21 14:54:18'),
    (512, 14, N'2026-02-18 17:03:00', N'MC01', N'out', N'machine', 1, NULL, N'RAW-14-2026-02-18-OUT', N'2026-03-21 14:54:18'),
    (513, 14, N'2026-02-19 07:57:00', N'MC01', N'in', N'machine', 1, NULL, N'RAW-14-2026-02-19-IN', N'2026-03-21 14:54:18'),
    (514, 14, N'2026-02-19 17:01:00', N'MC01', N'out', N'machine', 1, NULL, N'RAW-14-2026-02-19-OUT', N'2026-03-21 14:54:18'),
    (515, 14, N'2026-02-20 07:58:00', N'MC01', N'in', N'machine', 1, NULL, N'RAW-14-2026-02-20-IN', N'2026-03-21 14:54:18'),
    (516, 14, N'2026-02-20 16:58:00', N'MC01', N'out', N'machine', 1, NULL, N'RAW-14-2026-02-20-OUT', N'2026-03-21 14:54:18'),
    (517, 14, N'2026-02-23 08:01:00', N'MC01', N'in', N'machine', 1, NULL, N'RAW-14-2026-02-23-IN', N'2026-03-21 14:54:18'),
    (518, 14, N'2026-02-23 16:58:00', N'MC01', N'out', N'machine', 1, NULL, N'RAW-14-2026-02-23-OUT', N'2026-03-21 14:54:18'),
    (519, 14, N'2026-02-24 08:02:00', N'MC01', N'in', N'machine', 1, NULL, N'RAW-14-2026-02-24-IN', N'2026-03-21 14:54:18'),
    (520, 14, N'2026-02-24 17:00:00', N'MC01', N'out', N'machine', 1, NULL, N'RAW-14-2026-02-24-OUT', N'2026-03-21 14:54:18'),
    (521, 14, N'2026-02-25 07:57:00', N'MC01', N'in', N'machine', 1, NULL, N'RAW-14-2026-02-25-IN', N'2026-03-21 14:54:18'),
    (522, 14, N'2026-02-25 17:03:00', N'MC01', N'out', N'machine', 1, NULL, N'RAW-14-2026-02-25-OUT', N'2026-03-21 14:54:18'),
    (523, 14, N'2026-02-26 08:01:00', N'MC01', N'in', N'machine', 1, NULL, N'RAW-14-2026-02-26-IN', N'2026-03-21 14:54:18'),
    (524, 14, N'2026-02-26 17:00:00', N'MC01', N'out', N'machine', 1, NULL, N'RAW-14-2026-02-26-OUT', N'2026-03-21 14:54:18'),
    (525, 14, N'2026-02-27 07:59:00', N'MC01', N'in', N'machine', 1, NULL, N'RAW-14-2026-02-27-IN', N'2026-03-21 14:54:18'),
    (526, 14, N'2026-02-27 16:58:00', N'MC01', N'out', N'machine', 1, NULL, N'RAW-14-2026-02-27-OUT', N'2026-03-21 14:54:18'),
    (527, 15, N'2026-02-03 07:59:00', N'MC01', N'in', N'machine', 1, NULL, N'RAW-15-2026-02-03-IN', N'2026-03-21 14:54:18'),
    (528, 15, N'2026-02-03 08:01:00', N'MC02', N'in', N'machine', 0, N'Duplicate check-in within 5 minutes', N'RAW-15-2026-02-03-IN-DUP', N'2026-03-21 14:54:18'),
    (529, 15, N'2026-02-03 17:02:00', N'MC01', N'out', N'machine', 1, NULL, N'RAW-15-2026-02-03-OUT', N'2026-03-21 14:54:18'),
    (530, 15, N'2026-02-04 07:57:00', N'MC01', N'in', N'machine', 1, NULL, N'RAW-15-2026-02-04-IN', N'2026-03-21 14:54:18'),
    (531, 15, N'2026-02-04 17:01:00', N'MC01', N'out', N'machine', 1, NULL, N'RAW-15-2026-02-04-OUT', N'2026-03-21 14:54:18'),
    (532, 15, N'2026-02-05 07:58:00', N'MC01', N'in', N'machine', 1, NULL, N'RAW-15-2026-02-05-IN', N'2026-03-21 14:54:18'),
    (533, 15, N'2026-02-05 17:01:00', N'MC01', N'out', N'machine', 1, NULL, N'RAW-15-2026-02-05-OUT', N'2026-03-21 14:54:18'),
    (534, 15, N'2026-02-06 07:59:00', N'MC01', N'in', N'machine', 1, NULL, N'RAW-15-2026-02-06-IN', N'2026-03-21 14:54:18'),
    (535, 15, N'2026-02-06 16:59:00', N'MC01', N'out', N'machine', 1, NULL, N'RAW-15-2026-02-06-OUT', N'2026-03-21 14:54:18'),
    (536, 15, N'2026-02-09 08:00:00', N'MC01', N'in', N'machine', 1, NULL, N'RAW-15-2026-02-09-IN', N'2026-03-21 14:54:18'),
    (537, 15, N'2026-02-09 17:00:00', N'MC01', N'out', N'machine', 1, NULL, N'RAW-15-2026-02-09-OUT', N'2026-03-21 14:54:18'),
    (538, 15, N'2026-02-10 07:59:00', N'MC01', N'in', N'machine', 1, NULL, N'RAW-15-2026-02-10-IN', N'2026-03-21 14:54:18'),
    (539, 15, N'2026-02-10 17:00:00', N'MC01', N'out', N'machine', 1, NULL, N'RAW-15-2026-02-10-OUT', N'2026-03-21 14:54:18'),
    (540, 15, N'2026-02-11 08:02:00', N'MC01', N'in', N'machine', 1, NULL, N'RAW-15-2026-02-11-IN', N'2026-03-21 14:54:18'),
    (541, 15, N'2026-02-11 17:01:00', N'MC01', N'out', N'machine', 1, NULL, N'RAW-15-2026-02-11-OUT', N'2026-03-21 14:54:18'),
    (542, 15, N'2026-02-12 07:59:00', N'MC01', N'in', N'machine', 1, NULL, N'RAW-15-2026-02-12-IN', N'2026-03-21 14:54:18'),
    (543, 15, N'2026-02-12 17:03:00', N'MC01', N'out', N'machine', 1, NULL, N'RAW-15-2026-02-12-OUT', N'2026-03-21 14:54:18'),
    (544, 15, N'2026-02-13 07:59:00', N'MC01', N'in', N'machine', 1, NULL, N'RAW-15-2026-02-13-IN', N'2026-03-21 14:54:18'),
    (545, 15, N'2026-02-13 17:00:00', N'MC01', N'out', N'machine', 1, NULL, N'RAW-15-2026-02-13-OUT', N'2026-03-21 14:54:18'),
    (546, 15, N'2026-02-16 08:01:00', N'MC01', N'in', N'machine', 1, NULL, N'RAW-15-2026-02-16-IN', N'2026-03-21 14:54:18'),
    (547, 15, N'2026-02-16 17:01:00', N'MC01', N'out', N'machine', 1, NULL, N'RAW-15-2026-02-16-OUT', N'2026-03-21 14:54:18'),
    (548, 15, N'2026-02-17 08:00:00', N'MC01', N'in', N'machine', 1, NULL, N'RAW-15-2026-02-17-IN', N'2026-03-21 14:54:18'),
    (549, 15, N'2026-02-17 16:58:00', N'MC01', N'out', N'machine', 1, NULL, N'RAW-15-2026-02-17-OUT', N'2026-03-21 14:54:18'),
    (550, 15, N'2026-02-18 07:58:00', N'MC01', N'in', N'machine', 1, NULL, N'RAW-15-2026-02-18-IN', N'2026-03-21 14:54:18'),
    (551, 15, N'2026-02-18 16:59:00', N'MC01', N'out', N'machine', 1, NULL, N'RAW-15-2026-02-18-OUT', N'2026-03-21 14:54:18'),
    (552, 15, N'2026-02-19 08:02:00', N'MC01', N'in', N'machine', 1, NULL, N'RAW-15-2026-02-19-IN', N'2026-03-21 14:54:18'),
    (553, 15, N'2026-02-19 16:58:00', N'MC01', N'out', N'machine', 1, NULL, N'RAW-15-2026-02-19-OUT', N'2026-03-21 14:54:18'),
    (554, 15, N'2026-02-20 08:12:00', N'MC01', N'in', N'machine', 1, NULL, N'RAW-15-2026-02-20-IN', N'2026-03-21 14:54:18'),
    (555, 15, N'2026-02-20 17:00:00', N'MC01', N'out', N'machine', 1, NULL, N'RAW-15-2026-02-20-OUT', N'2026-03-21 14:54:18'),
    (556, 15, N'2026-02-23 08:00:00', N'MC01', N'in', N'machine', 1, NULL, N'RAW-15-2026-02-23-IN', N'2026-03-21 14:54:18'),
    (557, 15, N'2026-02-23 17:01:00', N'MC01', N'out', N'machine', 1, NULL, N'RAW-15-2026-02-23-OUT', N'2026-03-21 14:54:18'),
    (558, 15, N'2026-02-24 07:59:00', N'MC01', N'in', N'machine', 1, NULL, N'RAW-15-2026-02-24-IN', N'2026-03-21 14:54:18'),
    (559, 15, N'2026-02-24 17:02:00', N'MC01', N'out', N'machine', 1, NULL, N'RAW-15-2026-02-24-OUT', N'2026-03-21 14:54:18'),
    (560, 15, N'2026-02-25 08:00:00', N'MC01', N'in', N'machine', 1, NULL, N'RAW-15-2026-02-25-IN', N'2026-03-21 14:54:18'),
    (561, 15, N'2026-02-25 17:03:00', N'MC01', N'out', N'machine', 1, NULL, N'RAW-15-2026-02-25-OUT', N'2026-03-21 14:54:18'),
    (562, 15, N'2026-02-26 07:57:00', N'MC01', N'in', N'machine', 1, NULL, N'RAW-15-2026-02-26-IN', N'2026-03-21 14:54:18'),
    (563, 15, N'2026-02-26 17:00:00', N'MC01', N'out', N'machine', 1, NULL, N'RAW-15-2026-02-26-OUT', N'2026-03-21 14:54:18'),
    (564, 15, N'2026-02-27 07:58:00', N'MC01', N'in', N'machine', 1, NULL, N'RAW-15-2026-02-27-IN', N'2026-03-21 14:54:18'),
    (565, 15, N'2026-02-27 17:00:00', N'MC01', N'out', N'machine', 1, NULL, N'RAW-15-2026-02-27-OUT', N'2026-03-21 14:54:18'),
    (566, 1, N'2026-03-02 08:01:00', N'MC01', N'in', N'machine', 1, NULL, N'RAW-1-2026-03-02-IN', N'2026-03-21 14:54:18'),
    (567, 1, N'2026-03-02 17:01:00', N'MC01', N'out', N'machine', 1, NULL, N'RAW-1-2026-03-02-OUT', N'2026-03-21 14:54:18'),
    (568, 1, N'2026-03-03 08:00:00', N'MC01', N'in', N'machine', 1, NULL, N'RAW-1-2026-03-03-IN', N'2026-03-21 14:54:18'),
    (569, 1, N'2026-03-03 16:59:00', N'MC01', N'out', N'machine', 1, NULL, N'RAW-1-2026-03-03-OUT', N'2026-03-21 14:54:18'),
    (570, 1, N'2026-03-04 08:01:00', N'MC01', N'in', N'machine', 1, NULL, N'RAW-1-2026-03-04-IN', N'2026-03-21 14:54:18'),
    (571, 1, N'2026-03-04 17:00:00', N'MC01', N'out', N'machine', 1, NULL, N'RAW-1-2026-03-04-OUT', N'2026-03-21 14:54:18'),
    (572, 1, N'2026-03-05 08:01:00', N'MC01', N'in', N'machine', 1, NULL, N'RAW-1-2026-03-05-IN', N'2026-03-21 14:54:18'),
    (573, 1, N'2026-03-05 16:59:00', N'MC01', N'out', N'machine', 1, NULL, N'RAW-1-2026-03-05-OUT', N'2026-03-21 14:54:18'),
    (574, 1, N'2026-03-06 08:02:00', N'MC01', N'in', N'machine', 1, NULL, N'RAW-1-2026-03-06-IN', N'2026-03-21 14:54:18'),
    (575, 1, N'2026-03-06 17:03:00', N'MC01', N'out', N'machine', 1, NULL, N'RAW-1-2026-03-06-OUT', N'2026-03-21 14:54:18'),
    (576, 1, N'2026-03-09 08:02:00', N'MC01', N'in', N'machine', 1, NULL, N'RAW-1-2026-03-09-IN', N'2026-03-21 14:54:18'),
    (577, 1, N'2026-03-09 16:59:00', N'MC01', N'out', N'machine', 1, NULL, N'RAW-1-2026-03-09-OUT', N'2026-03-21 14:54:18'),
    (578, 1, N'2026-03-10 08:01:00', N'MC01', N'in', N'machine', 1, NULL, N'RAW-1-2026-03-10-IN', N'2026-03-21 14:54:18'),
    (579, 1, N'2026-03-10 16:58:00', N'MC01', N'out', N'machine', 1, NULL, N'RAW-1-2026-03-10-OUT', N'2026-03-21 14:54:18'),
    (580, 1, N'2026-03-11 08:02:00', N'MC01', N'in', N'machine', 1, NULL, N'RAW-1-2026-03-11-IN', N'2026-03-21 14:54:18'),
    (581, 1, N'2026-03-11 17:00:00', N'MC01', N'out', N'machine', 1, NULL, N'RAW-1-2026-03-11-OUT', N'2026-03-21 14:54:18'),
    (582, 1, N'2026-03-12 08:01:00', N'MC01', N'in', N'machine', 1, NULL, N'RAW-1-2026-03-12-IN', N'2026-03-21 14:54:18'),
    (583, 1, N'2026-03-12 16:58:00', N'MC01', N'out', N'machine', 1, NULL, N'RAW-1-2026-03-12-OUT', N'2026-03-21 14:54:18'),
    (584, 1, N'2026-03-13 07:59:00', N'MC01', N'in', N'machine', 1, NULL, N'RAW-1-2026-03-13-IN', N'2026-03-21 14:54:18'),
    (585, 1, N'2026-03-13 17:01:00', N'MC01', N'out', N'machine', 1, NULL, N'RAW-1-2026-03-13-OUT', N'2026-03-21 14:54:18'),
    (586, 1, N'2026-03-16 08:02:00', N'MC01', N'in', N'machine', 1, NULL, N'RAW-1-2026-03-16-IN', N'2026-03-21 14:54:18'),
    (587, 1, N'2026-03-16 17:02:00', N'MC01', N'out', N'machine', 1, NULL, N'RAW-1-2026-03-16-OUT', N'2026-03-21 14:54:18'),
    (588, 1, N'2026-03-17 08:00:00', N'MC01', N'in', N'machine', 1, NULL, N'RAW-1-2026-03-17-IN', N'2026-03-21 14:54:18'),
    (589, 1, N'2026-03-17 17:00:00', N'MC01', N'out', N'machine', 1, NULL, N'RAW-1-2026-03-17-OUT', N'2026-03-21 14:54:18'),
    (590, 1, N'2026-03-18 07:59:00', N'MC01', N'in', N'machine', 1, NULL, N'RAW-1-2026-03-18-IN', N'2026-03-21 14:54:18'),
    (591, 1, N'2026-03-18 17:01:00', N'MC01', N'out', N'machine', 1, NULL, N'RAW-1-2026-03-18-OUT', N'2026-03-21 14:54:18'),
    (592, 1, N'2026-03-19 08:00:00', N'MC01', N'in', N'machine', 1, NULL, N'RAW-1-2026-03-19-IN', N'2026-03-21 14:54:18'),
    (593, 1, N'2026-03-19 16:58:00', N'MC01', N'out', N'machine', 1, NULL, N'RAW-1-2026-03-19-OUT', N'2026-03-21 14:54:18'),
    (594, 1, N'2026-03-20 08:02:00', N'MC01', N'in', N'machine', 1, NULL, N'RAW-1-2026-03-20-IN', N'2026-03-21 14:54:18'),
    (595, 1, N'2026-03-20 16:58:00', N'MC01', N'out', N'machine', 1, NULL, N'RAW-1-2026-03-20-OUT', N'2026-03-21 14:54:18'),
    (596, 2, N'2026-03-02 08:01:00', N'MC01', N'in', N'machine', 1, NULL, N'RAW-2-2026-03-02-IN', N'2026-03-21 14:54:18'),
    (597, 2, N'2026-03-02 17:03:00', N'MC01', N'out', N'machine', 1, NULL, N'RAW-2-2026-03-02-OUT', N'2026-03-21 14:54:18'),
    (598, 2, N'2026-03-03 07:58:00', N'MC01', N'in', N'machine', 1, NULL, N'RAW-2-2026-03-03-IN', N'2026-03-21 14:54:18'),
    (599, 2, N'2026-03-03 16:58:00', N'MC01', N'out', N'machine', 1, NULL, N'RAW-2-2026-03-03-OUT', N'2026-03-21 14:54:18'),
    (600, 2, N'2026-03-04 08:02:00', N'MC01', N'in', N'machine', 1, NULL, N'RAW-2-2026-03-04-IN', N'2026-03-21 14:54:18'),
    (601, 2, N'2026-03-04 17:02:00', N'MC01', N'out', N'machine', 1, NULL, N'RAW-2-2026-03-04-OUT', N'2026-03-21 14:54:18'),
    (602, 2, N'2026-03-05 07:58:00', N'MC01', N'in', N'machine', 1, NULL, N'RAW-2-2026-03-05-IN', N'2026-03-21 14:54:18'),
    (603, 2, N'2026-03-05 17:01:00', N'MC01', N'out', N'machine', 1, NULL, N'RAW-2-2026-03-05-OUT', N'2026-03-21 14:54:18'),
    (604, 2, N'2026-03-06 07:59:00', N'MC01', N'in', N'machine', 1, NULL, N'RAW-2-2026-03-06-IN', N'2026-03-21 14:54:18'),
    (605, 2, N'2026-03-06 17:01:00', N'MC01', N'out', N'machine', 1, NULL, N'RAW-2-2026-03-06-OUT', N'2026-03-21 14:54:18'),
    (606, 2, N'2026-03-09 08:01:00', N'MC01', N'in', N'machine', 1, NULL, N'RAW-2-2026-03-09-IN', N'2026-03-21 14:54:18'),
    (607, 2, N'2026-03-09 17:00:00', N'MC01', N'out', N'machine', 1, NULL, N'RAW-2-2026-03-09-OUT', N'2026-03-21 14:54:18'),
    (608, 2, N'2026-03-10 08:01:00', N'MC01', N'in', N'machine', 1, NULL, N'RAW-2-2026-03-10-IN', N'2026-03-21 14:54:18'),
    (609, 2, N'2026-03-10 17:03:00', N'MC01', N'out', N'machine', 1, NULL, N'RAW-2-2026-03-10-OUT', N'2026-03-21 14:54:18'),
    (610, 2, N'2026-03-11 07:57:00', N'MC01', N'in', N'machine', 1, NULL, N'RAW-2-2026-03-11-IN', N'2026-03-21 14:54:18'),
    (611, 2, N'2026-03-11 17:01:00', N'MC01', N'out', N'machine', 1, NULL, N'RAW-2-2026-03-11-OUT', N'2026-03-21 14:54:18'),
    (612, 2, N'2026-03-12 08:00:00', N'MC01', N'in', N'machine', 1, NULL, N'RAW-2-2026-03-12-IN', N'2026-03-21 14:54:18'),
    (613, 2, N'2026-03-12 17:03:00', N'MC01', N'out', N'machine', 1, NULL, N'RAW-2-2026-03-12-OUT', N'2026-03-21 14:54:18'),
    (614, 2, N'2026-03-13 07:57:00', N'MC01', N'in', N'machine', 1, NULL, N'RAW-2-2026-03-13-IN', N'2026-03-21 14:54:18'),
    (615, 2, N'2026-03-13 17:02:00', N'MC01', N'out', N'machine', 1, NULL, N'RAW-2-2026-03-13-OUT', N'2026-03-21 14:54:18'),
    (616, 2, N'2026-03-16 07:58:00', N'MC01', N'in', N'machine', 1, NULL, N'RAW-2-2026-03-16-IN', N'2026-03-21 14:54:18'),
    (617, 2, N'2026-03-16 16:59:00', N'MC01', N'out', N'machine', 1, NULL, N'RAW-2-2026-03-16-OUT', N'2026-03-21 14:54:18'),
    (618, 2, N'2026-03-17 08:01:00', N'MC01', N'in', N'machine', 1, NULL, N'RAW-2-2026-03-17-IN', N'2026-03-21 14:54:18'),
    (619, 2, N'2026-03-17 17:01:00', N'MC01', N'out', N'machine', 1, NULL, N'RAW-2-2026-03-17-OUT', N'2026-03-21 14:54:18'),
    (620, 2, N'2026-03-18 07:57:00', N'MC01', N'in', N'machine', 1, NULL, N'RAW-2-2026-03-18-IN', N'2026-03-21 14:54:18'),
    (621, 2, N'2026-03-18 17:01:00', N'MC01', N'out', N'machine', 1, NULL, N'RAW-2-2026-03-18-OUT', N'2026-03-21 14:54:18'),
    (622, 2, N'2026-03-19 07:57:00', N'MC01', N'in', N'machine', 1, NULL, N'RAW-2-2026-03-19-IN', N'2026-03-21 14:54:18'),
    (623, 2, N'2026-03-19 16:59:00', N'MC01', N'out', N'machine', 1, NULL, N'RAW-2-2026-03-19-OUT', N'2026-03-21 14:54:18'),
    (624, 2, N'2026-03-20 08:01:00', N'MC01', N'in', N'machine', 1, NULL, N'RAW-2-2026-03-20-IN', N'2026-03-21 14:54:18'),
    (625, 2, N'2026-03-20 17:00:00', N'MC01', N'out', N'machine', 1, NULL, N'RAW-2-2026-03-20-OUT', N'2026-03-21 14:54:18'),
    (626, 3, N'2026-03-02 07:59:00', N'MC01', N'in', N'machine', 1, NULL, N'RAW-3-2026-03-02-IN', N'2026-03-21 14:54:18'),
    (627, 3, N'2026-03-02 16:59:00', N'MC01', N'out', N'machine', 1, NULL, N'RAW-3-2026-03-02-OUT', N'2026-03-21 14:54:18'),
    (628, 3, N'2026-03-03 07:58:00', N'MC01', N'in', N'machine', 1, NULL, N'RAW-3-2026-03-03-IN', N'2026-03-21 14:54:18'),
    (629, 3, N'2026-03-03 17:00:00', N'MC01', N'out', N'machine', 1, NULL, N'RAW-3-2026-03-03-OUT', N'2026-03-21 14:54:18'),
    (630, 3, N'2026-03-04 07:58:00', N'MC01', N'in', N'machine', 1, NULL, N'RAW-3-2026-03-04-IN', N'2026-03-21 14:54:18'),
    (631, 3, N'2026-03-04 17:01:00', N'MC01', N'out', N'machine', 1, NULL, N'RAW-3-2026-03-04-OUT', N'2026-03-21 14:54:18'),
    (632, 3, N'2026-03-05 08:00:00', N'MC01', N'in', N'machine', 1, NULL, N'RAW-3-2026-03-05-IN', N'2026-03-21 14:54:18'),
    (633, 3, N'2026-03-05 17:02:00', N'MC01', N'out', N'machine', 1, NULL, N'RAW-3-2026-03-05-OUT', N'2026-03-21 14:54:18'),
    (634, 3, N'2026-03-06 07:58:00', N'MC01', N'in', N'machine', 1, NULL, N'RAW-3-2026-03-06-IN', N'2026-03-21 14:54:18'),
    (635, 3, N'2026-03-06 16:58:00', N'MC01', N'out', N'machine', 1, NULL, N'RAW-3-2026-03-06-OUT', N'2026-03-21 14:54:18'),
    (636, 3, N'2026-03-09 08:00:00', N'MC01', N'in', N'machine', 1, NULL, N'RAW-3-2026-03-09-IN', N'2026-03-21 14:54:18'),
    (637, 3, N'2026-03-09 16:59:00', N'MC01', N'out', N'machine', 1, NULL, N'RAW-3-2026-03-09-OUT', N'2026-03-21 14:54:18'),
    (638, 3, N'2026-03-10 07:58:00', N'MC01', N'in', N'machine', 1, NULL, N'RAW-3-2026-03-10-IN', N'2026-03-21 14:54:18'),
    (639, 3, N'2026-03-10 17:02:00', N'MC01', N'out', N'machine', 1, NULL, N'RAW-3-2026-03-10-OUT', N'2026-03-21 14:54:18'),
    (640, 3, N'2026-03-11 07:59:00', N'MC01', N'in', N'machine', 1, NULL, N'RAW-3-2026-03-11-IN', N'2026-03-21 14:54:18'),
    (641, 3, N'2026-03-11 16:59:00', N'MC01', N'out', N'machine', 1, NULL, N'RAW-3-2026-03-11-OUT', N'2026-03-21 14:54:18'),
    (642, 3, N'2026-03-12 07:59:00', N'MC01', N'in', N'machine', 1, NULL, N'RAW-3-2026-03-12-IN', N'2026-03-21 14:54:18'),
    (643, 3, N'2026-03-12 16:59:00', N'MC01', N'out', N'machine', 1, NULL, N'RAW-3-2026-03-12-OUT', N'2026-03-21 14:54:18'),
    (644, 3, N'2026-03-13 07:58:00', N'MC01', N'in', N'machine', 1, NULL, N'RAW-3-2026-03-13-IN', N'2026-03-21 14:54:18'),
    (645, 3, N'2026-03-13 16:59:00', N'MC01', N'out', N'machine', 1, NULL, N'RAW-3-2026-03-13-OUT', N'2026-03-21 14:54:18'),
    (646, 3, N'2026-03-16 07:57:00', N'MC01', N'in', N'machine', 1, NULL, N'RAW-3-2026-03-16-IN', N'2026-03-21 14:54:18'),
    (647, 3, N'2026-03-16 17:02:00', N'MC01', N'out', N'machine', 1, NULL, N'RAW-3-2026-03-16-OUT', N'2026-03-21 14:54:18'),
    (648, 3, N'2026-03-17 08:02:00', N'MC01', N'in', N'machine', 1, NULL, N'RAW-3-2026-03-17-IN', N'2026-03-21 14:54:18'),
    (649, 3, N'2026-03-17 16:58:00', N'MC01', N'out', N'machine', 1, NULL, N'RAW-3-2026-03-17-OUT', N'2026-03-21 14:54:18'),
    (650, 3, N'2026-03-18 07:59:00', N'MC01', N'in', N'machine', 1, NULL, N'RAW-3-2026-03-18-IN', N'2026-03-21 14:54:18'),
    (651, 3, N'2026-03-18 16:59:00', N'MC01', N'out', N'machine', 1, NULL, N'RAW-3-2026-03-18-OUT', N'2026-03-21 14:54:18'),
    (652, 3, N'2026-03-19 08:00:00', N'MC01', N'in', N'machine', 1, NULL, N'RAW-3-2026-03-19-IN', N'2026-03-21 14:54:18'),
    (653, 3, N'2026-03-19 16:59:00', N'MC01', N'out', N'machine', 1, NULL, N'RAW-3-2026-03-19-OUT', N'2026-03-21 14:54:18'),
    (654, 3, N'2026-03-20 07:58:00', N'MC01', N'in', N'machine', 1, NULL, N'RAW-3-2026-03-20-IN', N'2026-03-21 14:54:18'),
    (655, 3, N'2026-03-20 16:58:00', N'MC01', N'out', N'machine', 1, NULL, N'RAW-3-2026-03-20-OUT', N'2026-03-21 14:54:18'),
    (656, 4, N'2026-03-02 07:58:00', N'MC01', N'in', N'machine', 1, NULL, N'RAW-4-2026-03-02-IN', N'2026-03-21 14:54:18'),
    (657, 4, N'2026-03-02 16:58:00', N'MC01', N'out', N'machine', 1, NULL, N'RAW-4-2026-03-02-OUT', N'2026-03-21 14:54:18'),
    (658, 4, N'2026-03-03 08:01:00', N'MC01', N'in', N'machine', 1, NULL, N'RAW-4-2026-03-03-IN', N'2026-03-21 14:54:18'),
    (659, 4, N'2026-03-03 17:02:00', N'MC01', N'out', N'machine', 1, NULL, N'RAW-4-2026-03-03-OUT', N'2026-03-21 14:54:18'),
    (660, 4, N'2026-03-04 07:57:00', N'MC01', N'in', N'machine', 1, NULL, N'RAW-4-2026-03-04-IN', N'2026-03-21 14:54:18'),
    (661, 4, N'2026-03-04 17:03:00', N'MC01', N'out', N'machine', 1, NULL, N'RAW-4-2026-03-04-OUT', N'2026-03-21 14:54:18'),
    (662, 4, N'2026-03-05 08:01:00', N'MC01', N'in', N'machine', 1, NULL, N'RAW-4-2026-03-05-IN', N'2026-03-21 14:54:18'),
    (663, 4, N'2026-03-05 16:58:00', N'MC01', N'out', N'machine', 1, NULL, N'RAW-4-2026-03-05-OUT', N'2026-03-21 14:54:18'),
    (664, 4, N'2026-03-06 07:58:00', N'MC01', N'in', N'machine', 1, NULL, N'RAW-4-2026-03-06-IN', N'2026-03-21 14:54:18'),
    (665, 4, N'2026-03-06 17:03:00', N'MC01', N'out', N'machine', 1, NULL, N'RAW-4-2026-03-06-OUT', N'2026-03-21 14:54:18'),
    (666, 4, N'2026-03-09 08:00:00', N'MC01', N'in', N'machine', 1, NULL, N'RAW-4-2026-03-09-IN', N'2026-03-21 14:54:18'),
    (667, 4, N'2026-03-09 16:58:00', N'MC01', N'out', N'machine', 1, NULL, N'RAW-4-2026-03-09-OUT', N'2026-03-21 14:54:18'),
    (668, 4, N'2026-03-10 07:59:00', N'MC01', N'in', N'machine', 1, NULL, N'RAW-4-2026-03-10-IN', N'2026-03-21 14:54:18'),
    (669, 4, N'2026-03-10 17:03:00', N'MC01', N'out', N'machine', 1, NULL, N'RAW-4-2026-03-10-OUT', N'2026-03-21 14:54:18'),
    (670, 4, N'2026-03-11 08:02:00', N'MC01', N'in', N'machine', 1, NULL, N'RAW-4-2026-03-11-IN', N'2026-03-21 14:54:18'),
    (671, 4, N'2026-03-11 17:02:00', N'MC01', N'out', N'machine', 1, NULL, N'RAW-4-2026-03-11-OUT', N'2026-03-21 14:54:18'),
    (672, 4, N'2026-03-12 07:57:00', N'MC01', N'in', N'machine', 1, NULL, N'RAW-4-2026-03-12-IN', N'2026-03-21 14:54:18'),
    (673, 4, N'2026-03-12 16:58:00', N'MC01', N'out', N'machine', 1, NULL, N'RAW-4-2026-03-12-OUT', N'2026-03-21 14:54:18'),
    (674, 4, N'2026-03-13 08:01:00', N'MC01', N'in', N'machine', 1, NULL, N'RAW-4-2026-03-13-IN', N'2026-03-21 14:54:18'),
    (675, 4, N'2026-03-13 16:59:00', N'MC01', N'out', N'machine', 1, NULL, N'RAW-4-2026-03-13-OUT', N'2026-03-21 14:54:18'),
    (676, 4, N'2026-03-16 07:57:00', N'MC01', N'in', N'machine', 1, NULL, N'RAW-4-2026-03-16-IN', N'2026-03-21 14:54:18'),
    (677, 4, N'2026-03-16 16:59:00', N'MC01', N'out', N'machine', 1, NULL, N'RAW-4-2026-03-16-OUT', N'2026-03-21 14:54:18'),
    (678, 4, N'2026-03-17 07:58:00', N'MC01', N'in', N'machine', 1, NULL, N'RAW-4-2026-03-17-IN', N'2026-03-21 14:54:18'),
    (679, 4, N'2026-03-17 16:58:00', N'MC01', N'out', N'machine', 1, NULL, N'RAW-4-2026-03-17-OUT', N'2026-03-21 14:54:18'),
    (680, 4, N'2026-03-18 08:00:00', N'MC01', N'in', N'machine', 1, NULL, N'RAW-4-2026-03-18-IN', N'2026-03-21 14:54:18'),
    (681, 4, N'2026-03-18 16:59:00', N'MC01', N'out', N'machine', 1, NULL, N'RAW-4-2026-03-18-OUT', N'2026-03-21 14:54:18'),
    (682, 4, N'2026-03-19 07:58:00', N'MC01', N'in', N'machine', 1, NULL, N'RAW-4-2026-03-19-IN', N'2026-03-21 14:54:18'),
    (683, 4, N'2026-03-19 16:58:00', N'MC01', N'out', N'machine', 1, NULL, N'RAW-4-2026-03-19-OUT', N'2026-03-21 14:54:18'),
    (684, 4, N'2026-03-20 08:00:00', N'MC01', N'in', N'machine', 1, NULL, N'RAW-4-2026-03-20-IN', N'2026-03-21 14:54:18'),
    (685, 4, N'2026-03-20 16:59:00', N'MC01', N'out', N'machine', 1, NULL, N'RAW-4-2026-03-20-OUT', N'2026-03-21 14:54:18'),
    (686, 5, N'2026-03-02 08:01:00', N'MC01', N'in', N'machine', 1, NULL, N'RAW-5-2026-03-02-IN', N'2026-03-21 14:54:18'),
    (687, 5, N'2026-03-02 17:01:00', N'MC01', N'out', N'machine', 1, NULL, N'RAW-5-2026-03-02-OUT', N'2026-03-21 14:54:18'),
    (688, 5, N'2026-03-03 07:57:00', N'MC01', N'in', N'machine', 1, NULL, N'RAW-5-2026-03-03-IN', N'2026-03-21 14:54:18'),
    (689, 5, N'2026-03-03 16:58:00', N'MC01', N'out', N'machine', 1, NULL, N'RAW-5-2026-03-03-OUT', N'2026-03-21 14:54:18'),
    (690, 5, N'2026-03-04 07:57:00', N'MC01', N'in', N'machine', 1, NULL, N'RAW-5-2026-03-04-IN', N'2026-03-21 14:54:18'),
    (691, 5, N'2026-03-04 16:58:00', N'MC01', N'out', N'machine', 1, NULL, N'RAW-5-2026-03-04-OUT', N'2026-03-21 14:54:18'),
    (692, 5, N'2026-03-05 08:01:00', N'MC01', N'in', N'machine', 1, NULL, N'RAW-5-2026-03-05-IN', N'2026-03-21 14:54:18'),
    (693, 5, N'2026-03-05 17:01:00', N'MC01', N'out', N'machine', 1, NULL, N'RAW-5-2026-03-05-OUT', N'2026-03-21 14:54:18'),
    (694, 5, N'2026-03-06 07:59:00', N'MC01', N'in', N'machine', 1, NULL, N'RAW-5-2026-03-06-IN', N'2026-03-21 14:54:18'),
    (695, 5, N'2026-03-06 17:02:00', N'MC01', N'out', N'machine', 1, NULL, N'RAW-5-2026-03-06-OUT', N'2026-03-21 14:54:18'),
    (696, 5, N'2026-03-09 07:58:00', N'MC01', N'in', N'machine', 1, NULL, N'RAW-5-2026-03-09-IN', N'2026-03-21 14:54:18'),
    (697, 5, N'2026-03-09 17:00:00', N'MC01', N'out', N'machine', 1, NULL, N'RAW-5-2026-03-09-OUT', N'2026-03-21 14:54:18'),
    (698, 5, N'2026-03-10 08:01:00', N'MC01', N'in', N'machine', 1, NULL, N'RAW-5-2026-03-10-IN', N'2026-03-21 14:54:18'),
    (699, 5, N'2026-03-10 16:58:00', N'MC01', N'out', N'machine', 1, NULL, N'RAW-5-2026-03-10-OUT', N'2026-03-21 14:54:18'),
    (700, 5, N'2026-03-11 08:02:00', N'MC01', N'in', N'machine', 1, NULL, N'RAW-5-2026-03-11-IN', N'2026-03-21 14:54:18'),
    (701, 5, N'2026-03-11 16:59:00', N'MC01', N'out', N'machine', 1, NULL, N'RAW-5-2026-03-11-OUT', N'2026-03-21 14:54:18'),
    (702, 5, N'2026-03-12 08:01:00', N'MC01', N'in', N'machine', 1, NULL, N'RAW-5-2026-03-12-IN', N'2026-03-21 14:54:18'),
    (703, 5, N'2026-03-12 17:00:00', N'MC01', N'out', N'machine', 1, NULL, N'RAW-5-2026-03-12-OUT', N'2026-03-21 14:54:18'),
    (704, 5, N'2026-03-13 07:58:00', N'MC01', N'in', N'machine', 1, NULL, N'RAW-5-2026-03-13-IN', N'2026-03-21 14:54:18'),
    (705, 5, N'2026-03-13 17:02:00', N'MC01', N'out', N'machine', 1, NULL, N'RAW-5-2026-03-13-OUT', N'2026-03-21 14:54:18'),
    (706, 5, N'2026-03-16 07:58:00', N'MC01', N'in', N'machine', 1, NULL, N'RAW-5-2026-03-16-IN', N'2026-03-21 14:54:18'),
    (707, 5, N'2026-03-16 17:03:00', N'MC01', N'out', N'machine', 1, NULL, N'RAW-5-2026-03-16-OUT', N'2026-03-21 14:54:18'),
    (708, 5, N'2026-03-17 07:59:00', N'MC01', N'in', N'machine', 1, NULL, N'RAW-5-2026-03-17-IN', N'2026-03-21 14:54:18'),
    (709, 5, N'2026-03-17 17:01:00', N'MC01', N'out', N'machine', 1, NULL, N'RAW-5-2026-03-17-OUT', N'2026-03-21 14:54:18'),
    (710, 5, N'2026-03-18 08:02:00', N'MC01', N'in', N'machine', 1, NULL, N'RAW-5-2026-03-18-IN', N'2026-03-21 14:54:18'),
    (711, 5, N'2026-03-18 17:00:00', N'MC01', N'out', N'machine', 1, NULL, N'RAW-5-2026-03-18-OUT', N'2026-03-21 14:54:18'),
    (712, 5, N'2026-03-19 07:59:00', N'MC01', N'in', N'machine', 1, NULL, N'RAW-5-2026-03-19-IN', N'2026-03-21 14:54:18'),
    (713, 5, N'2026-03-19 17:02:00', N'MC01', N'out', N'machine', 1, NULL, N'RAW-5-2026-03-19-OUT', N'2026-03-21 14:54:18'),
    (714, 5, N'2026-03-20 08:01:00', N'MC01', N'in', N'machine', 1, NULL, N'RAW-5-2026-03-20-IN', N'2026-03-21 14:54:18'),
    (715, 5, N'2026-03-20 16:59:00', N'MC01', N'out', N'machine', 1, NULL, N'RAW-5-2026-03-20-OUT', N'2026-03-21 14:54:18'),
    (716, 6, N'2026-03-02 07:58:00', N'MC01', N'in', N'machine', 1, NULL, N'RAW-6-2026-03-02-IN', N'2026-03-21 14:54:18'),
    (717, 6, N'2026-03-02 16:58:00', N'MC01', N'out', N'machine', 1, NULL, N'RAW-6-2026-03-02-OUT', N'2026-03-21 14:54:18'),
    (718, 6, N'2026-03-03 07:59:00', N'MC01', N'in', N'machine', 1, NULL, N'RAW-6-2026-03-03-IN', N'2026-03-21 14:54:18'),
    (719, 6, N'2026-03-03 16:58:00', N'MC01', N'out', N'machine', 1, NULL, N'RAW-6-2026-03-03-OUT', N'2026-03-21 14:54:18'),
    (720, 6, N'2026-03-04 07:58:00', N'MC01', N'in', N'machine', 1, NULL, N'RAW-6-2026-03-04-IN', N'2026-03-21 14:54:18'),
    (721, 6, N'2026-03-04 17:01:00', N'MC01', N'out', N'machine', 1, NULL, N'RAW-6-2026-03-04-OUT', N'2026-03-21 14:54:18'),
    (722, 6, N'2026-03-05 07:59:00', N'MC01', N'in', N'machine', 1, NULL, N'RAW-6-2026-03-05-IN', N'2026-03-21 14:54:18'),
    (723, 6, N'2026-03-05 16:58:00', N'MC01', N'out', N'machine', 1, NULL, N'RAW-6-2026-03-05-OUT', N'2026-03-21 14:54:18'),
    (724, 6, N'2026-03-06 08:02:00', N'MC01', N'in', N'machine', 1, NULL, N'RAW-6-2026-03-06-IN', N'2026-03-21 14:54:18'),
    (725, 6, N'2026-03-06 16:59:00', N'MC01', N'out', N'machine', 1, NULL, N'RAW-6-2026-03-06-OUT', N'2026-03-21 14:54:18'),
    (726, 6, N'2026-03-09 08:00:00', N'MC01', N'in', N'machine', 1, NULL, N'RAW-6-2026-03-09-IN', N'2026-03-21 14:54:18'),
    (727, 6, N'2026-03-09 17:01:00', N'MC01', N'out', N'machine', 1, NULL, N'RAW-6-2026-03-09-OUT', N'2026-03-21 14:54:18'),
    (728, 6, N'2026-03-10 07:59:00', N'MC01', N'in', N'machine', 1, NULL, N'RAW-6-2026-03-10-IN', N'2026-03-21 14:54:18'),
    (729, 6, N'2026-03-10 17:01:00', N'MC01', N'out', N'machine', 1, NULL, N'RAW-6-2026-03-10-OUT', N'2026-03-21 14:54:18'),
    (730, 6, N'2026-03-11 08:01:00', N'MC01', N'in', N'machine', 1, NULL, N'RAW-6-2026-03-11-IN', N'2026-03-21 14:54:18'),
    (731, 6, N'2026-03-11 17:03:00', N'MC01', N'out', N'machine', 1, NULL, N'RAW-6-2026-03-11-OUT', N'2026-03-21 14:54:18'),
    (732, 6, N'2026-03-12 07:59:00', N'MC01', N'in', N'machine', 1, NULL, N'RAW-6-2026-03-12-IN', N'2026-03-21 14:54:18'),
    (733, 6, N'2026-03-12 17:02:00', N'MC01', N'out', N'machine', 1, NULL, N'RAW-6-2026-03-12-OUT', N'2026-03-21 14:54:18'),
    (734, 6, N'2026-03-13 08:01:00', N'MC01', N'in', N'machine', 1, NULL, N'RAW-6-2026-03-13-IN', N'2026-03-21 14:54:18'),
    (735, 6, N'2026-03-13 17:02:00', N'MC01', N'out', N'machine', 1, NULL, N'RAW-6-2026-03-13-OUT', N'2026-03-21 14:54:18'),
    (736, 6, N'2026-03-16 07:58:00', N'MC01', N'in', N'machine', 1, NULL, N'RAW-6-2026-03-16-IN', N'2026-03-21 14:54:18'),
    (737, 6, N'2026-03-16 17:01:00', N'MC01', N'out', N'machine', 1, NULL, N'RAW-6-2026-03-16-OUT', N'2026-03-21 14:54:18'),
    (738, 6, N'2026-03-17 08:01:00', N'MC01', N'in', N'machine', 1, NULL, N'RAW-6-2026-03-17-IN', N'2026-03-21 14:54:18'),
    (739, 6, N'2026-03-17 17:01:00', N'MC01', N'out', N'machine', 1, NULL, N'RAW-6-2026-03-17-OUT', N'2026-03-21 14:54:18'),
    (740, 6, N'2026-03-18 07:59:00', N'MC01', N'in', N'machine', 1, NULL, N'RAW-6-2026-03-18-IN', N'2026-03-21 14:54:18'),
    (741, 6, N'2026-03-18 16:59:00', N'MC01', N'out', N'machine', 1, NULL, N'RAW-6-2026-03-18-OUT', N'2026-03-21 14:54:18'),
    (742, 6, N'2026-03-19 08:00:00', N'MC01', N'in', N'machine', 1, NULL, N'RAW-6-2026-03-19-IN', N'2026-03-21 14:54:18'),
    (743, 6, N'2026-03-19 17:01:00', N'MC01', N'out', N'machine', 1, NULL, N'RAW-6-2026-03-19-OUT', N'2026-03-21 14:54:18'),
    (744, 6, N'2026-03-20 08:01:00', N'MC01', N'in', N'machine', 1, NULL, N'RAW-6-2026-03-20-IN', N'2026-03-21 14:54:18'),
    (745, 6, N'2026-03-20 16:58:00', N'MC01', N'out', N'machine', 1, NULL, N'RAW-6-2026-03-20-OUT', N'2026-03-21 14:54:18'),
    (746, 7, N'2026-03-02 12:58:00', N'MC01', N'in', N'machine', 1, NULL, N'RAW-7-2026-03-02-IN', N'2026-03-21 14:54:18'),
    (747, 7, N'2026-03-02 22:00:00', N'MC01', N'out', N'machine', 1, NULL, N'RAW-7-2026-03-02-OUT', N'2026-03-21 14:54:18'),
    (748, 7, N'2026-03-03 13:02:00', N'MC01', N'in', N'machine', 1, NULL, N'RAW-7-2026-03-03-IN', N'2026-03-21 14:54:18'),
    (749, 7, N'2026-03-03 22:03:00', N'MC01', N'out', N'machine', 1, NULL, N'RAW-7-2026-03-03-OUT', N'2026-03-21 14:54:18'),
    (750, 7, N'2026-03-04 12:58:00', N'MC01', N'in', N'machine', 1, NULL, N'RAW-7-2026-03-04-IN', N'2026-03-21 14:54:18');
GO

INSERT INTO [dbo].[time_logs] ([id], [employee_id], [log_time], [machine_number], [log_type], [source], [is_valid], [invalid_reason], [raw_ref], [created_at])
VALUES
    (751, 7, N'2026-03-04 21:59:00', N'MC01', N'out', N'machine', 1, NULL, N'RAW-7-2026-03-04-OUT', N'2026-03-21 14:54:18'),
    (752, 7, N'2026-03-05 13:00:00', N'MC01', N'in', N'machine', 1, NULL, N'RAW-7-2026-03-05-IN', N'2026-03-21 14:54:18'),
    (753, 7, N'2026-03-05 22:02:00', N'MC01', N'out', N'machine', 1, NULL, N'RAW-7-2026-03-05-OUT', N'2026-03-21 14:54:18'),
    (754, 7, N'2026-03-06 12:58:00', N'MC01', N'in', N'machine', 1, NULL, N'RAW-7-2026-03-06-IN', N'2026-03-21 14:54:18'),
    (755, 7, N'2026-03-06 22:03:00', N'MC01', N'out', N'machine', 1, NULL, N'RAW-7-2026-03-06-OUT', N'2026-03-21 14:54:18'),
    (756, 7, N'2026-03-09 12:57:00', N'MC01', N'in', N'machine', 1, NULL, N'RAW-7-2026-03-09-IN', N'2026-03-21 14:54:18'),
    (757, 7, N'2026-03-09 22:01:00', N'MC01', N'out', N'machine', 1, NULL, N'RAW-7-2026-03-09-OUT', N'2026-03-21 14:54:18'),
    (758, 7, N'2026-03-10 13:01:00', N'MC01', N'in', N'machine', 1, NULL, N'RAW-7-2026-03-10-IN', N'2026-03-21 14:54:18'),
    (759, 7, N'2026-03-10 22:00:00', N'MC01', N'out', N'machine', 1, NULL, N'RAW-7-2026-03-10-OUT', N'2026-03-21 14:54:18'),
    (760, 7, N'2026-03-11 12:58:00', N'MC01', N'in', N'machine', 1, NULL, N'RAW-7-2026-03-11-IN', N'2026-03-21 14:54:18'),
    (761, 7, N'2026-03-11 21:59:00', N'MC01', N'out', N'machine', 1, NULL, N'RAW-7-2026-03-11-OUT', N'2026-03-21 14:54:18'),
    (762, 7, N'2026-03-12 13:02:00', N'MC01', N'in', N'machine', 1, NULL, N'RAW-7-2026-03-12-IN', N'2026-03-21 14:54:18'),
    (763, 7, N'2026-03-12 22:00:00', N'MC01', N'out', N'machine', 1, NULL, N'RAW-7-2026-03-12-OUT', N'2026-03-21 14:54:18'),
    (764, 7, N'2026-03-13 13:01:00', N'MC01', N'in', N'machine', 1, NULL, N'RAW-7-2026-03-13-IN', N'2026-03-21 14:54:18'),
    (765, 7, N'2026-03-13 22:02:00', N'MC01', N'out', N'machine', 1, NULL, N'RAW-7-2026-03-13-OUT', N'2026-03-21 14:54:18'),
    (766, 7, N'2026-03-16 13:01:00', N'MC01', N'in', N'machine', 1, NULL, N'RAW-7-2026-03-16-IN', N'2026-03-21 14:54:18'),
    (767, 7, N'2026-03-16 22:02:00', N'MC01', N'out', N'machine', 1, NULL, N'RAW-7-2026-03-16-OUT', N'2026-03-21 14:54:18'),
    (768, 7, N'2026-03-17 13:02:00', N'MC01', N'in', N'machine', 1, NULL, N'RAW-7-2026-03-17-IN', N'2026-03-21 14:54:18'),
    (769, 7, N'2026-03-17 21:59:00', N'MC01', N'out', N'machine', 1, NULL, N'RAW-7-2026-03-17-OUT', N'2026-03-21 14:54:18'),
    (770, 7, N'2026-03-18 13:01:00', N'MC01', N'in', N'machine', 1, NULL, N'RAW-7-2026-03-18-IN', N'2026-03-21 14:54:18'),
    (771, 7, N'2026-03-18 21:59:00', N'MC01', N'out', N'machine', 1, NULL, N'RAW-7-2026-03-18-OUT', N'2026-03-21 14:54:18'),
    (772, 7, N'2026-03-19 13:01:00', N'MC01', N'in', N'machine', 1, NULL, N'RAW-7-2026-03-19-IN', N'2026-03-21 14:54:18'),
    (773, 7, N'2026-03-19 22:00:00', N'MC01', N'out', N'machine', 1, NULL, N'RAW-7-2026-03-19-OUT', N'2026-03-21 14:54:18'),
    (774, 7, N'2026-03-20 13:01:00', N'MC01', N'in', N'machine', 1, NULL, N'RAW-7-2026-03-20-IN', N'2026-03-21 14:54:18'),
    (775, 7, N'2026-03-20 22:02:00', N'MC01', N'out', N'machine', 1, NULL, N'RAW-7-2026-03-20-OUT', N'2026-03-21 14:54:18'),
    (776, 8, N'2026-03-02 07:59:00', N'MC01', N'in', N'machine', 1, NULL, N'RAW-8-2026-03-02-IN', N'2026-03-21 14:54:18'),
    (777, 8, N'2026-03-02 16:59:00', N'MC01', N'out', N'machine', 1, NULL, N'RAW-8-2026-03-02-OUT', N'2026-03-21 14:54:18'),
    (778, 8, N'2026-03-03 07:59:00', N'MC01', N'in', N'machine', 1, NULL, N'RAW-8-2026-03-03-IN', N'2026-03-21 14:54:18'),
    (779, 8, N'2026-03-03 16:59:00', N'MC01', N'out', N'machine', 1, NULL, N'RAW-8-2026-03-03-OUT', N'2026-03-21 14:54:18'),
    (780, 8, N'2026-03-04 08:00:00', N'MC01', N'in', N'machine', 1, NULL, N'RAW-8-2026-03-04-IN', N'2026-03-21 14:54:18'),
    (781, 8, N'2026-03-04 17:02:00', N'MC01', N'out', N'machine', 1, NULL, N'RAW-8-2026-03-04-OUT', N'2026-03-21 14:54:18'),
    (782, 8, N'2026-03-05 07:57:00', N'MC01', N'in', N'machine', 1, NULL, N'RAW-8-2026-03-05-IN', N'2026-03-21 14:54:18'),
    (783, 8, N'2026-03-05 16:59:00', N'MC01', N'out', N'machine', 1, NULL, N'RAW-8-2026-03-05-OUT', N'2026-03-21 14:54:18'),
    (784, 8, N'2026-03-06 07:58:00', N'MC01', N'in', N'machine', 1, NULL, N'RAW-8-2026-03-06-IN', N'2026-03-21 14:54:18'),
    (785, 8, N'2026-03-06 17:03:00', N'MC01', N'out', N'machine', 1, NULL, N'RAW-8-2026-03-06-OUT', N'2026-03-21 14:54:18'),
    (786, 8, N'2026-03-09 08:00:00', N'MC01', N'in', N'machine', 1, NULL, N'RAW-8-2026-03-09-IN', N'2026-03-21 14:54:18'),
    (787, 8, N'2026-03-09 17:03:00', N'MC01', N'out', N'machine', 1, NULL, N'RAW-8-2026-03-09-OUT', N'2026-03-21 14:54:18'),
    (788, 8, N'2026-03-10 07:57:00', N'MC01', N'in', N'machine', 1, NULL, N'RAW-8-2026-03-10-IN', N'2026-03-21 14:54:18'),
    (789, 8, N'2026-03-10 17:02:00', N'MC01', N'out', N'machine', 1, NULL, N'RAW-8-2026-03-10-OUT', N'2026-03-21 14:54:18'),
    (790, 8, N'2026-03-11 07:58:00', N'MC01', N'in', N'machine', 1, NULL, N'RAW-8-2026-03-11-IN', N'2026-03-21 14:54:18'),
    (791, 8, N'2026-03-11 16:59:00', N'MC01', N'out', N'machine', 1, NULL, N'RAW-8-2026-03-11-OUT', N'2026-03-21 14:54:18'),
    (792, 8, N'2026-03-12 07:57:00', N'MC01', N'in', N'machine', 1, NULL, N'RAW-8-2026-03-12-IN', N'2026-03-21 14:54:18'),
    (793, 8, N'2026-03-12 17:01:00', N'MC01', N'out', N'machine', 1, NULL, N'RAW-8-2026-03-12-OUT', N'2026-03-21 14:54:18'),
    (794, 8, N'2026-03-13 08:00:00', N'MC01', N'in', N'machine', 1, NULL, N'RAW-8-2026-03-13-IN', N'2026-03-21 14:54:18'),
    (795, 8, N'2026-03-13 17:01:00', N'MC01', N'out', N'machine', 1, NULL, N'RAW-8-2026-03-13-OUT', N'2026-03-21 14:54:18'),
    (796, 8, N'2026-03-16 07:58:00', N'MC01', N'in', N'machine', 1, NULL, N'RAW-8-2026-03-16-IN', N'2026-03-21 14:54:18'),
    (797, 8, N'2026-03-16 17:01:00', N'MC01', N'out', N'machine', 1, NULL, N'RAW-8-2026-03-16-OUT', N'2026-03-21 14:54:18'),
    (798, 8, N'2026-03-17 07:59:00', N'MC01', N'in', N'machine', 1, NULL, N'RAW-8-2026-03-17-IN', N'2026-03-21 14:54:18'),
    (799, 8, N'2026-03-17 16:59:00', N'MC01', N'out', N'machine', 1, NULL, N'RAW-8-2026-03-17-OUT', N'2026-03-21 14:54:18'),
    (800, 8, N'2026-03-18 07:58:00', N'MC01', N'in', N'machine', 1, NULL, N'RAW-8-2026-03-18-IN', N'2026-03-21 14:54:18'),
    (801, 8, N'2026-03-18 17:01:00', N'MC01', N'out', N'machine', 1, NULL, N'RAW-8-2026-03-18-OUT', N'2026-03-21 14:54:18'),
    (802, 8, N'2026-03-19 08:01:00', N'MC01', N'in', N'machine', 1, NULL, N'RAW-8-2026-03-19-IN', N'2026-03-21 14:54:18'),
    (803, 8, N'2026-03-19 17:00:00', N'MC01', N'out', N'machine', 1, NULL, N'RAW-8-2026-03-19-OUT', N'2026-03-21 14:54:18'),
    (804, 8, N'2026-03-20 08:02:00', N'MC01', N'in', N'machine', 1, NULL, N'RAW-8-2026-03-20-IN', N'2026-03-21 14:54:18'),
    (805, 8, N'2026-03-20 17:02:00', N'MC01', N'out', N'machine', 1, NULL, N'RAW-8-2026-03-20-OUT', N'2026-03-21 14:54:18'),
    (806, 9, N'2026-03-02 21:57:00', N'MC01', N'in', N'machine', 1, NULL, N'RAW-9-2026-03-02-IN', N'2026-03-21 14:54:18'),
    (807, 9, N'2026-03-03 06:03:00', N'MC01', N'out', N'machine', 1, NULL, N'RAW-9-2026-03-02-OUT', N'2026-03-21 14:54:18'),
    (808, 9, N'2026-03-03 22:00:00', N'MC01', N'in', N'machine', 1, NULL, N'RAW-9-2026-03-03-IN', N'2026-03-21 14:54:18'),
    (809, 9, N'2026-03-04 05:59:00', N'MC01', N'out', N'machine', 1, NULL, N'RAW-9-2026-03-03-OUT', N'2026-03-21 14:54:18'),
    (810, 9, N'2026-03-04 22:00:00', N'MC01', N'in', N'machine', 1, NULL, N'RAW-9-2026-03-04-IN', N'2026-03-21 14:54:18'),
    (811, 9, N'2026-03-05 05:59:00', N'MC01', N'out', N'machine', 1, NULL, N'RAW-9-2026-03-04-OUT', N'2026-03-21 14:54:18'),
    (812, 9, N'2026-03-05 22:02:00', N'MC01', N'in', N'machine', 1, NULL, N'RAW-9-2026-03-05-IN', N'2026-03-21 14:54:18'),
    (813, 9, N'2026-03-06 06:01:00', N'MC01', N'out', N'machine', 1, NULL, N'RAW-9-2026-03-05-OUT', N'2026-03-21 14:54:18'),
    (814, 9, N'2026-03-06 22:00:00', N'MC01', N'in', N'machine', 1, NULL, N'RAW-9-2026-03-06-IN', N'2026-03-21 14:54:18'),
    (815, 9, N'2026-03-07 05:58:00', N'MC01', N'out', N'machine', 1, NULL, N'RAW-9-2026-03-06-OUT', N'2026-03-21 14:54:18'),
    (816, 9, N'2026-03-09 22:02:00', N'MC01', N'in', N'machine', 1, NULL, N'RAW-9-2026-03-09-IN', N'2026-03-21 14:54:18'),
    (817, 9, N'2026-03-10 05:58:00', N'MC01', N'out', N'machine', 1, NULL, N'RAW-9-2026-03-09-OUT', N'2026-03-21 14:54:18'),
    (818, 9, N'2026-03-10 22:02:00', N'MC01', N'in', N'machine', 1, NULL, N'RAW-9-2026-03-10-IN', N'2026-03-21 14:54:18'),
    (819, 9, N'2026-03-11 05:59:00', N'MC01', N'out', N'machine', 1, NULL, N'RAW-9-2026-03-10-OUT', N'2026-03-21 14:54:18'),
    (820, 9, N'2026-03-11 21:58:00', N'MC01', N'in', N'machine', 1, NULL, N'RAW-9-2026-03-11-IN', N'2026-03-21 14:54:18'),
    (821, 9, N'2026-03-12 06:02:00', N'MC01', N'out', N'machine', 1, NULL, N'RAW-9-2026-03-11-OUT', N'2026-03-21 14:54:18'),
    (822, 9, N'2026-03-12 21:57:00', N'MC01', N'in', N'machine', 1, NULL, N'RAW-9-2026-03-12-IN', N'2026-03-21 14:54:18'),
    (823, 9, N'2026-03-13 06:03:00', N'MC01', N'out', N'machine', 1, NULL, N'RAW-9-2026-03-12-OUT', N'2026-03-21 14:54:18'),
    (824, 9, N'2026-03-13 21:58:00', N'MC01', N'in', N'machine', 1, NULL, N'RAW-9-2026-03-13-IN', N'2026-03-21 14:54:18'),
    (825, 9, N'2026-03-14 05:58:00', N'MC01', N'out', N'machine', 1, NULL, N'RAW-9-2026-03-13-OUT', N'2026-03-21 14:54:18'),
    (826, 9, N'2026-03-16 22:01:00', N'MC01', N'in', N'machine', 1, NULL, N'RAW-9-2026-03-16-IN', N'2026-03-21 14:54:18'),
    (827, 9, N'2026-03-17 05:59:00', N'MC01', N'out', N'machine', 1, NULL, N'RAW-9-2026-03-16-OUT', N'2026-03-21 14:54:18'),
    (828, 9, N'2026-03-17 21:57:00', N'MC01', N'in', N'machine', 1, NULL, N'RAW-9-2026-03-17-IN', N'2026-03-21 14:54:18'),
    (829, 9, N'2026-03-18 06:01:00', N'MC01', N'out', N'machine', 1, NULL, N'RAW-9-2026-03-17-OUT', N'2026-03-21 14:54:18'),
    (830, 9, N'2026-03-18 21:58:00', N'MC01', N'in', N'machine', 1, NULL, N'RAW-9-2026-03-18-IN', N'2026-03-21 14:54:18'),
    (831, 9, N'2026-03-19 06:01:00', N'MC01', N'out', N'machine', 1, NULL, N'RAW-9-2026-03-18-OUT', N'2026-03-21 14:54:18'),
    (832, 9, N'2026-03-19 22:02:00', N'MC01', N'in', N'machine', 1, NULL, N'RAW-9-2026-03-19-IN', N'2026-03-21 14:54:18'),
    (833, 9, N'2026-03-20 06:00:00', N'MC01', N'out', N'machine', 1, NULL, N'RAW-9-2026-03-19-OUT', N'2026-03-21 14:54:18'),
    (834, 9, N'2026-03-20 22:01:00', N'MC01', N'in', N'machine', 1, NULL, N'RAW-9-2026-03-20-IN', N'2026-03-21 14:54:18'),
    (835, 9, N'2026-03-21 05:58:00', N'MC01', N'out', N'machine', 1, NULL, N'RAW-9-2026-03-20-OUT', N'2026-03-21 14:54:18'),
    (836, 10, N'2026-03-02 08:02:00', N'MC01', N'in', N'machine', 1, NULL, N'RAW-10-2026-03-02-IN', N'2026-03-21 14:54:18'),
    (837, 10, N'2026-03-02 17:00:00', N'MC01', N'out', N'machine', 1, NULL, N'RAW-10-2026-03-02-OUT', N'2026-03-21 14:54:18'),
    (838, 10, N'2026-03-03 08:00:00', N'MC01', N'in', N'machine', 1, NULL, N'RAW-10-2026-03-03-IN', N'2026-03-21 14:54:18'),
    (839, 10, N'2026-03-03 17:01:00', N'MC01', N'out', N'machine', 1, NULL, N'RAW-10-2026-03-03-OUT', N'2026-03-21 14:54:18'),
    (840, 10, N'2026-03-04 07:57:00', N'MC01', N'in', N'machine', 1, NULL, N'RAW-10-2026-03-04-IN', N'2026-03-21 14:54:18'),
    (841, 10, N'2026-03-04 17:01:00', N'MC01', N'out', N'machine', 1, NULL, N'RAW-10-2026-03-04-OUT', N'2026-03-21 14:54:18'),
    (842, 10, N'2026-03-05 08:02:00', N'MC01', N'in', N'machine', 1, NULL, N'RAW-10-2026-03-05-IN', N'2026-03-21 14:54:18'),
    (843, 10, N'2026-03-05 16:58:00', N'MC01', N'out', N'machine', 1, NULL, N'RAW-10-2026-03-05-OUT', N'2026-03-21 14:54:18'),
    (844, 10, N'2026-03-06 08:02:00', N'MC01', N'in', N'machine', 1, NULL, N'RAW-10-2026-03-06-IN', N'2026-03-21 14:54:18'),
    (845, 10, N'2026-03-06 17:01:00', N'MC01', N'out', N'machine', 1, NULL, N'RAW-10-2026-03-06-OUT', N'2026-03-21 14:54:18'),
    (846, 10, N'2026-03-09 07:59:00', N'MC01', N'in', N'machine', 1, NULL, N'RAW-10-2026-03-09-IN', N'2026-03-21 14:54:18'),
    (847, 10, N'2026-03-09 17:02:00', N'MC01', N'out', N'machine', 1, NULL, N'RAW-10-2026-03-09-OUT', N'2026-03-21 14:54:18'),
    (848, 10, N'2026-03-10 08:01:00', N'MC01', N'in', N'machine', 1, NULL, N'RAW-10-2026-03-10-IN', N'2026-03-21 14:54:18'),
    (849, 10, N'2026-03-10 16:59:00', N'MC01', N'out', N'machine', 1, NULL, N'RAW-10-2026-03-10-OUT', N'2026-03-21 14:54:18'),
    (850, 10, N'2026-03-11 07:58:00', N'MC01', N'in', N'machine', 1, NULL, N'RAW-10-2026-03-11-IN', N'2026-03-21 14:54:18'),
    (851, 10, N'2026-03-11 16:58:00', N'MC01', N'out', N'machine', 1, NULL, N'RAW-10-2026-03-11-OUT', N'2026-03-21 14:54:18'),
    (852, 10, N'2026-03-12 08:01:00', N'MC01', N'in', N'machine', 1, NULL, N'RAW-10-2026-03-12-IN', N'2026-03-21 14:54:18'),
    (853, 10, N'2026-03-12 17:01:00', N'MC01', N'out', N'machine', 1, NULL, N'RAW-10-2026-03-12-OUT', N'2026-03-21 14:54:18'),
    (854, 10, N'2026-03-13 08:01:00', N'MC01', N'in', N'machine', 1, NULL, N'RAW-10-2026-03-13-IN', N'2026-03-21 14:54:18'),
    (855, 10, N'2026-03-13 16:58:00', N'MC01', N'out', N'machine', 1, NULL, N'RAW-10-2026-03-13-OUT', N'2026-03-21 14:54:18'),
    (856, 10, N'2026-03-16 08:02:00', N'MC01', N'in', N'machine', 1, NULL, N'RAW-10-2026-03-16-IN', N'2026-03-21 14:54:18'),
    (857, 10, N'2026-03-16 16:58:00', N'MC01', N'out', N'machine', 1, NULL, N'RAW-10-2026-03-16-OUT', N'2026-03-21 14:54:18'),
    (858, 10, N'2026-03-17 08:02:00', N'MC01', N'in', N'machine', 1, NULL, N'RAW-10-2026-03-17-IN', N'2026-03-21 14:54:18'),
    (859, 10, N'2026-03-17 17:03:00', N'MC01', N'out', N'machine', 1, NULL, N'RAW-10-2026-03-17-OUT', N'2026-03-21 14:54:18'),
    (860, 10, N'2026-03-18 08:02:00', N'MC01', N'in', N'machine', 1, NULL, N'RAW-10-2026-03-18-IN', N'2026-03-21 14:54:18'),
    (861, 10, N'2026-03-18 17:03:00', N'MC01', N'out', N'machine', 1, NULL, N'RAW-10-2026-03-18-OUT', N'2026-03-21 14:54:18'),
    (862, 10, N'2026-03-19 07:57:00', N'MC01', N'in', N'machine', 1, NULL, N'RAW-10-2026-03-19-IN', N'2026-03-21 14:54:18'),
    (863, 10, N'2026-03-19 17:00:00', N'MC01', N'out', N'machine', 1, NULL, N'RAW-10-2026-03-19-OUT', N'2026-03-21 14:54:18'),
    (864, 10, N'2026-03-20 08:00:00', N'MC01', N'in', N'machine', 1, NULL, N'RAW-10-2026-03-20-IN', N'2026-03-21 14:54:18'),
    (865, 10, N'2026-03-20 17:00:00', N'MC01', N'out', N'machine', 1, NULL, N'RAW-10-2026-03-20-OUT', N'2026-03-21 14:54:18'),
    (866, 11, N'2026-03-02 12:58:00', N'MC01', N'in', N'machine', 1, NULL, N'RAW-11-2026-03-02-IN', N'2026-03-21 14:54:18'),
    (867, 11, N'2026-03-02 22:00:00', N'MC01', N'out', N'machine', 1, NULL, N'RAW-11-2026-03-02-OUT', N'2026-03-21 14:54:18'),
    (868, 11, N'2026-03-03 13:02:00', N'MC01', N'in', N'machine', 1, NULL, N'RAW-11-2026-03-03-IN', N'2026-03-21 14:54:18'),
    (869, 11, N'2026-03-03 21:58:00', N'MC01', N'out', N'machine', 1, NULL, N'RAW-11-2026-03-03-OUT', N'2026-03-21 14:54:18'),
    (870, 11, N'2026-03-04 13:00:00', N'MC01', N'in', N'machine', 1, NULL, N'RAW-11-2026-03-04-IN', N'2026-03-21 14:54:18'),
    (871, 11, N'2026-03-04 22:00:00', N'MC01', N'out', N'machine', 1, NULL, N'RAW-11-2026-03-04-OUT', N'2026-03-21 14:54:18'),
    (872, 11, N'2026-03-05 12:58:00', N'MC01', N'in', N'machine', 1, NULL, N'RAW-11-2026-03-05-IN', N'2026-03-21 14:54:18'),
    (873, 11, N'2026-03-05 22:03:00', N'MC01', N'out', N'machine', 1, NULL, N'RAW-11-2026-03-05-OUT', N'2026-03-21 14:54:18'),
    (874, 11, N'2026-03-06 13:01:00', N'MC01', N'in', N'machine', 1, NULL, N'RAW-11-2026-03-06-IN', N'2026-03-21 14:54:18'),
    (875, 11, N'2026-03-06 22:01:00', N'MC01', N'out', N'machine', 1, NULL, N'RAW-11-2026-03-06-OUT', N'2026-03-21 14:54:18'),
    (876, 11, N'2026-03-09 13:01:00', N'MC01', N'in', N'machine', 1, NULL, N'RAW-11-2026-03-09-IN', N'2026-03-21 14:54:18'),
    (877, 11, N'2026-03-09 22:01:00', N'MC01', N'out', N'machine', 1, NULL, N'RAW-11-2026-03-09-OUT', N'2026-03-21 14:54:18'),
    (878, 11, N'2026-03-10 13:01:00', N'MC01', N'in', N'machine', 1, NULL, N'RAW-11-2026-03-10-IN', N'2026-03-21 14:54:18'),
    (879, 11, N'2026-03-10 22:01:00', N'MC01', N'out', N'machine', 1, NULL, N'RAW-11-2026-03-10-OUT', N'2026-03-21 14:54:18'),
    (880, 11, N'2026-03-11 12:57:00', N'MC01', N'in', N'machine', 1, NULL, N'RAW-11-2026-03-11-IN', N'2026-03-21 14:54:18'),
    (881, 11, N'2026-03-11 22:00:00', N'MC01', N'out', N'machine', 1, NULL, N'RAW-11-2026-03-11-OUT', N'2026-03-21 14:54:18'),
    (882, 11, N'2026-03-12 13:02:00', N'MC01', N'in', N'machine', 1, NULL, N'RAW-11-2026-03-12-IN', N'2026-03-21 14:54:18'),
    (883, 11, N'2026-03-12 22:01:00', N'MC01', N'out', N'machine', 1, NULL, N'RAW-11-2026-03-12-OUT', N'2026-03-21 14:54:18'),
    (884, 11, N'2026-03-13 12:59:00', N'MC01', N'in', N'machine', 1, NULL, N'RAW-11-2026-03-13-IN', N'2026-03-21 14:54:18'),
    (885, 11, N'2026-03-13 22:03:00', N'MC01', N'out', N'machine', 1, NULL, N'RAW-11-2026-03-13-OUT', N'2026-03-21 14:54:18'),
    (886, 11, N'2026-03-16 12:57:00', N'MC01', N'in', N'machine', 1, NULL, N'RAW-11-2026-03-16-IN', N'2026-03-21 14:54:18'),
    (887, 11, N'2026-03-16 22:03:00', N'MC01', N'out', N'machine', 1, NULL, N'RAW-11-2026-03-16-OUT', N'2026-03-21 14:54:18'),
    (888, 11, N'2026-03-17 12:57:00', N'MC01', N'in', N'machine', 1, NULL, N'RAW-11-2026-03-17-IN', N'2026-03-21 14:54:18'),
    (889, 11, N'2026-03-17 22:02:00', N'MC01', N'out', N'machine', 1, NULL, N'RAW-11-2026-03-17-OUT', N'2026-03-21 14:54:18'),
    (890, 11, N'2026-03-18 13:00:00', N'MC01', N'in', N'machine', 1, NULL, N'RAW-11-2026-03-18-IN', N'2026-03-21 14:54:18'),
    (891, 11, N'2026-03-18 21:59:00', N'MC01', N'out', N'machine', 1, NULL, N'RAW-11-2026-03-18-OUT', N'2026-03-21 14:54:18'),
    (892, 11, N'2026-03-19 13:01:00', N'MC01', N'in', N'machine', 1, NULL, N'RAW-11-2026-03-19-IN', N'2026-03-21 14:54:18'),
    (893, 11, N'2026-03-19 22:00:00', N'MC01', N'out', N'machine', 1, NULL, N'RAW-11-2026-03-19-OUT', N'2026-03-21 14:54:18'),
    (894, 11, N'2026-03-20 12:59:00', N'MC01', N'in', N'machine', 1, NULL, N'RAW-11-2026-03-20-IN', N'2026-03-21 14:54:18'),
    (895, 11, N'2026-03-20 22:02:00', N'MC01', N'out', N'machine', 1, NULL, N'RAW-11-2026-03-20-OUT', N'2026-03-21 14:54:18'),
    (896, 12, N'2026-03-02 07:58:00', N'MC01', N'in', N'machine', 1, NULL, N'RAW-12-2026-03-02-IN', N'2026-03-21 14:54:18'),
    (897, 12, N'2026-03-02 17:02:00', N'MC01', N'out', N'machine', 1, NULL, N'RAW-12-2026-03-02-OUT', N'2026-03-21 14:54:18'),
    (898, 12, N'2026-03-03 08:01:00', N'MC01', N'in', N'machine', 1, NULL, N'RAW-12-2026-03-03-IN', N'2026-03-21 14:54:18'),
    (899, 12, N'2026-03-03 17:02:00', N'MC01', N'out', N'machine', 1, NULL, N'RAW-12-2026-03-03-OUT', N'2026-03-21 14:54:18'),
    (900, 12, N'2026-03-04 07:59:00', N'MC01', N'in', N'machine', 1, NULL, N'RAW-12-2026-03-04-IN', N'2026-03-21 14:54:18'),
    (901, 12, N'2026-03-04 17:03:00', N'MC01', N'out', N'machine', 1, NULL, N'RAW-12-2026-03-04-OUT', N'2026-03-21 14:54:18'),
    (902, 12, N'2026-03-05 07:59:00', N'MC01', N'in', N'machine', 1, NULL, N'RAW-12-2026-03-05-IN', N'2026-03-21 14:54:18'),
    (903, 12, N'2026-03-05 16:59:00', N'MC01', N'out', N'machine', 1, NULL, N'RAW-12-2026-03-05-OUT', N'2026-03-21 14:54:18'),
    (904, 12, N'2026-03-06 08:00:00', N'MC01', N'in', N'machine', 1, NULL, N'RAW-12-2026-03-06-IN', N'2026-03-21 14:54:18'),
    (905, 12, N'2026-03-06 17:01:00', N'MC01', N'out', N'machine', 1, NULL, N'RAW-12-2026-03-06-OUT', N'2026-03-21 14:54:18'),
    (906, 12, N'2026-03-09 07:57:00', N'MC01', N'in', N'machine', 1, NULL, N'RAW-12-2026-03-09-IN', N'2026-03-21 14:54:18'),
    (907, 12, N'2026-03-09 16:58:00', N'MC01', N'out', N'machine', 1, NULL, N'RAW-12-2026-03-09-OUT', N'2026-03-21 14:54:18'),
    (908, 12, N'2026-03-10 07:59:00', N'MC01', N'in', N'machine', 1, NULL, N'RAW-12-2026-03-10-IN', N'2026-03-21 14:54:18'),
    (909, 12, N'2026-03-10 16:59:00', N'MC01', N'out', N'machine', 1, NULL, N'RAW-12-2026-03-10-OUT', N'2026-03-21 14:54:18'),
    (910, 12, N'2026-03-11 08:00:00', N'MC01', N'in', N'machine', 1, NULL, N'RAW-12-2026-03-11-IN', N'2026-03-21 14:54:18'),
    (911, 12, N'2026-03-11 17:01:00', N'MC01', N'out', N'machine', 1, NULL, N'RAW-12-2026-03-11-OUT', N'2026-03-21 14:54:18'),
    (912, 12, N'2026-03-12 08:00:00', N'MC01', N'in', N'machine', 1, NULL, N'RAW-12-2026-03-12-IN', N'2026-03-21 14:54:18'),
    (913, 12, N'2026-03-12 16:58:00', N'MC01', N'out', N'machine', 1, NULL, N'RAW-12-2026-03-12-OUT', N'2026-03-21 14:54:18'),
    (914, 12, N'2026-03-13 07:59:00', N'MC01', N'in', N'machine', 1, NULL, N'RAW-12-2026-03-13-IN', N'2026-03-21 14:54:18'),
    (915, 12, N'2026-03-13 17:00:00', N'MC01', N'out', N'machine', 1, NULL, N'RAW-12-2026-03-13-OUT', N'2026-03-21 14:54:18'),
    (916, 12, N'2026-03-16 08:02:00', N'MC01', N'in', N'machine', 1, NULL, N'RAW-12-2026-03-16-IN', N'2026-03-21 14:54:18'),
    (917, 12, N'2026-03-16 17:01:00', N'MC01', N'out', N'machine', 1, NULL, N'RAW-12-2026-03-16-OUT', N'2026-03-21 14:54:18'),
    (918, 12, N'2026-03-17 08:00:00', N'MC01', N'in', N'machine', 1, NULL, N'RAW-12-2026-03-17-IN', N'2026-03-21 14:54:18'),
    (919, 12, N'2026-03-17 17:01:00', N'MC01', N'out', N'machine', 1, NULL, N'RAW-12-2026-03-17-OUT', N'2026-03-21 14:54:18'),
    (920, 12, N'2026-03-18 08:01:00', N'MC01', N'in', N'machine', 1, NULL, N'RAW-12-2026-03-18-IN', N'2026-03-21 14:54:18'),
    (921, 12, N'2026-03-18 17:02:00', N'MC01', N'out', N'machine', 1, NULL, N'RAW-12-2026-03-18-OUT', N'2026-03-21 14:54:18'),
    (922, 12, N'2026-03-19 08:01:00', N'MC01', N'in', N'machine', 1, NULL, N'RAW-12-2026-03-19-IN', N'2026-03-21 14:54:18'),
    (923, 12, N'2026-03-19 17:02:00', N'MC01', N'out', N'machine', 1, NULL, N'RAW-12-2026-03-19-OUT', N'2026-03-21 14:54:18'),
    (924, 12, N'2026-03-20 08:00:00', N'MC01', N'in', N'machine', 1, NULL, N'RAW-12-2026-03-20-IN', N'2026-03-21 14:54:18'),
    (925, 12, N'2026-03-20 17:00:00', N'MC01', N'out', N'machine', 1, NULL, N'RAW-12-2026-03-20-OUT', N'2026-03-21 14:54:18'),
    (926, 13, N'2026-03-02 07:59:00', N'MC01', N'in', N'machine', 1, NULL, N'RAW-13-2026-03-02-IN', N'2026-03-21 14:54:18'),
    (927, 13, N'2026-03-02 16:59:00', N'MC01', N'out', N'machine', 1, NULL, N'RAW-13-2026-03-02-OUT', N'2026-03-21 14:54:18'),
    (928, 13, N'2026-03-03 07:57:00', N'MC01', N'in', N'machine', 1, NULL, N'RAW-13-2026-03-03-IN', N'2026-03-21 14:54:18'),
    (929, 13, N'2026-03-03 16:58:00', N'MC01', N'out', N'machine', 1, NULL, N'RAW-13-2026-03-03-OUT', N'2026-03-21 14:54:18'),
    (930, 13, N'2026-03-04 07:59:00', N'MC01', N'in', N'machine', 1, NULL, N'RAW-13-2026-03-04-IN', N'2026-03-21 14:54:18'),
    (931, 13, N'2026-03-04 16:58:00', N'MC01', N'out', N'machine', 1, NULL, N'RAW-13-2026-03-04-OUT', N'2026-03-21 14:54:18'),
    (932, 13, N'2026-03-05 08:00:00', N'MC01', N'in', N'machine', 1, NULL, N'RAW-13-2026-03-05-IN', N'2026-03-21 14:54:18'),
    (933, 13, N'2026-03-05 16:59:00', N'MC01', N'out', N'machine', 1, NULL, N'RAW-13-2026-03-05-OUT', N'2026-03-21 14:54:18'),
    (934, 13, N'2026-03-06 07:59:00', N'MC01', N'in', N'machine', 1, NULL, N'RAW-13-2026-03-06-IN', N'2026-03-21 14:54:18'),
    (935, 13, N'2026-03-06 16:58:00', N'MC01', N'out', N'machine', 1, NULL, N'RAW-13-2026-03-06-OUT', N'2026-03-21 14:54:18'),
    (936, 13, N'2026-03-09 08:01:00', N'MC01', N'in', N'machine', 1, NULL, N'RAW-13-2026-03-09-IN', N'2026-03-21 14:54:18'),
    (937, 13, N'2026-03-09 17:02:00', N'MC01', N'out', N'machine', 1, NULL, N'RAW-13-2026-03-09-OUT', N'2026-03-21 14:54:18'),
    (938, 13, N'2026-03-10 07:58:00', N'MC01', N'in', N'machine', 1, NULL, N'RAW-13-2026-03-10-IN', N'2026-03-21 14:54:18'),
    (939, 13, N'2026-03-10 17:03:00', N'MC01', N'out', N'machine', 1, NULL, N'RAW-13-2026-03-10-OUT', N'2026-03-21 14:54:18'),
    (940, 13, N'2026-03-11 08:01:00', N'MC01', N'in', N'machine', 1, NULL, N'RAW-13-2026-03-11-IN', N'2026-03-21 14:54:18'),
    (941, 13, N'2026-03-11 17:03:00', N'MC01', N'out', N'machine', 1, NULL, N'RAW-13-2026-03-11-OUT', N'2026-03-21 14:54:18'),
    (942, 13, N'2026-03-12 07:58:00', N'MC01', N'in', N'machine', 1, NULL, N'RAW-13-2026-03-12-IN', N'2026-03-21 14:54:18'),
    (943, 13, N'2026-03-12 16:58:00', N'MC01', N'out', N'machine', 1, NULL, N'RAW-13-2026-03-12-OUT', N'2026-03-21 14:54:18'),
    (944, 13, N'2026-03-13 08:01:00', N'MC01', N'in', N'machine', 1, NULL, N'RAW-13-2026-03-13-IN', N'2026-03-21 14:54:18'),
    (945, 13, N'2026-03-13 17:01:00', N'MC01', N'out', N'machine', 1, NULL, N'RAW-13-2026-03-13-OUT', N'2026-03-21 14:54:18'),
    (946, 13, N'2026-03-16 07:59:00', N'MC01', N'in', N'machine', 1, NULL, N'RAW-13-2026-03-16-IN', N'2026-03-21 14:54:18'),
    (947, 13, N'2026-03-16 16:59:00', N'MC01', N'out', N'machine', 1, NULL, N'RAW-13-2026-03-16-OUT', N'2026-03-21 14:54:18'),
    (948, 13, N'2026-03-17 07:57:00', N'MC01', N'in', N'machine', 1, NULL, N'RAW-13-2026-03-17-IN', N'2026-03-21 14:54:18'),
    (949, 13, N'2026-03-17 17:02:00', N'MC01', N'out', N'machine', 1, NULL, N'RAW-13-2026-03-17-OUT', N'2026-03-21 14:54:18'),
    (950, 13, N'2026-03-18 08:00:00', N'MC01', N'in', N'machine', 1, NULL, N'RAW-13-2026-03-18-IN', N'2026-03-21 14:54:18'),
    (951, 13, N'2026-03-18 16:59:00', N'MC01', N'out', N'machine', 1, NULL, N'RAW-13-2026-03-18-OUT', N'2026-03-21 14:54:18'),
    (952, 13, N'2026-03-19 08:02:00', N'MC01', N'in', N'machine', 1, NULL, N'RAW-13-2026-03-19-IN', N'2026-03-21 14:54:18'),
    (953, 13, N'2026-03-19 17:02:00', N'MC01', N'out', N'machine', 1, NULL, N'RAW-13-2026-03-19-OUT', N'2026-03-21 14:54:18'),
    (954, 13, N'2026-03-20 07:57:00', N'MC01', N'in', N'machine', 1, NULL, N'RAW-13-2026-03-20-IN', N'2026-03-21 14:54:18'),
    (955, 13, N'2026-03-20 16:59:00', N'MC01', N'out', N'machine', 1, NULL, N'RAW-13-2026-03-20-OUT', N'2026-03-21 14:54:18'),
    (956, 14, N'2026-03-02 07:57:00', N'MC01', N'in', N'machine', 1, NULL, N'RAW-14-2026-03-02-IN', N'2026-03-21 14:54:18'),
    (957, 14, N'2026-03-02 17:00:00', N'MC01', N'out', N'machine', 1, NULL, N'RAW-14-2026-03-02-OUT', N'2026-03-21 14:54:18'),
    (958, 14, N'2026-03-03 07:59:00', N'MC01', N'in', N'machine', 1, NULL, N'RAW-14-2026-03-03-IN', N'2026-03-21 14:54:18'),
    (959, 14, N'2026-03-03 17:00:00', N'MC01', N'out', N'machine', 1, NULL, N'RAW-14-2026-03-03-OUT', N'2026-03-21 14:54:18'),
    (960, 14, N'2026-03-04 08:01:00', N'MC01', N'in', N'machine', 1, NULL, N'RAW-14-2026-03-04-IN', N'2026-03-21 14:54:18'),
    (961, 14, N'2026-03-04 16:58:00', N'MC01', N'out', N'machine', 1, NULL, N'RAW-14-2026-03-04-OUT', N'2026-03-21 14:54:18'),
    (962, 14, N'2026-03-05 08:00:00', N'MC01', N'in', N'machine', 1, NULL, N'RAW-14-2026-03-05-IN', N'2026-03-21 14:54:18'),
    (963, 14, N'2026-03-05 16:59:00', N'MC01', N'out', N'machine', 1, NULL, N'RAW-14-2026-03-05-OUT', N'2026-03-21 14:54:18'),
    (964, 14, N'2026-03-06 07:57:00', N'MC01', N'in', N'machine', 1, NULL, N'RAW-14-2026-03-06-IN', N'2026-03-21 14:54:18'),
    (965, 14, N'2026-03-06 16:58:00', N'MC01', N'out', N'machine', 1, NULL, N'RAW-14-2026-03-06-OUT', N'2026-03-21 14:54:18'),
    (966, 14, N'2026-03-09 08:01:00', N'MC01', N'in', N'machine', 1, NULL, N'RAW-14-2026-03-09-IN', N'2026-03-21 14:54:18'),
    (967, 14, N'2026-03-09 17:02:00', N'MC01', N'out', N'machine', 1, NULL, N'RAW-14-2026-03-09-OUT', N'2026-03-21 14:54:18'),
    (968, 14, N'2026-03-10 08:02:00', N'MC01', N'in', N'machine', 1, NULL, N'RAW-14-2026-03-10-IN', N'2026-03-21 14:54:18'),
    (969, 14, N'2026-03-10 17:00:00', N'MC01', N'out', N'machine', 1, NULL, N'RAW-14-2026-03-10-OUT', N'2026-03-21 14:54:18'),
    (970, 14, N'2026-03-11 08:01:00', N'MC01', N'in', N'machine', 1, NULL, N'RAW-14-2026-03-11-IN', N'2026-03-21 14:54:18'),
    (971, 14, N'2026-03-11 17:00:00', N'MC01', N'out', N'machine', 1, NULL, N'RAW-14-2026-03-11-OUT', N'2026-03-21 14:54:18'),
    (972, 14, N'2026-03-12 07:58:00', N'MC01', N'in', N'machine', 1, NULL, N'RAW-14-2026-03-12-IN', N'2026-03-21 14:54:18'),
    (973, 14, N'2026-03-12 16:59:00', N'MC01', N'out', N'machine', 1, NULL, N'RAW-14-2026-03-12-OUT', N'2026-03-21 14:54:18'),
    (974, 14, N'2026-03-13 07:59:00', N'MC01', N'in', N'machine', 1, NULL, N'RAW-14-2026-03-13-IN', N'2026-03-21 14:54:18'),
    (975, 14, N'2026-03-13 16:59:00', N'MC01', N'out', N'machine', 1, NULL, N'RAW-14-2026-03-13-OUT', N'2026-03-21 14:54:18'),
    (976, 14, N'2026-03-16 07:57:00', N'MC01', N'in', N'machine', 1, NULL, N'RAW-14-2026-03-16-IN', N'2026-03-21 14:54:18'),
    (977, 14, N'2026-03-16 17:00:00', N'MC01', N'out', N'machine', 1, NULL, N'RAW-14-2026-03-16-OUT', N'2026-03-21 14:54:18'),
    (978, 14, N'2026-03-17 07:58:00', N'MC01', N'in', N'machine', 1, NULL, N'RAW-14-2026-03-17-IN', N'2026-03-21 14:54:18'),
    (979, 14, N'2026-03-17 16:59:00', N'MC01', N'out', N'machine', 1, NULL, N'RAW-14-2026-03-17-OUT', N'2026-03-21 14:54:18'),
    (980, 14, N'2026-03-18 07:57:00', N'MC01', N'in', N'machine', 1, NULL, N'RAW-14-2026-03-18-IN', N'2026-03-21 14:54:18'),
    (981, 14, N'2026-03-18 17:02:00', N'MC01', N'out', N'machine', 1, NULL, N'RAW-14-2026-03-18-OUT', N'2026-03-21 14:54:18'),
    (982, 14, N'2026-03-19 08:00:00', N'MC01', N'in', N'machine', 1, NULL, N'RAW-14-2026-03-19-IN', N'2026-03-21 14:54:18'),
    (983, 14, N'2026-03-19 17:01:00', N'MC01', N'out', N'machine', 1, NULL, N'RAW-14-2026-03-19-OUT', N'2026-03-21 14:54:18'),
    (984, 14, N'2026-03-20 08:00:00', N'MC01', N'in', N'machine', 1, NULL, N'RAW-14-2026-03-20-IN', N'2026-03-21 14:54:18'),
    (985, 14, N'2026-03-20 17:00:00', N'MC01', N'out', N'machine', 1, NULL, N'RAW-14-2026-03-20-OUT', N'2026-03-21 14:54:18'),
    (986, 15, N'2026-03-02 07:59:00', N'MC01', N'in', N'machine', 1, NULL, N'RAW-15-2026-03-02-IN', N'2026-03-21 14:54:18'),
    (987, 15, N'2026-03-02 16:58:00', N'MC01', N'out', N'machine', 1, NULL, N'RAW-15-2026-03-02-OUT', N'2026-03-21 14:54:18'),
    (988, 15, N'2026-03-03 08:02:00', N'MC01', N'in', N'machine', 1, NULL, N'RAW-15-2026-03-03-IN', N'2026-03-21 14:54:18'),
    (989, 15, N'2026-03-03 17:00:00', N'MC01', N'out', N'machine', 1, NULL, N'RAW-15-2026-03-03-OUT', N'2026-03-21 14:54:18'),
    (990, 15, N'2026-03-04 08:01:00', N'MC01', N'in', N'machine', 1, NULL, N'RAW-15-2026-03-04-IN', N'2026-03-21 14:54:18'),
    (991, 15, N'2026-03-04 17:00:00', N'MC01', N'out', N'machine', 1, NULL, N'RAW-15-2026-03-04-OUT', N'2026-03-21 14:54:18'),
    (992, 15, N'2026-03-05 07:57:00', N'MC01', N'in', N'machine', 1, NULL, N'RAW-15-2026-03-05-IN', N'2026-03-21 14:54:18'),
    (993, 15, N'2026-03-05 16:58:00', N'MC01', N'out', N'machine', 1, NULL, N'RAW-15-2026-03-05-OUT', N'2026-03-21 14:54:18'),
    (994, 15, N'2026-03-06 07:57:00', N'MC01', N'in', N'machine', 1, NULL, N'RAW-15-2026-03-06-IN', N'2026-03-21 14:54:18'),
    (995, 15, N'2026-03-06 17:02:00', N'MC01', N'out', N'machine', 1, NULL, N'RAW-15-2026-03-06-OUT', N'2026-03-21 14:54:18'),
    (996, 15, N'2026-03-09 08:00:00', N'MC01', N'in', N'machine', 1, NULL, N'RAW-15-2026-03-09-IN', N'2026-03-21 14:54:18'),
    (997, 15, N'2026-03-09 17:00:00', N'MC01', N'out', N'machine', 1, NULL, N'RAW-15-2026-03-09-OUT', N'2026-03-21 14:54:18'),
    (998, 15, N'2026-03-10 08:02:00', N'MC01', N'in', N'machine', 1, NULL, N'RAW-15-2026-03-10-IN', N'2026-03-21 14:54:18'),
    (999, 15, N'2026-03-10 17:01:00', N'MC01', N'out', N'machine', 1, NULL, N'RAW-15-2026-03-10-OUT', N'2026-03-21 14:54:18'),
    (1000, 15, N'2026-03-11 07:57:00', N'MC01', N'in', N'machine', 1, NULL, N'RAW-15-2026-03-11-IN', N'2026-03-21 14:54:18');
GO

INSERT INTO [dbo].[time_logs] ([id], [employee_id], [log_time], [machine_number], [log_type], [source], [is_valid], [invalid_reason], [raw_ref], [created_at])
VALUES
    (1001, 15, N'2026-03-11 16:59:00', N'MC01', N'out', N'machine', 1, NULL, N'RAW-15-2026-03-11-OUT', N'2026-03-21 14:54:18'),
    (1002, 15, N'2026-03-12 07:57:00', N'MC01', N'in', N'machine', 1, NULL, N'RAW-15-2026-03-12-IN', N'2026-03-21 14:54:18'),
    (1003, 15, N'2026-03-12 17:01:00', N'MC01', N'out', N'machine', 1, NULL, N'RAW-15-2026-03-12-OUT', N'2026-03-21 14:54:18'),
    (1004, 15, N'2026-03-13 08:01:00', N'MC01', N'in', N'machine', 1, NULL, N'RAW-15-2026-03-13-IN', N'2026-03-21 14:54:18'),
    (1005, 15, N'2026-03-13 17:02:00', N'MC01', N'out', N'machine', 1, NULL, N'RAW-15-2026-03-13-OUT', N'2026-03-21 14:54:18'),
    (1006, 15, N'2026-03-16 07:58:00', N'MC01', N'in', N'machine', 1, NULL, N'RAW-15-2026-03-16-IN', N'2026-03-21 14:54:18'),
    (1007, 15, N'2026-03-16 16:59:00', N'MC01', N'out', N'machine', 1, NULL, N'RAW-15-2026-03-16-OUT', N'2026-03-21 14:54:18'),
    (1008, 15, N'2026-03-17 08:02:00', N'MC01', N'in', N'machine', 1, NULL, N'RAW-15-2026-03-17-IN', N'2026-03-21 14:54:18'),
    (1009, 15, N'2026-03-17 17:03:00', N'MC01', N'out', N'machine', 1, NULL, N'RAW-15-2026-03-17-OUT', N'2026-03-21 14:54:18'),
    (1010, 15, N'2026-03-18 07:59:00', N'MC01', N'in', N'machine', 1, NULL, N'RAW-15-2026-03-18-IN', N'2026-03-21 14:54:18'),
    (1011, 15, N'2026-03-18 17:02:00', N'MC01', N'out', N'machine', 1, NULL, N'RAW-15-2026-03-18-OUT', N'2026-03-21 14:54:18'),
    (1012, 15, N'2026-03-19 07:58:00', N'MC01', N'in', N'machine', 1, NULL, N'RAW-15-2026-03-19-IN', N'2026-03-21 14:54:18'),
    (1013, 15, N'2026-03-19 16:58:00', N'MC01', N'out', N'machine', 1, NULL, N'RAW-15-2026-03-19-OUT', N'2026-03-21 14:54:18'),
    (1014, 15, N'2026-03-20 08:02:00', N'MC01', N'in', N'machine', 1, NULL, N'RAW-15-2026-03-20-IN', N'2026-03-21 14:54:18'),
    (1015, 15, N'2026-03-20 17:03:00', N'MC01', N'out', N'machine', 1, NULL, N'RAW-15-2026-03-20-OUT', N'2026-03-21 14:54:18');
GO

SET IDENTITY_INSERT [dbo].[time_logs] OFF;
GO

SET IDENTITY_INSERT [dbo].[attendance_requests] ON;
GO
INSERT INTO [dbo].[attendance_requests] ([id], [employee_id], [request_type], [from_date], [to_date], [reason], [status], [submitted_at], [approved_by], [approved_at], [created_at], [updated_at])
VALUES
    (1, 7, N'annual_leave', N'2026-02-10', N'2026-02-10', N'Nghi phep nam - viec gia dinh', N'approved', N'2026-02-07 00:00:00', 2, N'2026-02-08 00:00:00', N'2026-03-21 14:54:18', N'2026-03-21 14:54:18'),
    (2, 10, N'annual_leave', N'2026-02-19', N'2026-02-19', N'Nghi phep nam - kham benh', N'approved', N'2026-02-14 00:00:00', 2, N'2026-02-15 00:00:00', N'2026-03-21 14:54:18', N'2026-03-21 14:54:18'),
    (3, 8, N'correction', N'2026-02-17', N'2026-02-17', N'Quen cham cong ra - lam den 17:00', N'applied', N'2026-02-18 00:00:00', 2, N'2026-02-19 00:00:00', N'2026-03-21 14:54:18', N'2026-03-21 14:54:18'),
    (4, 11, N'correction', N'2026-02-23', N'2026-02-23', N'Quen cham cong vao - den luc 13:00', N'pending', N'2026-02-24 00:00:00', NULL, NULL, N'2026-03-21 14:54:18', N'2026-03-21 14:54:18'),
    (5, 14, N'overtime', N'2026-02-24', N'2026-02-24', N'Tang ca hoan thanh du an', N'approved', N'2026-02-23 00:00:00', 1, N'2026-02-24 00:00:00', N'2026-03-21 14:54:18', N'2026-03-21 14:54:18'),
    (6, 6, N'sick_leave', N'2026-03-15', N'2026-03-15', N'Nghi om', N'draft', NULL, NULL, NULL, N'2026-03-21 14:54:18', N'2026-03-21 14:54:18'),
    (7, 12, N'correction', N'2026-02-05', N'2026-02-05', N'Ket xe, xin bo sung cham cong', N'rejected', N'2026-02-06 00:00:00', 2, N'2026-02-07 00:00:00', N'2026-03-21 14:54:18', N'2026-03-21 14:54:18');
GO

SET IDENTITY_INSERT [dbo].[attendance_requests] OFF;
GO

SET IDENTITY_INSERT [dbo].[attendance_request_details] ON;
GO
INSERT INTO [dbo].[attendance_request_details] ([id], [request_id], [work_date], [requested_check_in], [requested_check_out], [requested_hours], [note])
VALUES
    (1, 1, N'2026-02-10', NULL, NULL, 8, N'Nghi ca ngay'),
    (2, 2, N'2026-02-19', NULL, NULL, 8, N'Nghi ca ngay'),
    (3, 3, N'2026-02-17', NULL, N'2026-02-17 17:00:00', NULL, N'Bo sung gio ra'),
    (4, 4, N'2026-02-23', N'2026-02-23 13:00:00', NULL, NULL, N'Bo sung gio vao'),
    (5, 5, N'2026-02-24', NULL, NULL, 3, N'Tang ca 3 gio'),
    (6, 6, N'2026-03-15', NULL, NULL, 8, N'Nghi om'),
    (7, 7, N'2026-02-05', N'2026-02-05 08:00:00', NULL, NULL, N'Xin sua gio vao');
GO

SET IDENTITY_INSERT [dbo].[attendance_request_details] OFF;
GO

SET IDENTITY_INSERT [dbo].[attendance_daily] ON;
GO
INSERT INTO [dbo].[attendance_daily] ([id], [employee_id], [work_date], [attendance_period_id], [shift_assignment_id], [first_in], [last_out], [late_minutes], [early_minutes], [regular_hours], [ot_hours], [night_hours], [workday_value], [meal_count], [attendance_status], [source_status], [is_confirmed_by_employee], [confirmed_at], [confirmed_by], [calculation_version], [created_at], [updated_at])
VALUES
    (1, 1, N'2026-02-03', 2, 1, N'2026-02-03 08:00:00', N'2026-02-03 17:00:00', 0, 0, 8, 0, 0, 1, 1, N'present', NULL, 1, N'2026-03-21 14:54:18', 1, 1, N'2026-03-21 14:54:18', N'2026-03-21 14:54:18'),
    (2, 1, N'2026-02-04', 2, 2, N'2026-02-04 08:00:00', N'2026-02-04 17:00:00', 0, 0, 8, 0, 0, 1, 1, N'present', NULL, 1, N'2026-03-21 14:54:18', 1, 1, N'2026-03-21 14:54:18', N'2026-03-21 14:54:18'),
    (3, 1, N'2026-02-05', 2, 3, N'2026-02-05 08:00:00', N'2026-02-05 17:00:00', 0, 0, 8, 0, 0, 1, 1, N'present', NULL, 1, N'2026-03-21 14:54:18', 1, 1, N'2026-03-21 14:54:18', N'2026-03-21 14:54:18'),
    (4, 1, N'2026-02-06', 2, 4, N'2026-02-06 08:00:00', N'2026-02-06 17:00:00', 0, 0, 8, 0, 0, 1, 1, N'present', NULL, 1, N'2026-03-21 14:54:18', 1, 1, N'2026-03-21 14:54:18', N'2026-03-21 14:54:18'),
    (5, 1, N'2026-02-09', 2, 5, N'2026-02-09 08:00:00', N'2026-02-09 17:00:00', 0, 0, 8, 0, 0, 1, 1, N'present', NULL, 1, N'2026-03-21 14:54:18', 1, 1, N'2026-03-21 14:54:18', N'2026-03-21 14:54:18'),
    (6, 1, N'2026-02-10', 2, 6, N'2026-02-10 08:00:00', N'2026-02-10 17:00:00', 0, 0, 8, 0, 0, 1, 1, N'present', NULL, 1, N'2026-03-21 14:54:18', 1, 1, N'2026-03-21 14:54:18', N'2026-03-21 14:54:18'),
    (7, 1, N'2026-02-11', 2, 7, N'2026-02-11 08:00:00', N'2026-02-11 17:00:00', 0, 0, 8, 0, 0, 1, 1, N'present', NULL, 1, N'2026-03-21 14:54:18', 1, 1, N'2026-03-21 14:54:18', N'2026-03-21 14:54:18'),
    (8, 1, N'2026-02-12', 2, 8, N'2026-02-12 08:00:00', N'2026-02-12 17:00:00', 0, 0, 8, 0, 0, 1, 1, N'present', NULL, 1, N'2026-03-21 14:54:18', 1, 1, N'2026-03-21 14:54:18', N'2026-03-21 14:54:18'),
    (9, 1, N'2026-02-13', 2, 9, N'2026-02-13 08:00:00', N'2026-02-13 17:00:00', 0, 0, 8, 0, 0, 1, 1, N'present', NULL, 1, N'2026-03-21 14:54:18', 1, 1, N'2026-03-21 14:54:18', N'2026-03-21 14:54:18'),
    (10, 1, N'2026-02-16', 2, 10, N'2026-02-16 08:00:00', N'2026-02-16 17:00:00', 0, 0, 8, 0, 0, 1, 1, N'present', NULL, 1, N'2026-03-21 14:54:18', 1, 1, N'2026-03-21 14:54:18', N'2026-03-21 14:54:18'),
    (11, 1, N'2026-02-17', 2, 11, N'2026-02-17 08:00:00', N'2026-02-17 17:00:00', 0, 0, 8, 0, 0, 1, 1, N'present', NULL, 1, N'2026-03-21 14:54:18', 1, 1, N'2026-03-21 14:54:18', N'2026-03-21 14:54:18'),
    (12, 1, N'2026-02-18', 2, 12, N'2026-02-18 08:00:00', N'2026-02-18 17:00:00', 0, 0, 8, 0, 0, 1, 1, N'present', NULL, 1, N'2026-03-21 14:54:18', 1, 1, N'2026-03-21 14:54:18', N'2026-03-21 14:54:18'),
    (13, 1, N'2026-02-19', 2, 13, N'2026-02-19 08:00:00', N'2026-02-19 17:00:00', 0, 0, 8, 0, 0, 1, 1, N'present', NULL, 1, N'2026-03-21 14:54:18', 1, 1, N'2026-03-21 14:54:18', N'2026-03-21 14:54:18'),
    (14, 1, N'2026-02-20', 2, 14, N'2026-02-20 08:00:00', N'2026-02-20 17:00:00', 0, 0, 8, 0, 0, 1, 1, N'present', NULL, 1, N'2026-03-21 14:54:18', 1, 1, N'2026-03-21 14:54:18', N'2026-03-21 14:54:18'),
    (15, 1, N'2026-02-23', 2, 15, N'2026-02-23 08:00:00', N'2026-02-23 17:00:00', 0, 0, 8, 0, 0, 1, 1, N'present', NULL, 1, N'2026-03-21 14:54:18', 1, 1, N'2026-03-21 14:54:18', N'2026-03-21 14:54:18'),
    (16, 1, N'2026-02-24', 2, 16, N'2026-02-24 08:00:00', N'2026-02-24 17:00:00', 0, 0, 8, 0, 0, 1, 1, N'present', NULL, 1, N'2026-03-21 14:54:18', 1, 1, N'2026-03-21 14:54:18', N'2026-03-21 14:54:18'),
    (17, 1, N'2026-02-25', 2, 17, N'2026-02-25 08:00:00', N'2026-02-25 17:00:00', 0, 0, 8, 0, 0, 1, 1, N'present', NULL, 1, N'2026-03-21 14:54:18', 1, 1, N'2026-03-21 14:54:18', N'2026-03-21 14:54:18'),
    (18, 1, N'2026-02-26', 2, 18, N'2026-02-26 08:00:00', N'2026-02-26 17:00:00', 0, 0, 8, 0, 0, 1, 1, N'present', NULL, 1, N'2026-03-21 14:54:18', 1, 1, N'2026-03-21 14:54:18', N'2026-03-21 14:54:18'),
    (19, 1, N'2026-02-27', 2, 19, N'2026-02-27 08:00:00', N'2026-02-27 17:00:00', 0, 0, 8, 0, 0, 1, 1, N'present', NULL, 1, N'2026-03-21 14:54:18', 1, 1, N'2026-03-21 14:54:18', N'2026-03-21 14:54:18'),
    (20, 2, N'2026-02-03', 2, 20, N'2026-02-03 08:00:00', N'2026-02-03 17:00:00', 0, 0, 8, 0, 0, 1, 1, N'present', NULL, 1, N'2026-03-21 14:54:18', 2, 1, N'2026-03-21 14:54:18', N'2026-03-21 14:54:18'),
    (21, 2, N'2026-02-04', 2, 21, N'2026-02-04 08:00:00', N'2026-02-04 17:00:00', 0, 0, 8, 0, 0, 1, 1, N'present', NULL, 1, N'2026-03-21 14:54:18', 2, 1, N'2026-03-21 14:54:18', N'2026-03-21 14:54:18'),
    (22, 2, N'2026-02-05', 2, 22, N'2026-02-05 08:00:00', N'2026-02-05 17:00:00', 0, 0, 8, 0, 0, 1, 1, N'present', NULL, 1, N'2026-03-21 14:54:18', 2, 1, N'2026-03-21 14:54:18', N'2026-03-21 14:54:18'),
    (23, 2, N'2026-02-06', 2, 23, N'2026-02-06 08:00:00', N'2026-02-06 17:00:00', 0, 0, 8, 0, 0, 1, 1, N'present', NULL, 1, N'2026-03-21 14:54:18', 2, 1, N'2026-03-21 14:54:18', N'2026-03-21 14:54:18'),
    (24, 2, N'2026-02-09', 2, 24, N'2026-02-09 08:00:00', N'2026-02-09 17:00:00', 0, 0, 8, 0, 0, 1, 1, N'present', NULL, 1, N'2026-03-21 14:54:18', 2, 1, N'2026-03-21 14:54:18', N'2026-03-21 14:54:18'),
    (25, 2, N'2026-02-10', 2, 25, N'2026-02-10 08:00:00', N'2026-02-10 17:00:00', 0, 0, 8, 0, 0, 1, 1, N'present', NULL, 1, N'2026-03-21 14:54:18', 2, 1, N'2026-03-21 14:54:18', N'2026-03-21 14:54:18'),
    (26, 2, N'2026-02-11', 2, 26, N'2026-02-11 08:00:00', N'2026-02-11 17:00:00', 0, 0, 8, 0, 0, 1, 1, N'present', NULL, 1, N'2026-03-21 14:54:18', 2, 1, N'2026-03-21 14:54:18', N'2026-03-21 14:54:18'),
    (27, 2, N'2026-02-12', 2, 27, N'2026-02-12 08:00:00', N'2026-02-12 17:00:00', 0, 0, 8, 0, 0, 1, 1, N'present', NULL, 1, N'2026-03-21 14:54:18', 2, 1, N'2026-03-21 14:54:18', N'2026-03-21 14:54:18'),
    (28, 2, N'2026-02-13', 2, 28, N'2026-02-13 08:00:00', N'2026-02-13 17:00:00', 0, 0, 8, 0, 0, 1, 1, N'present', NULL, 1, N'2026-03-21 14:54:18', 2, 1, N'2026-03-21 14:54:18', N'2026-03-21 14:54:18'),
    (29, 2, N'2026-02-16', 2, 29, N'2026-02-16 08:00:00', N'2026-02-16 17:00:00', 0, 0, 8, 0, 0, 1, 1, N'present', NULL, 1, N'2026-03-21 14:54:18', 2, 1, N'2026-03-21 14:54:18', N'2026-03-21 14:54:18'),
    (30, 2, N'2026-02-17', 2, 30, N'2026-02-17 08:00:00', N'2026-02-17 17:00:00', 0, 0, 8, 0, 0, 1, 1, N'present', NULL, 1, N'2026-03-21 14:54:18', 2, 1, N'2026-03-21 14:54:18', N'2026-03-21 14:54:18'),
    (31, 2, N'2026-02-18', 2, 31, N'2026-02-18 08:00:00', N'2026-02-18 17:00:00', 0, 0, 8, 0, 0, 1, 1, N'present', NULL, 1, N'2026-03-21 14:54:18', 2, 1, N'2026-03-21 14:54:18', N'2026-03-21 14:54:18'),
    (32, 2, N'2026-02-19', 2, 32, N'2026-02-19 08:00:00', N'2026-02-19 17:00:00', 0, 0, 8, 0, 0, 1, 1, N'present', NULL, 1, N'2026-03-21 14:54:18', 2, 1, N'2026-03-21 14:54:18', N'2026-03-21 14:54:18'),
    (33, 2, N'2026-02-20', 2, 33, N'2026-02-20 08:00:00', N'2026-02-20 17:00:00', 0, 0, 8, 0, 0, 1, 1, N'present', NULL, 1, N'2026-03-21 14:54:18', 2, 1, N'2026-03-21 14:54:18', N'2026-03-21 14:54:18'),
    (34, 2, N'2026-02-23', 2, 34, N'2026-02-23 08:00:00', N'2026-02-23 17:00:00', 0, 0, 8, 0, 0, 1, 1, N'present', NULL, 1, N'2026-03-21 14:54:18', 2, 1, N'2026-03-21 14:54:18', N'2026-03-21 14:54:18'),
    (35, 2, N'2026-02-24', 2, 35, N'2026-02-24 08:00:00', N'2026-02-24 17:00:00', 0, 0, 8, 0, 0, 1, 1, N'present', NULL, 1, N'2026-03-21 14:54:18', 2, 1, N'2026-03-21 14:54:18', N'2026-03-21 14:54:18'),
    (36, 2, N'2026-02-25', 2, 36, N'2026-02-25 08:00:00', N'2026-02-25 17:00:00', 0, 0, 8, 0, 0, 1, 1, N'present', NULL, 1, N'2026-03-21 14:54:18', 2, 1, N'2026-03-21 14:54:18', N'2026-03-21 14:54:18'),
    (37, 2, N'2026-02-26', 2, 37, N'2026-02-26 08:00:00', N'2026-02-26 17:00:00', 0, 0, 8, 0, 0, 1, 1, N'present', NULL, 1, N'2026-03-21 14:54:18', 2, 1, N'2026-03-21 14:54:18', N'2026-03-21 14:54:18'),
    (38, 2, N'2026-02-27', 2, 38, N'2026-02-27 08:00:00', N'2026-02-27 17:00:00', 0, 0, 8, 0, 0, 1, 1, N'present', NULL, 1, N'2026-03-21 14:54:18', 2, 1, N'2026-03-21 14:54:18', N'2026-03-21 14:54:18'),
    (39, 3, N'2026-02-03', 2, 39, N'2026-02-03 08:00:00', N'2026-02-03 17:00:00', 0, 0, 8, 0, 0, 1, 1, N'present', NULL, 1, N'2026-03-21 14:54:18', 3, 1, N'2026-03-21 14:54:18', N'2026-03-21 14:54:18'),
    (40, 3, N'2026-02-04', 2, 40, N'2026-02-04 08:00:00', N'2026-02-04 17:00:00', 0, 0, 8, 0, 0, 1, 1, N'present', NULL, 1, N'2026-03-21 14:54:18', 3, 1, N'2026-03-21 14:54:18', N'2026-03-21 14:54:18'),
    (41, 3, N'2026-02-05', 2, 41, N'2026-02-05 08:00:00', N'2026-02-05 17:00:00', 0, 0, 8, 0, 0, 1, 1, N'present', NULL, 1, N'2026-03-21 14:54:18', 3, 1, N'2026-03-21 14:54:18', N'2026-03-21 14:54:18'),
    (42, 3, N'2026-02-06', 2, 42, N'2026-02-06 08:00:00', N'2026-02-06 17:00:00', 0, 0, 8, 0, 0, 1, 1, N'present', NULL, 1, N'2026-03-21 14:54:18', 3, 1, N'2026-03-21 14:54:18', N'2026-03-21 14:54:18'),
    (43, 3, N'2026-02-09', 2, 43, N'2026-02-09 08:00:00', N'2026-02-09 17:00:00', 0, 0, 8, 0, 0, 1, 1, N'present', NULL, 1, N'2026-03-21 14:54:18', 3, 1, N'2026-03-21 14:54:18', N'2026-03-21 14:54:18'),
    (44, 3, N'2026-02-10', 2, 44, N'2026-02-10 08:00:00', N'2026-02-10 17:00:00', 0, 0, 8, 0, 0, 1, 1, N'present', NULL, 1, N'2026-03-21 14:54:18', 3, 1, N'2026-03-21 14:54:18', N'2026-03-21 14:54:18'),
    (45, 3, N'2026-02-11', 2, 45, N'2026-02-11 08:00:00', N'2026-02-11 17:00:00', 0, 0, 8, 0, 0, 1, 1, N'present', NULL, 1, N'2026-03-21 14:54:18', 3, 1, N'2026-03-21 14:54:18', N'2026-03-21 14:54:18'),
    (46, 3, N'2026-02-12', 2, 46, N'2026-02-12 08:00:00', N'2026-02-12 17:00:00', 0, 0, 8, 0, 0, 1, 1, N'present', NULL, 1, N'2026-03-21 14:54:18', 3, 1, N'2026-03-21 14:54:18', N'2026-03-21 14:54:18'),
    (47, 3, N'2026-02-13', 2, 47, N'2026-02-13 08:00:00', N'2026-02-13 17:00:00', 0, 0, 8, 0, 0, 1, 1, N'present', NULL, 1, N'2026-03-21 14:54:18', 3, 1, N'2026-03-21 14:54:18', N'2026-03-21 14:54:18'),
    (48, 3, N'2026-02-16', 2, 48, N'2026-02-16 08:00:00', N'2026-02-16 17:00:00', 0, 0, 8, 0, 0, 1, 1, N'present', NULL, 1, N'2026-03-21 14:54:18', 3, 1, N'2026-03-21 14:54:18', N'2026-03-21 14:54:18'),
    (49, 3, N'2026-02-17', 2, 49, N'2026-02-17 08:00:00', N'2026-02-17 17:00:00', 0, 0, 8, 0, 0, 1, 1, N'present', NULL, 1, N'2026-03-21 14:54:18', 3, 1, N'2026-03-21 14:54:18', N'2026-03-21 14:54:18'),
    (50, 3, N'2026-02-18', 2, 50, N'2026-02-18 08:00:00', N'2026-02-18 17:00:00', 0, 0, 8, 0, 0, 1, 1, N'present', NULL, 1, N'2026-03-21 14:54:18', 3, 1, N'2026-03-21 14:54:18', N'2026-03-21 14:54:18'),
    (51, 3, N'2026-02-19', 2, 51, N'2026-02-19 08:00:00', N'2026-02-19 17:00:00', 0, 0, 8, 0, 0, 1, 1, N'present', NULL, 1, N'2026-03-21 14:54:18', 3, 1, N'2026-03-21 14:54:18', N'2026-03-21 14:54:18'),
    (52, 3, N'2026-02-20', 2, 52, N'2026-02-20 08:00:00', N'2026-02-20 17:00:00', 0, 0, 8, 0, 0, 1, 1, N'present', NULL, 1, N'2026-03-21 14:54:18', 3, 1, N'2026-03-21 14:54:18', N'2026-03-21 14:54:18'),
    (53, 3, N'2026-02-23', 2, 53, N'2026-02-23 08:00:00', N'2026-02-23 17:00:00', 0, 0, 8, 0, 0, 1, 1, N'present', NULL, 1, N'2026-03-21 14:54:18', 3, 1, N'2026-03-21 14:54:18', N'2026-03-21 14:54:18'),
    (54, 3, N'2026-02-24', 2, 54, N'2026-02-24 08:00:00', N'2026-02-24 17:00:00', 0, 0, 8, 0, 0, 1, 1, N'present', NULL, 1, N'2026-03-21 14:54:18', 3, 1, N'2026-03-21 14:54:18', N'2026-03-21 14:54:18'),
    (55, 3, N'2026-02-25', 2, 55, N'2026-02-25 08:00:00', N'2026-02-25 17:00:00', 0, 0, 8, 0, 0, 1, 1, N'present', NULL, 1, N'2026-03-21 14:54:18', 3, 1, N'2026-03-21 14:54:18', N'2026-03-21 14:54:18'),
    (56, 3, N'2026-02-26', 2, 56, N'2026-02-26 08:00:00', N'2026-02-26 17:00:00', 0, 0, 8, 0, 0, 1, 1, N'present', NULL, 1, N'2026-03-21 14:54:18', 3, 1, N'2026-03-21 14:54:18', N'2026-03-21 14:54:18'),
    (57, 3, N'2026-02-27', 2, 57, N'2026-02-27 08:00:00', N'2026-02-27 17:00:00', 0, 0, 8, 0, 0, 1, 1, N'present', NULL, 1, N'2026-03-21 14:54:18', 3, 1, N'2026-03-21 14:54:18', N'2026-03-21 14:54:18'),
    (58, 4, N'2026-02-03', 2, 58, N'2026-02-03 08:00:00', N'2026-02-03 17:00:00', 0, 0, 8, 0, 0, 1, 1, N'present', NULL, 1, N'2026-03-21 14:54:18', 4, 1, N'2026-03-21 14:54:18', N'2026-03-21 14:54:18'),
    (59, 4, N'2026-02-04', 2, 59, N'2026-02-04 08:00:00', N'2026-02-04 17:00:00', 0, 0, 8, 0, 0, 1, 1, N'present', NULL, 1, N'2026-03-21 14:54:18', 4, 1, N'2026-03-21 14:54:18', N'2026-03-21 14:54:18'),
    (60, 4, N'2026-02-05', 2, 60, N'2026-02-05 08:00:00', N'2026-02-05 17:00:00', 0, 0, 8, 0, 0, 1, 1, N'present', NULL, 1, N'2026-03-21 14:54:18', 4, 1, N'2026-03-21 14:54:18', N'2026-03-21 14:54:18'),
    (61, 4, N'2026-02-06', 2, 61, N'2026-02-06 08:00:00', N'2026-02-06 17:00:00', 0, 0, 8, 0, 0, 1, 1, N'present', NULL, 1, N'2026-03-21 14:54:18', 4, 1, N'2026-03-21 14:54:18', N'2026-03-21 14:54:18'),
    (62, 4, N'2026-02-09', 2, 62, N'2026-02-09 08:00:00', N'2026-02-09 17:00:00', 0, 0, 8, 0, 0, 1, 1, N'present', NULL, 1, N'2026-03-21 14:54:18', 4, 1, N'2026-03-21 14:54:18', N'2026-03-21 14:54:18'),
    (63, 4, N'2026-02-10', 2, 63, N'2026-02-10 08:00:00', N'2026-02-10 17:00:00', 0, 0, 8, 0, 0, 1, 1, N'present', NULL, 1, N'2026-03-21 14:54:18', 4, 1, N'2026-03-21 14:54:18', N'2026-03-21 14:54:18'),
    (64, 4, N'2026-02-11', 2, 64, N'2026-02-11 08:00:00', N'2026-02-11 17:00:00', 0, 0, 8, 0, 0, 1, 1, N'present', NULL, 1, N'2026-03-21 14:54:18', 4, 1, N'2026-03-21 14:54:18', N'2026-03-21 14:54:18'),
    (65, 4, N'2026-02-12', 2, 65, N'2026-02-12 08:00:00', N'2026-02-12 17:00:00', 0, 0, 8, 0, 0, 1, 1, N'present', NULL, 1, N'2026-03-21 14:54:18', 4, 1, N'2026-03-21 14:54:18', N'2026-03-21 14:54:18'),
    (66, 4, N'2026-02-13', 2, 66, N'2026-02-13 08:00:00', N'2026-02-13 17:00:00', 0, 0, 8, 0, 0, 1, 1, N'present', NULL, 1, N'2026-03-21 14:54:18', 4, 1, N'2026-03-21 14:54:18', N'2026-03-21 14:54:18'),
    (67, 4, N'2026-02-16', 2, 67, N'2026-02-16 08:00:00', N'2026-02-16 17:00:00', 0, 0, 8, 0, 0, 1, 1, N'present', NULL, 1, N'2026-03-21 14:54:18', 4, 1, N'2026-03-21 14:54:18', N'2026-03-21 14:54:18'),
    (68, 4, N'2026-02-17', 2, 68, N'2026-02-17 08:00:00', N'2026-02-17 17:00:00', 0, 0, 8, 0, 0, 1, 1, N'present', NULL, 1, N'2026-03-21 14:54:18', 4, 1, N'2026-03-21 14:54:18', N'2026-03-21 14:54:18'),
    (69, 4, N'2026-02-18', 2, 69, N'2026-02-18 08:00:00', N'2026-02-18 17:00:00', 0, 0, 8, 0, 0, 1, 1, N'present', NULL, 1, N'2026-03-21 14:54:18', 4, 1, N'2026-03-21 14:54:18', N'2026-03-21 14:54:18'),
    (70, 4, N'2026-02-19', 2, 70, N'2026-02-19 08:00:00', N'2026-02-19 17:00:00', 0, 0, 8, 0, 0, 1, 1, N'present', NULL, 1, N'2026-03-21 14:54:18', 4, 1, N'2026-03-21 14:54:18', N'2026-03-21 14:54:18'),
    (71, 4, N'2026-02-20', 2, 71, N'2026-02-20 08:00:00', N'2026-02-20 17:00:00', 0, 0, 8, 0, 0, 1, 1, N'present', NULL, 1, N'2026-03-21 14:54:18', 4, 1, N'2026-03-21 14:54:18', N'2026-03-21 14:54:18'),
    (72, 4, N'2026-02-23', 2, 72, N'2026-02-23 08:00:00', N'2026-02-23 17:00:00', 0, 0, 8, 0, 0, 1, 1, N'present', NULL, 1, N'2026-03-21 14:54:18', 4, 1, N'2026-03-21 14:54:18', N'2026-03-21 14:54:18'),
    (73, 4, N'2026-02-24', 2, 73, N'2026-02-24 08:00:00', N'2026-02-24 17:00:00', 0, 0, 8, 0, 0, 1, 1, N'present', NULL, 1, N'2026-03-21 14:54:18', 4, 1, N'2026-03-21 14:54:18', N'2026-03-21 14:54:18'),
    (74, 4, N'2026-02-25', 2, 74, N'2026-02-25 08:00:00', N'2026-02-25 17:00:00', 0, 0, 8, 0, 0, 1, 1, N'present', NULL, 1, N'2026-03-21 14:54:18', 4, 1, N'2026-03-21 14:54:18', N'2026-03-21 14:54:18'),
    (75, 4, N'2026-02-26', 2, 75, N'2026-02-26 08:00:00', N'2026-02-26 17:00:00', 0, 0, 8, 0, 0, 1, 1, N'present', NULL, 1, N'2026-03-21 14:54:18', 4, 1, N'2026-03-21 14:54:18', N'2026-03-21 14:54:18'),
    (76, 4, N'2026-02-27', 2, 76, N'2026-02-27 08:00:00', N'2026-02-27 17:00:00', 0, 0, 8, 0, 0, 1, 1, N'present', NULL, 1, N'2026-03-21 14:54:18', 4, 1, N'2026-03-21 14:54:18', N'2026-03-21 14:54:18'),
    (77, 5, N'2026-02-03', 2, 77, N'2026-02-03 08:00:00', N'2026-02-03 17:00:00', 0, 0, 8, 0, 0, 1, 1, N'present', NULL, 1, N'2026-03-21 14:54:18', 5, 1, N'2026-03-21 14:54:18', N'2026-03-21 14:54:18'),
    (78, 5, N'2026-02-04', 2, 78, N'2026-02-04 08:00:00', N'2026-02-04 17:00:00', 0, 0, 8, 0, 0, 1, 1, N'present', NULL, 1, N'2026-03-21 14:54:18', 5, 1, N'2026-03-21 14:54:18', N'2026-03-21 14:54:18'),
    (79, 5, N'2026-02-05', 2, 79, N'2026-02-05 08:00:00', N'2026-02-05 17:00:00', 0, 0, 8, 0, 0, 1, 1, N'present', NULL, 1, N'2026-03-21 14:54:18', 5, 1, N'2026-03-21 14:54:18', N'2026-03-21 14:54:18'),
    (80, 5, N'2026-02-06', 2, 80, N'2026-02-06 08:00:00', N'2026-02-06 17:00:00', 0, 0, 8, 0, 0, 1, 1, N'present', NULL, 1, N'2026-03-21 14:54:18', 5, 1, N'2026-03-21 14:54:18', N'2026-03-21 14:54:18'),
    (81, 5, N'2026-02-09', 2, 81, N'2026-02-09 08:00:00', N'2026-02-09 17:00:00', 0, 0, 8, 0, 0, 1, 1, N'present', NULL, 1, N'2026-03-21 14:54:18', 5, 1, N'2026-03-21 14:54:18', N'2026-03-21 14:54:18'),
    (82, 5, N'2026-02-10', 2, 82, N'2026-02-10 08:00:00', N'2026-02-10 17:00:00', 0, 0, 8, 0, 0, 1, 1, N'present', NULL, 1, N'2026-03-21 14:54:18', 5, 1, N'2026-03-21 14:54:18', N'2026-03-21 14:54:18'),
    (83, 5, N'2026-02-11', 2, 83, N'2026-02-11 08:00:00', N'2026-02-11 17:00:00', 0, 0, 8, 0, 0, 1, 1, N'present', NULL, 1, N'2026-03-21 14:54:18', 5, 1, N'2026-03-21 14:54:18', N'2026-03-21 14:54:18'),
    (84, 5, N'2026-02-12', 2, 84, N'2026-02-12 08:00:00', N'2026-02-12 17:00:00', 0, 0, 8, 0, 0, 1, 1, N'present', NULL, 1, N'2026-03-21 14:54:18', 5, 1, N'2026-03-21 14:54:18', N'2026-03-21 14:54:18'),
    (85, 5, N'2026-02-13', 2, 85, N'2026-02-13 08:00:00', N'2026-02-13 17:00:00', 0, 0, 8, 0, 0, 1, 1, N'present', NULL, 1, N'2026-03-21 14:54:18', 5, 1, N'2026-03-21 14:54:18', N'2026-03-21 14:54:18'),
    (86, 5, N'2026-02-16', 2, 86, N'2026-02-16 08:00:00', N'2026-02-16 17:00:00', 0, 0, 8, 0, 0, 1, 1, N'present', NULL, 1, N'2026-03-21 14:54:18', 5, 1, N'2026-03-21 14:54:18', N'2026-03-21 14:54:18'),
    (87, 5, N'2026-02-17', 2, 87, N'2026-02-17 08:00:00', N'2026-02-17 17:00:00', 0, 0, 8, 0, 0, 1, 1, N'present', NULL, 1, N'2026-03-21 14:54:18', 5, 1, N'2026-03-21 14:54:18', N'2026-03-21 14:54:18'),
    (88, 5, N'2026-02-18', 2, 88, N'2026-02-18 08:00:00', N'2026-02-18 17:00:00', 0, 0, 8, 0, 0, 1, 1, N'present', NULL, 1, N'2026-03-21 14:54:18', 5, 1, N'2026-03-21 14:54:18', N'2026-03-21 14:54:18'),
    (89, 5, N'2026-02-19', 2, 89, N'2026-02-19 08:00:00', N'2026-02-19 17:00:00', 0, 0, 8, 0, 0, 1, 1, N'present', NULL, 1, N'2026-03-21 14:54:18', 5, 1, N'2026-03-21 14:54:18', N'2026-03-21 14:54:18'),
    (90, 5, N'2026-02-20', 2, 90, N'2026-02-20 08:00:00', N'2026-02-20 17:00:00', 0, 0, 8, 0, 0, 1, 1, N'present', NULL, 1, N'2026-03-21 14:54:18', 5, 1, N'2026-03-21 14:54:18', N'2026-03-21 14:54:18'),
    (91, 5, N'2026-02-23', 2, 91, N'2026-02-23 08:00:00', N'2026-02-23 17:00:00', 0, 0, 8, 0, 0, 1, 1, N'present', NULL, 1, N'2026-03-21 14:54:18', 5, 1, N'2026-03-21 14:54:18', N'2026-03-21 14:54:18'),
    (92, 5, N'2026-02-24', 2, 92, N'2026-02-24 08:00:00', N'2026-02-24 17:00:00', 0, 0, 8, 0, 0, 1, 1, N'present', NULL, 1, N'2026-03-21 14:54:18', 5, 1, N'2026-03-21 14:54:18', N'2026-03-21 14:54:18'),
    (93, 5, N'2026-02-25', 2, 93, N'2026-02-25 08:00:00', N'2026-02-25 17:00:00', 0, 0, 8, 0, 0, 1, 1, N'present', NULL, 1, N'2026-03-21 14:54:18', 5, 1, N'2026-03-21 14:54:18', N'2026-03-21 14:54:18'),
    (94, 5, N'2026-02-26', 2, 94, N'2026-02-26 08:00:00', N'2026-02-26 17:00:00', 0, 0, 8, 0, 0, 1, 1, N'present', NULL, 1, N'2026-03-21 14:54:18', 5, 1, N'2026-03-21 14:54:18', N'2026-03-21 14:54:18'),
    (95, 5, N'2026-02-27', 2, 95, N'2026-02-27 08:00:00', N'2026-02-27 17:00:00', 0, 0, 8, 0, 0, 1, 1, N'present', NULL, 1, N'2026-03-21 14:54:18', 5, 1, N'2026-03-21 14:54:18', N'2026-03-21 14:54:18'),
    (96, 6, N'2026-02-03', 2, 96, N'2026-02-03 08:00:00', N'2026-02-03 17:00:00', 0, 0, 8, 0, 0, 1, 1, N'present', NULL, 1, N'2026-03-21 14:54:18', NULL, 1, N'2026-03-21 14:54:18', N'2026-03-21 14:54:18'),
    (97, 6, N'2026-02-04', 2, 97, N'2026-02-04 08:00:00', N'2026-02-04 17:00:00', 0, 0, 8, 0, 0, 1, 1, N'present', NULL, 1, N'2026-03-21 14:54:18', NULL, 1, N'2026-03-21 14:54:18', N'2026-03-21 14:54:18'),
    (98, 6, N'2026-02-05', 2, 98, N'2026-02-05 08:15:00', N'2026-02-05 17:00:00', 15, 0, 7.8, 0, 0, 1, 1, N'present', N'late', 1, N'2026-03-21 14:54:18', NULL, 1, N'2026-03-21 14:54:18', N'2026-03-21 14:54:18'),
    (99, 6, N'2026-02-06', 2, 99, N'2026-02-06 08:00:00', N'2026-02-06 17:00:00', 0, 0, 8, 0, 0, 1, 1, N'present', NULL, 1, N'2026-03-21 14:54:18', NULL, 1, N'2026-03-21 14:54:18', N'2026-03-21 14:54:18'),
    (100, 6, N'2026-02-09', 2, 100, N'2026-02-09 08:00:00', N'2026-02-09 17:00:00', 0, 0, 8, 0, 0, 1, 1, N'present', NULL, 1, N'2026-03-21 14:54:18', NULL, 1, N'2026-03-21 14:54:18', N'2026-03-21 14:54:18'),
    (101, 6, N'2026-02-10', 2, 101, N'2026-02-10 08:00:00', N'2026-02-10 17:00:00', 0, 0, 8, 0, 0, 1, 1, N'present', NULL, 1, N'2026-03-21 14:54:18', NULL, 1, N'2026-03-21 14:54:18', N'2026-03-21 14:54:18'),
    (102, 6, N'2026-02-11', 2, 102, N'2026-02-11 08:00:00', N'2026-02-11 17:00:00', 0, 0, 8, 0, 0, 1, 1, N'present', NULL, 1, N'2026-03-21 14:54:18', NULL, 1, N'2026-03-21 14:54:18', N'2026-03-21 14:54:18'),
    (103, 6, N'2026-02-12', 2, 103, N'2026-02-12 08:00:00', N'2026-02-12 17:00:00', 0, 0, 8, 0, 0, 1, 1, N'present', NULL, 1, N'2026-03-21 14:54:18', NULL, 1, N'2026-03-21 14:54:18', N'2026-03-21 14:54:18'),
    (104, 6, N'2026-02-13', 2, 104, N'2026-02-13 08:35:00', N'2026-02-13 17:00:00', 35, 0, 7.4, 0, 0, 1, 1, N'partial', N'late', 1, N'2026-03-21 14:54:18', NULL, 1, N'2026-03-21 14:54:18', N'2026-03-21 14:54:18'),
    (105, 6, N'2026-02-16', 2, 105, N'2026-02-16 08:00:00', N'2026-02-16 17:00:00', 0, 0, 8, 0, 0, 1, 1, N'present', NULL, 1, N'2026-03-21 14:54:18', NULL, 1, N'2026-03-21 14:54:18', N'2026-03-21 14:54:18'),
    (106, 6, N'2026-02-17', 2, 106, N'2026-02-17 08:00:00', N'2026-02-17 17:00:00', 0, 0, 8, 0, 0, 1, 1, N'present', NULL, 1, N'2026-03-21 14:54:18', NULL, 1, N'2026-03-21 14:54:18', N'2026-03-21 14:54:18'),
    (107, 6, N'2026-02-18', 2, 107, N'2026-02-18 08:00:00', N'2026-02-18 17:00:00', 0, 0, 8, 0, 0, 1, 1, N'present', NULL, 1, N'2026-03-21 14:54:18', NULL, 1, N'2026-03-21 14:54:18', N'2026-03-21 14:54:18'),
    (108, 6, N'2026-02-19', 2, 108, N'2026-02-19 08:00:00', N'2026-02-19 17:00:00', 0, 0, 8, 0, 0, 1, 1, N'present', NULL, 1, N'2026-03-21 14:54:18', NULL, 1, N'2026-03-21 14:54:18', N'2026-03-21 14:54:18'),
    (109, 6, N'2026-02-20', 2, 109, N'2026-02-20 08:00:00', N'2026-02-20 17:00:00', 0, 0, 8, 0, 0, 1, 1, N'present', NULL, 1, N'2026-03-21 14:54:18', NULL, 1, N'2026-03-21 14:54:18', N'2026-03-21 14:54:18'),
    (110, 6, N'2026-02-23', 2, 110, N'2026-02-23 08:00:00', N'2026-02-23 17:00:00', 0, 0, 8, 0, 0, 1, 1, N'present', NULL, 1, N'2026-03-21 14:54:18', NULL, 1, N'2026-03-21 14:54:18', N'2026-03-21 14:54:18'),
    (111, 6, N'2026-02-24', 2, 111, N'2026-02-24 08:00:00', N'2026-02-24 17:00:00', 0, 0, 8, 0, 0, 1, 1, N'present', NULL, 1, N'2026-03-21 14:54:18', NULL, 1, N'2026-03-21 14:54:18', N'2026-03-21 14:54:18'),
    (112, 6, N'2026-02-25', 2, 112, N'2026-02-25 08:00:00', N'2026-02-25 17:00:00', 0, 0, 8, 0, 0, 1, 1, N'present', NULL, 1, N'2026-03-21 14:54:18', NULL, 1, N'2026-03-21 14:54:18', N'2026-03-21 14:54:18'),
    (113, 6, N'2026-02-26', 2, 113, N'2026-02-26 08:00:00', N'2026-02-26 17:00:00', 0, 0, 8, 0, 0, 1, 1, N'present', NULL, 1, N'2026-03-21 14:54:18', NULL, 1, N'2026-03-21 14:54:18', N'2026-03-21 14:54:18'),
    (114, 6, N'2026-02-27', 2, 114, N'2026-02-27 08:00:00', N'2026-02-27 17:00:00', 0, 0, 8, 0, 0, 1, 1, N'present', NULL, 1, N'2026-03-21 14:54:18', NULL, 1, N'2026-03-21 14:54:18', N'2026-03-21 14:54:18'),
    (115, 7, N'2026-02-03', 2, 115, N'2026-02-03 13:00:00', N'2026-02-03 22:00:00', 0, 0, 8, 0, 0, 1, 1, N'present', NULL, 1, N'2026-03-21 14:54:18', NULL, 1, N'2026-03-21 14:54:18', N'2026-03-21 14:54:18'),
    (116, 7, N'2026-02-04', 2, 116, N'2026-02-04 13:00:00', N'2026-02-04 21:40:00', 0, 20, 7.7, 0, 0, 1, 1, N'present', N'early', 1, N'2026-03-21 14:54:18', NULL, 1, N'2026-03-21 14:54:18', N'2026-03-21 14:54:18'),
    (117, 7, N'2026-02-05', 2, 117, N'2026-02-05 13:00:00', N'2026-02-05 22:00:00', 0, 0, 8, 0, 0, 1, 1, N'present', NULL, 1, N'2026-03-21 14:54:18', NULL, 1, N'2026-03-21 14:54:18', N'2026-03-21 14:54:18'),
    (118, 7, N'2026-02-06', 2, 118, N'2026-02-06 13:00:00', N'2026-02-06 22:00:00', 0, 0, 8, 0, 0, 1, 1, N'present', NULL, 1, N'2026-03-21 14:54:18', NULL, 1, N'2026-03-21 14:54:18', N'2026-03-21 14:54:18'),
    (119, 7, N'2026-02-09', 2, 119, N'2026-02-09 13:00:00', N'2026-02-09 22:00:00', 0, 0, 8, 0, 0, 1, 1, N'present', NULL, 1, N'2026-03-21 14:54:18', NULL, 1, N'2026-03-21 14:54:18', N'2026-03-21 14:54:18'),
    (120, 7, N'2026-02-10', 2, 120, NULL, NULL, 0, 0, 0, 0, 0, 0, 0, N'absent', NULL, 1, N'2026-03-21 14:54:18', NULL, 1, N'2026-03-21 14:54:18', N'2026-03-21 14:54:18'),
    (121, 7, N'2026-02-11', 2, 121, N'2026-02-11 13:00:00', N'2026-02-11 22:00:00', 0, 0, 8, 0, 0, 1, 1, N'present', NULL, 1, N'2026-03-21 14:54:18', NULL, 1, N'2026-03-21 14:54:18', N'2026-03-21 14:54:18'),
    (122, 7, N'2026-02-12', 2, 122, N'2026-02-12 13:00:00', N'2026-02-12 22:00:00', 0, 0, 8, 0, 0, 1, 1, N'present', NULL, 1, N'2026-03-21 14:54:18', NULL, 1, N'2026-03-21 14:54:18', N'2026-03-21 14:54:18'),
    (123, 7, N'2026-02-13', 2, 123, N'2026-02-13 13:00:00', N'2026-02-13 22:00:00', 0, 0, 8, 0, 0, 1, 1, N'present', NULL, 1, N'2026-03-21 14:54:18', NULL, 1, N'2026-03-21 14:54:18', N'2026-03-21 14:54:18'),
    (124, 7, N'2026-02-16', 2, 124, N'2026-02-16 13:00:00', N'2026-02-16 22:00:00', 0, 0, 8, 0, 0, 1, 1, N'present', NULL, 1, N'2026-03-21 14:54:18', NULL, 1, N'2026-03-21 14:54:18', N'2026-03-21 14:54:18'),
    (125, 7, N'2026-02-17', 2, 125, N'2026-02-17 13:00:00', N'2026-02-17 22:00:00', 0, 0, 8, 0, 0, 1, 1, N'present', NULL, 1, N'2026-03-21 14:54:18', NULL, 1, N'2026-03-21 14:54:18', N'2026-03-21 14:54:18'),
    (126, 7, N'2026-02-18', 2, 126, N'2026-02-18 13:00:00', N'2026-02-18 22:00:00', 0, 0, 8, 0, 0, 1, 1, N'present', NULL, 1, N'2026-03-21 14:54:18', NULL, 1, N'2026-03-21 14:54:18', N'2026-03-21 14:54:18'),
    (127, 7, N'2026-02-19', 2, 127, N'2026-02-19 13:00:00', N'2026-02-19 22:00:00', 0, 0, 8, 0, 0, 1, 1, N'present', NULL, 1, N'2026-03-21 14:54:18', NULL, 1, N'2026-03-21 14:54:18', N'2026-03-21 14:54:18'),
    (128, 7, N'2026-02-20', 2, 128, N'2026-02-20 13:00:00', N'2026-02-20 22:00:00', 0, 0, 8, 0, 0, 1, 1, N'present', NULL, 1, N'2026-03-21 14:54:18', NULL, 1, N'2026-03-21 14:54:18', N'2026-03-21 14:54:18'),
    (129, 7, N'2026-02-23', 2, 129, N'2026-02-23 13:00:00', N'2026-02-23 22:00:00', 0, 0, 8, 0, 0, 1, 1, N'present', NULL, 1, N'2026-03-21 14:54:18', NULL, 1, N'2026-03-21 14:54:18', N'2026-03-21 14:54:18'),
    (130, 7, N'2026-02-24', 2, 130, N'2026-02-24 13:00:00', N'2026-02-24 22:00:00', 0, 0, 8, 0, 0, 1, 1, N'present', NULL, 1, N'2026-03-21 14:54:18', NULL, 1, N'2026-03-21 14:54:18', N'2026-03-21 14:54:18'),
    (131, 7, N'2026-02-25', 2, 131, N'2026-02-25 13:00:00', N'2026-02-25 22:00:00', 0, 0, 8, 0, 0, 1, 1, N'present', NULL, 1, N'2026-03-21 14:54:18', NULL, 1, N'2026-03-21 14:54:18', N'2026-03-21 14:54:18'),
    (132, 7, N'2026-02-26', 2, 132, N'2026-02-26 13:00:00', N'2026-02-26 22:00:00', 0, 0, 8, 0, 0, 1, 1, N'present', NULL, 1, N'2026-03-21 14:54:18', NULL, 1, N'2026-03-21 14:54:18', N'2026-03-21 14:54:18'),
    (133, 7, N'2026-02-27', 2, 133, N'2026-02-27 13:00:00', N'2026-02-27 22:00:00', 0, 0, 8, 0, 0, 1, 1, N'present', NULL, 1, N'2026-03-21 14:54:18', NULL, 1, N'2026-03-21 14:54:18', N'2026-03-21 14:54:18'),
    (134, 8, N'2026-02-03', 2, 134, N'2026-02-03 08:00:00', N'2026-02-03 17:00:00', 0, 0, 8, 0, 0, 1, 1, N'present', NULL, 1, N'2026-03-21 14:54:18', NULL, 1, N'2026-03-21 14:54:18', N'2026-03-21 14:54:18'),
    (135, 8, N'2026-02-04', 2, 135, N'2026-02-04 08:00:00', N'2026-02-04 17:00:00', 0, 0, 8, 0, 0, 1, 1, N'present', NULL, 1, N'2026-03-21 14:54:18', NULL, 1, N'2026-03-21 14:54:18', N'2026-03-21 14:54:18'),
    (136, 8, N'2026-02-05', 2, 136, N'2026-02-05 08:00:00', N'2026-02-05 17:00:00', 0, 0, 8, 0, 0, 1, 1, N'present', NULL, 1, N'2026-03-21 14:54:18', NULL, 1, N'2026-03-21 14:54:18', N'2026-03-21 14:54:18'),
    (137, 8, N'2026-02-06', 2, 137, N'2026-02-06 08:10:00', N'2026-02-06 17:00:00', 10, 0, 7.8, 0, 0, 1, 1, N'present', N'late', 1, N'2026-03-21 14:54:18', NULL, 1, N'2026-03-21 14:54:18', N'2026-03-21 14:54:18'),
    (138, 8, N'2026-02-09', 2, 138, N'2026-02-09 08:00:00', N'2026-02-09 17:00:00', 0, 0, 8, 0, 0, 1, 1, N'present', NULL, 1, N'2026-03-21 14:54:18', NULL, 1, N'2026-03-21 14:54:18', N'2026-03-21 14:54:18'),
    (139, 8, N'2026-02-10', 2, 139, N'2026-02-10 08:00:00', N'2026-02-10 17:00:00', 0, 0, 8, 0, 0, 1, 1, N'present', NULL, 1, N'2026-03-21 14:54:18', NULL, 1, N'2026-03-21 14:54:18', N'2026-03-21 14:54:18'),
    (140, 8, N'2026-02-11', 2, 140, N'2026-02-11 08:00:00', N'2026-02-11 17:00:00', 0, 0, 8, 0, 0, 1, 1, N'present', NULL, 1, N'2026-03-21 14:54:18', NULL, 1, N'2026-03-21 14:54:18', N'2026-03-21 14:54:18'),
    (141, 8, N'2026-02-12', 2, 141, N'2026-02-12 08:00:00', N'2026-02-12 17:00:00', 0, 0, 8, 0, 0, 1, 1, N'present', NULL, 1, N'2026-03-21 14:54:18', NULL, 1, N'2026-03-21 14:54:18', N'2026-03-21 14:54:18'),
    (142, 8, N'2026-02-13', 2, 142, N'2026-02-13 08:00:00', N'2026-02-13 17:00:00', 0, 0, 8, 0, 0, 1, 1, N'present', NULL, 1, N'2026-03-21 14:54:18', NULL, 1, N'2026-03-21 14:54:18', N'2026-03-21 14:54:18'),
    (143, 8, N'2026-02-16', 2, 143, N'2026-02-16 08:00:00', N'2026-02-16 17:00:00', 0, 0, 8, 0, 0, 1, 1, N'present', NULL, 1, N'2026-03-21 14:54:18', NULL, 1, N'2026-03-21 14:54:18', N'2026-03-21 14:54:18'),
    (144, 8, N'2026-02-17', 2, 144, N'2026-02-17 08:00:00', NULL, 0, 0, 0, 0, 0, 0, 0, N'anomaly', N'missing_checkout', 1, N'2026-03-21 14:54:18', NULL, 1, N'2026-03-21 14:54:18', N'2026-03-21 14:54:18'),
    (145, 8, N'2026-02-18', 2, 145, N'2026-02-18 08:00:00', N'2026-02-18 17:00:00', 0, 0, 8, 0, 0, 1, 1, N'present', NULL, 1, N'2026-03-21 14:54:18', NULL, 1, N'2026-03-21 14:54:18', N'2026-03-21 14:54:18'),
    (146, 8, N'2026-02-19', 2, 146, N'2026-02-19 08:00:00', N'2026-02-19 17:00:00', 0, 0, 8, 0, 0, 1, 1, N'present', NULL, 1, N'2026-03-21 14:54:18', NULL, 1, N'2026-03-21 14:54:18', N'2026-03-21 14:54:18'),
    (147, 8, N'2026-02-20', 2, 147, N'2026-02-20 08:00:00', N'2026-02-20 17:00:00', 0, 0, 8, 0, 0, 1, 1, N'present', NULL, 1, N'2026-03-21 14:54:18', NULL, 1, N'2026-03-21 14:54:18', N'2026-03-21 14:54:18'),
    (148, 8, N'2026-02-23', 2, 148, N'2026-02-23 08:00:00', N'2026-02-23 17:00:00', 0, 0, 8, 0, 0, 1, 1, N'present', NULL, 1, N'2026-03-21 14:54:18', NULL, 1, N'2026-03-21 14:54:18', N'2026-03-21 14:54:18'),
    (149, 8, N'2026-02-24', 2, 149, N'2026-02-24 08:00:00', N'2026-02-24 17:00:00', 0, 0, 8, 0, 0, 1, 1, N'present', NULL, 1, N'2026-03-21 14:54:18', NULL, 1, N'2026-03-21 14:54:18', N'2026-03-21 14:54:18'),
    (150, 8, N'2026-02-25', 2, 150, N'2026-02-25 08:00:00', N'2026-02-25 17:00:00', 0, 0, 8, 0, 0, 1, 1, N'present', NULL, 1, N'2026-03-21 14:54:18', NULL, 1, N'2026-03-21 14:54:18', N'2026-03-21 14:54:18'),
    (151, 8, N'2026-02-26', 2, 151, N'2026-02-26 08:00:00', N'2026-02-26 17:00:00', 0, 0, 8, 0, 0, 1, 1, N'present', NULL, 1, N'2026-03-21 14:54:18', NULL, 1, N'2026-03-21 14:54:18', N'2026-03-21 14:54:18'),
    (152, 8, N'2026-02-27', 2, 152, N'2026-02-27 08:00:00', N'2026-02-27 17:00:00', 0, 0, 8, 0, 0, 1, 1, N'present', NULL, 1, N'2026-03-21 14:54:18', NULL, 1, N'2026-03-21 14:54:18', N'2026-03-21 14:54:18'),
    (153, 9, N'2026-02-03', 2, 153, N'2026-02-03 22:00:00', N'2026-02-04 06:00:00', 0, 0, 8, 0, 7.5, 1, 1, N'present', NULL, 1, N'2026-03-21 14:54:18', NULL, 1, N'2026-03-21 14:54:18', N'2026-03-21 14:54:18'),
    (154, 9, N'2026-02-04', 2, 154, N'2026-02-04 22:00:00', N'2026-02-05 06:00:00', 0, 0, 8, 0, 7.5, 1, 1, N'present', NULL, 1, N'2026-03-21 14:54:18', NULL, 1, N'2026-03-21 14:54:18', N'2026-03-21 14:54:18'),
    (155, 9, N'2026-02-05', 2, 155, N'2026-02-05 22:00:00', N'2026-02-06 06:00:00', 0, 0, 8, 0, 7.5, 1, 1, N'present', NULL, 1, N'2026-03-21 14:54:18', NULL, 1, N'2026-03-21 14:54:18', N'2026-03-21 14:54:18'),
    (156, 9, N'2026-02-06', 2, 156, N'2026-02-06 22:00:00', N'2026-02-07 06:00:00', 0, 0, 8, 0, 7.5, 1, 1, N'present', NULL, 1, N'2026-03-21 14:54:18', NULL, 1, N'2026-03-21 14:54:18', N'2026-03-21 14:54:18'),
    (157, 9, N'2026-02-09', 2, 157, N'2026-02-09 22:45:00', N'2026-02-10 06:00:00', 45, 0, 7.3, 0, 7.5, 1, 1, N'partial', N'late', 1, N'2026-03-21 14:54:18', NULL, 1, N'2026-03-21 14:54:18', N'2026-03-21 14:54:18'),
    (158, 9, N'2026-02-10', 2, 158, N'2026-02-10 22:00:00', N'2026-02-11 06:00:00', 0, 0, 8, 0, 7.5, 1, 1, N'present', NULL, 1, N'2026-03-21 14:54:18', NULL, 1, N'2026-03-21 14:54:18', N'2026-03-21 14:54:18'),
    (159, 9, N'2026-02-11', 2, 159, N'2026-02-11 22:00:00', N'2026-02-12 06:00:00', 0, 0, 8, 0, 7.5, 1, 1, N'present', NULL, 1, N'2026-03-21 14:54:18', NULL, 1, N'2026-03-21 14:54:18', N'2026-03-21 14:54:18'),
    (160, 9, N'2026-02-12', 2, 160, N'2026-02-12 22:00:00', N'2026-02-13 06:00:00', 0, 0, 8, 0, 7.5, 1, 1, N'present', NULL, 1, N'2026-03-21 14:54:18', NULL, 1, N'2026-03-21 14:54:18', N'2026-03-21 14:54:18'),
    (161, 9, N'2026-02-13', 2, 161, N'2026-02-13 22:00:00', N'2026-02-14 06:00:00', 0, 0, 8, 0, 7.5, 1, 1, N'present', NULL, 1, N'2026-03-21 14:54:18', NULL, 1, N'2026-03-21 14:54:18', N'2026-03-21 14:54:18'),
    (162, 9, N'2026-02-16', 2, 162, N'2026-02-16 22:00:00', N'2026-02-17 06:00:00', 0, 0, 8, 0, 7.5, 1, 1, N'present', NULL, 1, N'2026-03-21 14:54:18', NULL, 1, N'2026-03-21 14:54:18', N'2026-03-21 14:54:18'),
    (163, 9, N'2026-02-17', 2, 163, N'2026-02-17 22:00:00', N'2026-02-18 06:00:00', 0, 0, 8, 0, 7.5, 1, 1, N'present', NULL, 1, N'2026-03-21 14:54:18', NULL, 1, N'2026-03-21 14:54:18', N'2026-03-21 14:54:18'),
    (164, 9, N'2026-02-18', 2, 164, N'2026-02-18 22:00:00', N'2026-02-19 06:00:00', 0, 0, 8, 0, 7.5, 1, 1, N'present', NULL, 1, N'2026-03-21 14:54:18', NULL, 1, N'2026-03-21 14:54:18', N'2026-03-21 14:54:18'),
    (165, 9, N'2026-02-19', 2, 165, N'2026-02-19 22:00:00', N'2026-02-20 06:00:00', 0, 0, 8, 0, 7.5, 1, 1, N'present', NULL, 1, N'2026-03-21 14:54:18', NULL, 1, N'2026-03-21 14:54:18', N'2026-03-21 14:54:18'),
    (166, 9, N'2026-02-20', 2, 166, N'2026-02-20 22:00:00', N'2026-02-21 06:00:00', 0, 0, 8, 0, 7.5, 1, 1, N'present', NULL, 1, N'2026-03-21 14:54:18', NULL, 1, N'2026-03-21 14:54:18', N'2026-03-21 14:54:18'),
    (167, 9, N'2026-02-23', 2, 167, N'2026-02-23 22:00:00', N'2026-02-24 06:00:00', 0, 0, 8, 0, 7.5, 1, 1, N'present', NULL, 1, N'2026-03-21 14:54:18', NULL, 1, N'2026-03-21 14:54:18', N'2026-03-21 14:54:18'),
    (168, 9, N'2026-02-24', 2, 168, N'2026-02-24 22:00:00', N'2026-02-25 06:00:00', 0, 0, 8, 0, 7.5, 1, 1, N'present', NULL, 1, N'2026-03-21 14:54:18', NULL, 1, N'2026-03-21 14:54:18', N'2026-03-21 14:54:18'),
    (169, 9, N'2026-02-25', 2, 169, N'2026-02-25 22:00:00', N'2026-02-26 06:00:00', 0, 0, 8, 0, 7.5, 1, 1, N'present', NULL, 1, N'2026-03-21 14:54:18', NULL, 1, N'2026-03-21 14:54:18', N'2026-03-21 14:54:18'),
    (170, 9, N'2026-02-26', 2, 170, N'2026-02-26 22:00:00', N'2026-02-27 06:00:00', 0, 0, 8, 0, 7.5, 1, 1, N'present', NULL, 1, N'2026-03-21 14:54:18', NULL, 1, N'2026-03-21 14:54:18', N'2026-03-21 14:54:18'),
    (171, 9, N'2026-02-27', 2, 171, N'2026-02-27 22:00:00', N'2026-02-28 06:00:00', 0, 0, 8, 0, 7.5, 1, 1, N'present', NULL, 1, N'2026-03-21 14:54:18', NULL, 1, N'2026-03-21 14:54:18', N'2026-03-21 14:54:18'),
    (172, 10, N'2026-02-03', 2, 172, N'2026-02-03 08:00:00', N'2026-02-03 17:00:00', 0, 0, 8, 0, 0, 1, 1, N'present', NULL, 1, N'2026-03-21 14:54:18', NULL, 1, N'2026-03-21 14:54:18', N'2026-03-21 14:54:18'),
    (173, 10, N'2026-02-04', 2, 173, N'2026-02-04 08:00:00', N'2026-02-04 17:00:00', 0, 0, 8, 0, 0, 1, 1, N'present', NULL, 1, N'2026-03-21 14:54:18', NULL, 1, N'2026-03-21 14:54:18', N'2026-03-21 14:54:18'),
    (174, 10, N'2026-02-05', 2, 174, N'2026-02-05 08:00:00', N'2026-02-05 17:00:00', 0, 0, 8, 0, 0, 1, 1, N'present', NULL, 1, N'2026-03-21 14:54:18', NULL, 1, N'2026-03-21 14:54:18', N'2026-03-21 14:54:18'),
    (175, 10, N'2026-02-06', 2, 175, N'2026-02-06 08:00:00', N'2026-02-06 17:00:00', 0, 0, 8, 0, 0, 1, 1, N'present', NULL, 1, N'2026-03-21 14:54:18', NULL, 1, N'2026-03-21 14:54:18', N'2026-03-21 14:54:18'),
    (176, 10, N'2026-02-09', 2, 176, N'2026-02-09 08:00:00', N'2026-02-09 17:00:00', 0, 0, 8, 0, 0, 1, 1, N'present', NULL, 1, N'2026-03-21 14:54:18', NULL, 1, N'2026-03-21 14:54:18', N'2026-03-21 14:54:18'),
    (177, 10, N'2026-02-10', 2, 177, N'2026-02-10 08:00:00', N'2026-02-10 17:00:00', 0, 0, 8, 0, 0, 1, 1, N'present', NULL, 1, N'2026-03-21 14:54:18', NULL, 1, N'2026-03-21 14:54:18', N'2026-03-21 14:54:18'),
    (178, 10, N'2026-02-11', 2, 178, N'2026-02-11 08:00:00', N'2026-02-11 16:50:00', 0, 10, 7.8, 0, 0, 1, 1, N'present', N'early', 1, N'2026-03-21 14:54:18', NULL, 1, N'2026-03-21 14:54:18', N'2026-03-21 14:54:18'),
    (179, 10, N'2026-02-12', 2, 179, N'2026-02-12 08:00:00', N'2026-02-12 17:00:00', 0, 0, 8, 0, 0, 1, 1, N'present', NULL, 1, N'2026-03-21 14:54:18', NULL, 1, N'2026-03-21 14:54:18', N'2026-03-21 14:54:18'),
    (180, 10, N'2026-02-13', 2, 180, N'2026-02-13 08:00:00', N'2026-02-13 17:00:00', 0, 0, 8, 0, 0, 1, 1, N'present', NULL, 1, N'2026-03-21 14:54:18', NULL, 1, N'2026-03-21 14:54:18', N'2026-03-21 14:54:18'),
    (181, 10, N'2026-02-16', 2, 181, N'2026-02-16 08:00:00', N'2026-02-16 17:00:00', 0, 0, 8, 0, 0, 1, 1, N'present', NULL, 1, N'2026-03-21 14:54:18', NULL, 1, N'2026-03-21 14:54:18', N'2026-03-21 14:54:18'),
    (182, 10, N'2026-02-17', 2, 182, N'2026-02-17 08:00:00', N'2026-02-17 17:00:00', 0, 0, 8, 0, 0, 1, 1, N'present', NULL, 1, N'2026-03-21 14:54:18', NULL, 1, N'2026-03-21 14:54:18', N'2026-03-21 14:54:18'),
    (183, 10, N'2026-02-18', 2, 183, N'2026-02-18 08:00:00', N'2026-02-18 17:00:00', 0, 0, 8, 0, 0, 1, 1, N'present', NULL, 1, N'2026-03-21 14:54:18', NULL, 1, N'2026-03-21 14:54:18', N'2026-03-21 14:54:18'),
    (184, 10, N'2026-02-19', 2, 184, NULL, NULL, 0, 0, 0, 0, 0, 0, 0, N'absent', NULL, 1, N'2026-03-21 14:54:18', NULL, 1, N'2026-03-21 14:54:18', N'2026-03-21 14:54:18'),
    (185, 10, N'2026-02-20', 2, 185, N'2026-02-20 08:00:00', N'2026-02-20 17:00:00', 0, 0, 8, 0, 0, 1, 1, N'present', NULL, 1, N'2026-03-21 14:54:18', NULL, 1, N'2026-03-21 14:54:18', N'2026-03-21 14:54:18'),
    (186, 10, N'2026-02-23', 2, 186, N'2026-02-23 08:00:00', N'2026-02-23 17:00:00', 0, 0, 8, 0, 0, 1, 1, N'present', NULL, 1, N'2026-03-21 14:54:18', NULL, 1, N'2026-03-21 14:54:18', N'2026-03-21 14:54:18'),
    (187, 10, N'2026-02-24', 2, 187, N'2026-02-24 08:00:00', N'2026-02-24 17:00:00', 0, 0, 8, 0, 0, 1, 1, N'present', NULL, 1, N'2026-03-21 14:54:18', NULL, 1, N'2026-03-21 14:54:18', N'2026-03-21 14:54:18'),
    (188, 10, N'2026-02-25', 2, 188, N'2026-02-25 08:00:00', N'2026-02-25 17:00:00', 0, 0, 8, 0, 0, 1, 1, N'present', NULL, 1, N'2026-03-21 14:54:18', NULL, 1, N'2026-03-21 14:54:18', N'2026-03-21 14:54:18'),
    (189, 10, N'2026-02-26', 2, 189, N'2026-02-26 08:00:00', N'2026-02-26 17:00:00', 0, 0, 8, 0, 0, 1, 1, N'present', NULL, 1, N'2026-03-21 14:54:18', NULL, 1, N'2026-03-21 14:54:18', N'2026-03-21 14:54:18'),
    (190, 10, N'2026-02-27', 2, 190, N'2026-02-27 08:00:00', N'2026-02-27 17:00:00', 0, 0, 8, 0, 0, 1, 1, N'present', NULL, 1, N'2026-03-21 14:54:18', NULL, 1, N'2026-03-21 14:54:18', N'2026-03-21 14:54:18'),
    (191, 11, N'2026-02-03', 2, 191, N'2026-02-03 13:00:00', N'2026-02-03 22:00:00', 0, 0, 8, 0, 0, 1, 1, N'present', NULL, 1, N'2026-03-21 14:54:18', NULL, 1, N'2026-03-21 14:54:18', N'2026-03-21 14:54:18'),
    (192, 11, N'2026-02-04', 2, 192, N'2026-02-04 13:00:00', N'2026-02-04 22:00:00', 0, 0, 8, 0, 0, 1, 1, N'present', NULL, 1, N'2026-03-21 14:54:18', NULL, 1, N'2026-03-21 14:54:18', N'2026-03-21 14:54:18'),
    (193, 11, N'2026-02-05', 2, 193, N'2026-02-05 13:00:00', N'2026-02-05 22:00:00', 0, 0, 8, 0, 0, 1, 1, N'present', NULL, 1, N'2026-03-21 14:54:18', NULL, 1, N'2026-03-21 14:54:18', N'2026-03-21 14:54:18'),
    (194, 11, N'2026-02-06', 2, 194, N'2026-02-06 13:00:00', N'2026-02-06 22:00:00', 0, 0, 8, 0, 0, 1, 1, N'present', NULL, 1, N'2026-03-21 14:54:18', NULL, 1, N'2026-03-21 14:54:18', N'2026-03-21 14:54:18'),
    (195, 11, N'2026-02-09', 2, 195, N'2026-02-09 13:00:00', N'2026-02-09 22:00:00', 0, 0, 8, 0, 0, 1, 1, N'present', NULL, 1, N'2026-03-21 14:54:18', NULL, 1, N'2026-03-21 14:54:18', N'2026-03-21 14:54:18'),
    (196, 11, N'2026-02-10', 2, 196, N'2026-02-10 13:00:00', N'2026-02-10 22:00:00', 0, 0, 8, 0, 0, 1, 1, N'present', NULL, 1, N'2026-03-21 14:54:18', NULL, 1, N'2026-03-21 14:54:18', N'2026-03-21 14:54:18'),
    (197, 11, N'2026-02-11', 2, 197, N'2026-02-11 13:00:00', N'2026-02-11 22:00:00', 0, 0, 8, 0, 0, 1, 1, N'present', NULL, 1, N'2026-03-21 14:54:18', NULL, 1, N'2026-03-21 14:54:18', N'2026-03-21 14:54:18'),
    (198, 11, N'2026-02-12', 2, 198, N'2026-02-12 13:20:00', N'2026-02-12 22:00:00', 20, 0, 7.7, 0, 0, 1, 1, N'present', N'late', 1, N'2026-03-21 14:54:18', NULL, 1, N'2026-03-21 14:54:18', N'2026-03-21 14:54:18'),
    (199, 11, N'2026-02-13', 2, 199, N'2026-02-13 13:00:00', N'2026-02-13 22:00:00', 0, 0, 8, 0, 0, 1, 1, N'present', NULL, 1, N'2026-03-21 14:54:18', NULL, 1, N'2026-03-21 14:54:18', N'2026-03-21 14:54:18'),
    (200, 11, N'2026-02-16', 2, 200, N'2026-02-16 13:00:00', N'2026-02-16 22:00:00', 0, 0, 8, 0, 0, 1, 1, N'present', NULL, 1, N'2026-03-21 14:54:18', NULL, 1, N'2026-03-21 14:54:18', N'2026-03-21 14:54:18'),
    (201, 11, N'2026-02-17', 2, 201, N'2026-02-17 13:00:00', N'2026-02-17 22:00:00', 0, 0, 8, 0, 0, 1, 1, N'present', NULL, 1, N'2026-03-21 14:54:18', NULL, 1, N'2026-03-21 14:54:18', N'2026-03-21 14:54:18'),
    (202, 11, N'2026-02-18', 2, 202, N'2026-02-18 13:00:00', N'2026-02-18 22:00:00', 0, 0, 8, 0, 0, 1, 1, N'present', NULL, 1, N'2026-03-21 14:54:18', NULL, 1, N'2026-03-21 14:54:18', N'2026-03-21 14:54:18'),
    (203, 11, N'2026-02-19', 2, 203, N'2026-02-19 13:00:00', N'2026-02-19 22:00:00', 0, 0, 8, 0, 0, 1, 1, N'present', NULL, 1, N'2026-03-21 14:54:18', NULL, 1, N'2026-03-21 14:54:18', N'2026-03-21 14:54:18'),
    (204, 11, N'2026-02-20', 2, 204, N'2026-02-20 13:00:00', N'2026-02-20 22:00:00', 0, 0, 8, 0, 0, 1, 1, N'present', NULL, 1, N'2026-03-21 14:54:18', NULL, 1, N'2026-03-21 14:54:18', N'2026-03-21 14:54:18'),
    (205, 11, N'2026-02-23', 2, 205, NULL, N'2026-02-23 22:00:00', 0, 0, 0, 0, 0, 0, 0, N'anomaly', N'missing_checkin', 1, N'2026-03-21 14:54:18', NULL, 1, N'2026-03-21 14:54:18', N'2026-03-21 14:54:18'),
    (206, 11, N'2026-02-24', 2, 206, N'2026-02-24 13:00:00', N'2026-02-24 22:00:00', 0, 0, 8, 0, 0, 1, 1, N'present', NULL, 1, N'2026-03-21 14:54:18', NULL, 1, N'2026-03-21 14:54:18', N'2026-03-21 14:54:18'),
    (207, 11, N'2026-02-25', 2, 207, N'2026-02-25 13:00:00', N'2026-02-25 22:00:00', 0, 0, 8, 0, 0, 1, 1, N'present', NULL, 1, N'2026-03-21 14:54:18', NULL, 1, N'2026-03-21 14:54:18', N'2026-03-21 14:54:18'),
    (208, 11, N'2026-02-26', 2, 208, N'2026-02-26 13:00:00', N'2026-02-26 22:00:00', 0, 0, 8, 0, 0, 1, 1, N'present', NULL, 1, N'2026-03-21 14:54:18', NULL, 1, N'2026-03-21 14:54:18', N'2026-03-21 14:54:18'),
    (209, 11, N'2026-02-27', 2, 209, N'2026-02-27 13:00:00', N'2026-02-27 22:00:00', 0, 0, 8, 0, 0, 1, 1, N'present', NULL, 1, N'2026-03-21 14:54:18', NULL, 1, N'2026-03-21 14:54:18', N'2026-03-21 14:54:18'),
    (210, 12, N'2026-02-03', 2, 210, N'2026-02-03 08:00:00', N'2026-02-03 17:00:00', 0, 0, 8, 0, 0, 1, 1, N'present', NULL, 1, N'2026-03-21 14:54:18', NULL, 1, N'2026-03-21 14:54:18', N'2026-03-21 14:54:18'),
    (211, 12, N'2026-02-04', 2, 211, N'2026-02-04 08:00:00', N'2026-02-04 17:00:00', 0, 0, 8, 0, 0, 1, 1, N'present', NULL, 1, N'2026-03-21 14:54:18', NULL, 1, N'2026-03-21 14:54:18', N'2026-03-21 14:54:18'),
    (212, 12, N'2026-02-05', 2, 212, N'2026-02-05 09:05:00', N'2026-02-05 17:00:00', 65, 0, 6.9, 0, 0, 0.5, 0, N'partial', N'late_half_day', 1, N'2026-03-21 14:54:18', NULL, 1, N'2026-03-21 14:54:18', N'2026-03-21 14:54:18'),
    (213, 12, N'2026-02-06', 2, 213, N'2026-02-06 08:00:00', N'2026-02-06 17:00:00', 0, 0, 8, 0, 0, 1, 1, N'present', NULL, 1, N'2026-03-21 14:54:18', NULL, 1, N'2026-03-21 14:54:18', N'2026-03-21 14:54:18'),
    (214, 12, N'2026-02-09', 2, 214, N'2026-02-09 08:00:00', N'2026-02-09 17:00:00', 0, 0, 8, 0, 0, 1, 1, N'present', NULL, 1, N'2026-03-21 14:54:18', NULL, 1, N'2026-03-21 14:54:18', N'2026-03-21 14:54:18'),
    (215, 12, N'2026-02-10', 2, 215, N'2026-02-10 08:00:00', N'2026-02-10 17:00:00', 0, 0, 8, 0, 0, 1, 1, N'present', NULL, 1, N'2026-03-21 14:54:18', NULL, 1, N'2026-03-21 14:54:18', N'2026-03-21 14:54:18'),
    (216, 12, N'2026-02-11', 2, 216, N'2026-02-11 08:00:00', N'2026-02-11 17:00:00', 0, 0, 8, 0, 0, 1, 1, N'present', NULL, 1, N'2026-03-21 14:54:18', NULL, 1, N'2026-03-21 14:54:18', N'2026-03-21 14:54:18'),
    (217, 12, N'2026-02-12', 2, 217, N'2026-02-12 08:00:00', N'2026-02-12 17:00:00', 0, 0, 8, 0, 0, 1, 1, N'present', NULL, 1, N'2026-03-21 14:54:18', NULL, 1, N'2026-03-21 14:54:18', N'2026-03-21 14:54:18'),
    (218, 12, N'2026-02-13', 2, 218, N'2026-02-13 08:00:00', N'2026-02-13 17:00:00', 0, 0, 8, 0, 0, 1, 1, N'present', NULL, 1, N'2026-03-21 14:54:18', NULL, 1, N'2026-03-21 14:54:18', N'2026-03-21 14:54:18'),
    (219, 12, N'2026-02-16', 2, 219, N'2026-02-16 08:00:00', N'2026-02-16 17:00:00', 0, 0, 8, 0, 0, 1, 1, N'present', NULL, 1, N'2026-03-21 14:54:18', NULL, 1, N'2026-03-21 14:54:18', N'2026-03-21 14:54:18'),
    (220, 12, N'2026-02-17', 2, 220, N'2026-02-17 08:00:00', N'2026-02-17 17:00:00', 0, 0, 8, 0, 0, 1, 1, N'present', NULL, 1, N'2026-03-21 14:54:18', NULL, 1, N'2026-03-21 14:54:18', N'2026-03-21 14:54:18'),
    (221, 12, N'2026-02-18', 2, 221, N'2026-02-18 08:00:00', N'2026-02-18 17:00:00', 0, 0, 8, 0, 0, 1, 1, N'present', NULL, 1, N'2026-03-21 14:54:18', NULL, 1, N'2026-03-21 14:54:18', N'2026-03-21 14:54:18'),
    (222, 12, N'2026-02-19', 2, 222, N'2026-02-19 08:00:00', N'2026-02-19 17:00:00', 0, 0, 8, 0, 0, 1, 1, N'present', NULL, 1, N'2026-03-21 14:54:18', NULL, 1, N'2026-03-21 14:54:18', N'2026-03-21 14:54:18'),
    (223, 12, N'2026-02-20', 2, 223, N'2026-02-20 08:00:00', N'2026-02-20 17:00:00', 0, 0, 8, 0, 0, 1, 1, N'present', NULL, 1, N'2026-03-21 14:54:18', NULL, 1, N'2026-03-21 14:54:18', N'2026-03-21 14:54:18'),
    (224, 12, N'2026-02-23', 2, 224, N'2026-02-23 08:00:00', N'2026-02-23 17:00:00', 0, 0, 8, 0, 0, 1, 1, N'present', NULL, 1, N'2026-03-21 14:54:18', NULL, 1, N'2026-03-21 14:54:18', N'2026-03-21 14:54:18'),
    (225, 12, N'2026-02-24', 2, 225, N'2026-02-24 08:00:00', N'2026-02-24 17:00:00', 0, 0, 8, 0, 0, 1, 1, N'present', NULL, 1, N'2026-03-21 14:54:18', NULL, 1, N'2026-03-21 14:54:18', N'2026-03-21 14:54:18'),
    (226, 12, N'2026-02-25', 2, 226, N'2026-02-25 08:00:00', N'2026-02-25 17:00:00', 0, 0, 8, 0, 0, 1, 1, N'present', NULL, 1, N'2026-03-21 14:54:18', NULL, 1, N'2026-03-21 14:54:18', N'2026-03-21 14:54:18'),
    (227, 12, N'2026-02-26', 2, 227, N'2026-02-26 08:00:00', N'2026-02-26 17:00:00', 0, 0, 8, 0, 0, 1, 1, N'present', NULL, 1, N'2026-03-21 14:54:18', NULL, 1, N'2026-03-21 14:54:18', N'2026-03-21 14:54:18'),
    (228, 12, N'2026-02-27', 2, 228, N'2026-02-27 08:00:00', N'2026-02-27 17:00:00', 0, 0, 8, 0, 0, 1, 1, N'present', NULL, 1, N'2026-03-21 14:54:18', NULL, 1, N'2026-03-21 14:54:18', N'2026-03-21 14:54:18'),
    (229, 13, N'2026-02-03', 2, 229, N'2026-02-03 08:00:00', N'2026-02-03 17:00:00', 0, 0, 8, 0, 0, 1, 1, N'present', NULL, 1, N'2026-03-21 14:54:18', NULL, 1, N'2026-03-21 14:54:18', N'2026-03-21 14:54:18'),
    (230, 13, N'2026-02-04', 2, 230, N'2026-02-04 08:00:00', N'2026-02-04 17:00:00', 0, 0, 8, 0, 0, 1, 1, N'present', NULL, 1, N'2026-03-21 14:54:18', NULL, 1, N'2026-03-21 14:54:18', N'2026-03-21 14:54:18'),
    (231, 13, N'2026-02-05', 2, 231, N'2026-02-05 08:00:00', N'2026-02-05 17:00:00', 0, 0, 8, 0, 0, 1, 1, N'present', NULL, 1, N'2026-03-21 14:54:18', NULL, 1, N'2026-03-21 14:54:18', N'2026-03-21 14:54:18'),
    (232, 13, N'2026-02-06', 2, 232, N'2026-02-06 08:00:00', N'2026-02-06 17:00:00', 0, 0, 8, 0, 0, 1, 1, N'present', NULL, 1, N'2026-03-21 14:54:18', NULL, 1, N'2026-03-21 14:54:18', N'2026-03-21 14:54:18'),
    (233, 13, N'2026-02-09', 2, 233, N'2026-02-09 08:00:00', N'2026-02-09 17:00:00', 0, 0, 8, 0, 0, 1, 1, N'present', NULL, 1, N'2026-03-21 14:54:18', NULL, 1, N'2026-03-21 14:54:18', N'2026-03-21 14:54:18'),
    (234, 13, N'2026-02-10', 2, 234, N'2026-02-10 08:00:00', N'2026-02-10 17:00:00', 0, 0, 8, 0, 0, 1, 1, N'present', NULL, 1, N'2026-03-21 14:54:18', NULL, 1, N'2026-03-21 14:54:18', N'2026-03-21 14:54:18'),
    (235, 13, N'2026-02-11', 2, 235, N'2026-02-11 08:00:00', N'2026-02-11 17:00:00', 0, 0, 8, 0, 0, 1, 1, N'present', NULL, 1, N'2026-03-21 14:54:18', NULL, 1, N'2026-03-21 14:54:18', N'2026-03-21 14:54:18'),
    (236, 13, N'2026-02-12', 2, 236, N'2026-02-12 08:00:00', N'2026-02-12 17:00:00', 0, 0, 8, 0, 0, 1, 1, N'present', NULL, 1, N'2026-03-21 14:54:18', NULL, 1, N'2026-03-21 14:54:18', N'2026-03-21 14:54:18'),
    (237, 13, N'2026-02-13', 2, 237, N'2026-02-13 08:00:00', N'2026-02-13 17:00:00', 0, 0, 8, 0, 0, 1, 1, N'present', NULL, 1, N'2026-03-21 14:54:18', NULL, 1, N'2026-03-21 14:54:18', N'2026-03-21 14:54:18'),
    (238, 13, N'2026-02-16', 2, 238, N'2026-02-16 08:00:00', N'2026-02-16 16:35:00', 0, 25, 7.6, 0, 0, 1, 1, N'present', N'early', 1, N'2026-03-21 14:54:18', NULL, 1, N'2026-03-21 14:54:18', N'2026-03-21 14:54:18'),
    (239, 13, N'2026-02-17', 2, 239, N'2026-02-17 08:00:00', N'2026-02-17 17:00:00', 0, 0, 8, 0, 0, 1, 1, N'present', NULL, 1, N'2026-03-21 14:54:18', NULL, 1, N'2026-03-21 14:54:18', N'2026-03-21 14:54:18'),
    (240, 13, N'2026-02-18', 2, 240, N'2026-02-18 08:00:00', N'2026-02-18 17:00:00', 0, 0, 8, 0, 0, 1, 1, N'present', NULL, 1, N'2026-03-21 14:54:18', NULL, 1, N'2026-03-21 14:54:18', N'2026-03-21 14:54:18'),
    (241, 13, N'2026-02-19', 2, 241, N'2026-02-19 08:00:00', N'2026-02-19 17:00:00', 0, 0, 8, 0, 0, 1, 1, N'present', NULL, 1, N'2026-03-21 14:54:18', NULL, 1, N'2026-03-21 14:54:18', N'2026-03-21 14:54:18'),
    (242, 13, N'2026-02-20', 2, 242, N'2026-02-20 08:00:00', N'2026-02-20 17:00:00', 0, 0, 8, 0, 0, 1, 1, N'present', NULL, 1, N'2026-03-21 14:54:18', NULL, 1, N'2026-03-21 14:54:18', N'2026-03-21 14:54:18'),
    (243, 13, N'2026-02-23', 2, 243, N'2026-02-23 08:00:00', N'2026-02-23 17:00:00', 0, 0, 8, 0, 0, 1, 1, N'present', NULL, 1, N'2026-03-21 14:54:18', NULL, 1, N'2026-03-21 14:54:18', N'2026-03-21 14:54:18'),
    (244, 13, N'2026-02-24', 2, 244, N'2026-02-24 08:00:00', N'2026-02-24 17:00:00', 0, 0, 8, 0, 0, 1, 1, N'present', NULL, 1, N'2026-03-21 14:54:18', NULL, 1, N'2026-03-21 14:54:18', N'2026-03-21 14:54:18'),
    (245, 13, N'2026-02-25', 2, 245, N'2026-02-25 08:00:00', N'2026-02-25 17:00:00', 0, 0, 8, 0, 0, 1, 1, N'present', NULL, 1, N'2026-03-21 14:54:18', NULL, 1, N'2026-03-21 14:54:18', N'2026-03-21 14:54:18'),
    (246, 13, N'2026-02-26', 2, 246, N'2026-02-26 08:00:00', N'2026-02-26 17:00:00', 0, 0, 8, 0, 0, 1, 1, N'present', NULL, 1, N'2026-03-21 14:54:18', NULL, 1, N'2026-03-21 14:54:18', N'2026-03-21 14:54:18'),
    (247, 13, N'2026-02-27', 2, 247, N'2026-02-27 08:00:00', N'2026-02-27 17:00:00', 0, 0, 8, 0, 0, 1, 1, N'present', NULL, 1, N'2026-03-21 14:54:18', NULL, 1, N'2026-03-21 14:54:18', N'2026-03-21 14:54:18'),
    (248, 14, N'2026-02-03', 2, 248, N'2026-02-03 08:00:00', N'2026-02-03 17:00:00', 0, 0, 8, 0, 0, 1, 1, N'present', NULL, 1, N'2026-03-21 14:54:18', NULL, 1, N'2026-03-21 14:54:18', N'2026-03-21 14:54:18'),
    (249, 14, N'2026-02-04', 2, 249, N'2026-02-04 08:00:00', N'2026-02-04 17:00:00', 0, 0, 8, 0, 0, 1, 1, N'present', NULL, 1, N'2026-03-21 14:54:18', NULL, 1, N'2026-03-21 14:54:18', N'2026-03-21 14:54:18'),
    (250, 14, N'2026-02-05', 2, 250, N'2026-02-05 08:00:00', N'2026-02-05 17:00:00', 0, 0, 8, 0, 0, 1, 1, N'present', NULL, 1, N'2026-03-21 14:54:18', NULL, 1, N'2026-03-21 14:54:18', N'2026-03-21 14:54:18');
GO

INSERT INTO [dbo].[attendance_daily] ([id], [employee_id], [work_date], [attendance_period_id], [shift_assignment_id], [first_in], [last_out], [late_minutes], [early_minutes], [regular_hours], [ot_hours], [night_hours], [workday_value], [meal_count], [attendance_status], [source_status], [is_confirmed_by_employee], [confirmed_at], [confirmed_by], [calculation_version], [created_at], [updated_at])
VALUES
    (251, 14, N'2026-02-06', 2, 251, N'2026-02-06 08:00:00', N'2026-02-06 17:00:00', 0, 0, 8, 0, 0, 1, 1, N'present', NULL, 1, N'2026-03-21 14:54:18', NULL, 1, N'2026-03-21 14:54:18', N'2026-03-21 14:54:18'),
    (252, 14, N'2026-02-09', 2, 252, N'2026-02-09 08:00:00', N'2026-02-09 17:00:00', 0, 0, 8, 0, 0, 1, 1, N'present', NULL, 1, N'2026-03-21 14:54:18', NULL, 1, N'2026-03-21 14:54:18', N'2026-03-21 14:54:18'),
    (253, 14, N'2026-02-10', 2, 253, N'2026-02-10 08:00:00', N'2026-02-10 17:00:00', 0, 0, 8, 0, 0, 1, 1, N'present', NULL, 1, N'2026-03-21 14:54:18', NULL, 1, N'2026-03-21 14:54:18', N'2026-03-21 14:54:18'),
    (254, 14, N'2026-02-11', 2, 254, N'2026-02-11 08:00:00', N'2026-02-11 17:00:00', 0, 0, 8, 0, 0, 1, 1, N'present', NULL, 1, N'2026-03-21 14:54:18', NULL, 1, N'2026-03-21 14:54:18', N'2026-03-21 14:54:18'),
    (255, 14, N'2026-02-12', 2, 255, N'2026-02-12 08:00:00', N'2026-02-12 17:00:00', 0, 0, 8, 0, 0, 1, 1, N'present', NULL, 1, N'2026-03-21 14:54:18', NULL, 1, N'2026-03-21 14:54:18', N'2026-03-21 14:54:18'),
    (256, 14, N'2026-02-13', 2, 256, N'2026-02-13 08:00:00', N'2026-02-13 17:00:00', 0, 0, 8, 0, 0, 1, 1, N'present', NULL, 1, N'2026-03-21 14:54:18', NULL, 1, N'2026-03-21 14:54:18', N'2026-03-21 14:54:18'),
    (257, 14, N'2026-02-16', 2, 257, N'2026-02-16 08:00:00', N'2026-02-16 17:00:00', 0, 0, 8, 0, 0, 1, 1, N'present', NULL, 1, N'2026-03-21 14:54:18', NULL, 1, N'2026-03-21 14:54:18', N'2026-03-21 14:54:18'),
    (258, 14, N'2026-02-17', 2, 258, N'2026-02-17 08:00:00', N'2026-02-17 17:00:00', 0, 0, 8, 0, 0, 1, 1, N'present', NULL, 1, N'2026-03-21 14:54:18', NULL, 1, N'2026-03-21 14:54:18', N'2026-03-21 14:54:18'),
    (259, 14, N'2026-02-18', 2, 259, N'2026-02-18 08:08:00', N'2026-02-18 17:00:00', 8, 0, 7.9, 0, 0, 1, 1, N'present', N'late', 1, N'2026-03-21 14:54:18', NULL, 1, N'2026-03-21 14:54:18', N'2026-03-21 14:54:18'),
    (260, 14, N'2026-02-19', 2, 260, N'2026-02-19 08:00:00', N'2026-02-19 17:00:00', 0, 0, 8, 0, 0, 1, 1, N'present', NULL, 1, N'2026-03-21 14:54:18', NULL, 1, N'2026-03-21 14:54:18', N'2026-03-21 14:54:18'),
    (261, 14, N'2026-02-20', 2, 261, N'2026-02-20 08:00:00', N'2026-02-20 17:00:00', 0, 0, 8, 0, 0, 1, 1, N'present', NULL, 1, N'2026-03-21 14:54:18', NULL, 1, N'2026-03-21 14:54:18', N'2026-03-21 14:54:18'),
    (262, 14, N'2026-02-23', 2, 262, N'2026-02-23 08:00:00', N'2026-02-23 17:00:00', 0, 0, 8, 0, 0, 1, 1, N'present', NULL, 1, N'2026-03-21 14:54:18', NULL, 1, N'2026-03-21 14:54:18', N'2026-03-21 14:54:18'),
    (263, 14, N'2026-02-24', 2, 263, N'2026-02-24 08:00:00', N'2026-02-24 17:00:00', 0, 0, 8, 0, 0, 1, 1, N'present', NULL, 1, N'2026-03-21 14:54:18', NULL, 1, N'2026-03-21 14:54:18', N'2026-03-21 14:54:18'),
    (264, 14, N'2026-02-25', 2, 264, N'2026-02-25 08:00:00', N'2026-02-25 17:00:00', 0, 0, 8, 0, 0, 1, 1, N'present', NULL, 1, N'2026-03-21 14:54:18', NULL, 1, N'2026-03-21 14:54:18', N'2026-03-21 14:54:18'),
    (265, 14, N'2026-02-26', 2, 265, N'2026-02-26 08:00:00', N'2026-02-26 17:00:00', 0, 0, 8, 0, 0, 1, 1, N'present', NULL, 1, N'2026-03-21 14:54:18', NULL, 1, N'2026-03-21 14:54:18', N'2026-03-21 14:54:18'),
    (266, 14, N'2026-02-27', 2, 266, N'2026-02-27 08:00:00', N'2026-02-27 17:00:00', 0, 0, 8, 0, 0, 1, 1, N'present', NULL, 1, N'2026-03-21 14:54:18', NULL, 1, N'2026-03-21 14:54:18', N'2026-03-21 14:54:18'),
    (267, 15, N'2026-02-03', 2, 267, N'2026-02-03 08:00:00', N'2026-02-03 17:00:00', 0, 0, 8, 0, 0, 1, 1, N'present', N'duplicate_filtered', 1, N'2026-03-21 14:54:18', NULL, 1, N'2026-03-21 14:54:18', N'2026-03-21 14:54:18'),
    (268, 15, N'2026-02-04', 2, 268, N'2026-02-04 08:00:00', N'2026-02-04 17:00:00', 0, 0, 8, 0, 0, 1, 1, N'present', NULL, 1, N'2026-03-21 14:54:18', NULL, 1, N'2026-03-21 14:54:18', N'2026-03-21 14:54:18'),
    (269, 15, N'2026-02-05', 2, 269, N'2026-02-05 08:00:00', N'2026-02-05 17:00:00', 0, 0, 8, 0, 0, 1, 1, N'present', NULL, 1, N'2026-03-21 14:54:18', NULL, 1, N'2026-03-21 14:54:18', N'2026-03-21 14:54:18'),
    (270, 15, N'2026-02-06', 2, 270, N'2026-02-06 08:00:00', N'2026-02-06 17:00:00', 0, 0, 8, 0, 0, 1, 1, N'present', NULL, 1, N'2026-03-21 14:54:18', NULL, 1, N'2026-03-21 14:54:18', N'2026-03-21 14:54:18'),
    (271, 15, N'2026-02-09', 2, 271, N'2026-02-09 08:00:00', N'2026-02-09 17:00:00', 0, 0, 8, 0, 0, 1, 1, N'present', NULL, 1, N'2026-03-21 14:54:18', NULL, 1, N'2026-03-21 14:54:18', N'2026-03-21 14:54:18'),
    (272, 15, N'2026-02-10', 2, 272, N'2026-02-10 08:00:00', N'2026-02-10 17:00:00', 0, 0, 8, 0, 0, 1, 1, N'present', NULL, 1, N'2026-03-21 14:54:18', NULL, 1, N'2026-03-21 14:54:18', N'2026-03-21 14:54:18'),
    (273, 15, N'2026-02-11', 2, 273, N'2026-02-11 08:00:00', N'2026-02-11 17:00:00', 0, 0, 8, 0, 0, 1, 1, N'present', NULL, 1, N'2026-03-21 14:54:18', NULL, 1, N'2026-03-21 14:54:18', N'2026-03-21 14:54:18'),
    (274, 15, N'2026-02-12', 2, 274, N'2026-02-12 08:00:00', N'2026-02-12 17:00:00', 0, 0, 8, 0, 0, 1, 1, N'present', NULL, 1, N'2026-03-21 14:54:18', NULL, 1, N'2026-03-21 14:54:18', N'2026-03-21 14:54:18'),
    (275, 15, N'2026-02-13', 2, 275, N'2026-02-13 08:00:00', N'2026-02-13 17:00:00', 0, 0, 8, 0, 0, 1, 1, N'present', NULL, 1, N'2026-03-21 14:54:18', NULL, 1, N'2026-03-21 14:54:18', N'2026-03-21 14:54:18'),
    (276, 15, N'2026-02-16', 2, 276, N'2026-02-16 08:00:00', N'2026-02-16 17:00:00', 0, 0, 8, 0, 0, 1, 1, N'present', NULL, 1, N'2026-03-21 14:54:18', NULL, 1, N'2026-03-21 14:54:18', N'2026-03-21 14:54:18'),
    (277, 15, N'2026-02-17', 2, 277, N'2026-02-17 08:00:00', N'2026-02-17 17:00:00', 0, 0, 8, 0, 0, 1, 1, N'present', NULL, 1, N'2026-03-21 14:54:18', NULL, 1, N'2026-03-21 14:54:18', N'2026-03-21 14:54:18'),
    (278, 15, N'2026-02-18', 2, 278, N'2026-02-18 08:00:00', N'2026-02-18 17:00:00', 0, 0, 8, 0, 0, 1, 1, N'present', NULL, 1, N'2026-03-21 14:54:18', NULL, 1, N'2026-03-21 14:54:18', N'2026-03-21 14:54:18'),
    (279, 15, N'2026-02-19', 2, 279, N'2026-02-19 08:00:00', N'2026-02-19 17:00:00', 0, 0, 8, 0, 0, 1, 1, N'present', NULL, 1, N'2026-03-21 14:54:18', NULL, 1, N'2026-03-21 14:54:18', N'2026-03-21 14:54:18'),
    (280, 15, N'2026-02-20', 2, 280, N'2026-02-20 08:12:00', N'2026-02-20 17:00:00', 12, 0, 7.8, 0, 0, 1, 1, N'present', N'late', 1, N'2026-03-21 14:54:18', NULL, 1, N'2026-03-21 14:54:18', N'2026-03-21 14:54:18'),
    (281, 15, N'2026-02-23', 2, 281, N'2026-02-23 08:00:00', N'2026-02-23 17:00:00', 0, 0, 8, 0, 0, 1, 1, N'present', NULL, 1, N'2026-03-21 14:54:18', NULL, 1, N'2026-03-21 14:54:18', N'2026-03-21 14:54:18'),
    (282, 15, N'2026-02-24', 2, 282, N'2026-02-24 08:00:00', N'2026-02-24 17:00:00', 0, 0, 8, 0, 0, 1, 1, N'present', NULL, 1, N'2026-03-21 14:54:18', NULL, 1, N'2026-03-21 14:54:18', N'2026-03-21 14:54:18'),
    (283, 15, N'2026-02-25', 2, 283, N'2026-02-25 08:00:00', N'2026-02-25 17:00:00', 0, 0, 8, 0, 0, 1, 1, N'present', NULL, 1, N'2026-03-21 14:54:18', NULL, 1, N'2026-03-21 14:54:18', N'2026-03-21 14:54:18'),
    (284, 15, N'2026-02-26', 2, 284, N'2026-02-26 08:00:00', N'2026-02-26 17:00:00', 0, 0, 8, 0, 0, 1, 1, N'present', NULL, 1, N'2026-03-21 14:54:18', NULL, 1, N'2026-03-21 14:54:18', N'2026-03-21 14:54:18'),
    (285, 15, N'2026-02-27', 2, 285, N'2026-02-27 08:00:00', N'2026-02-27 17:00:00', 0, 0, 8, 0, 0, 1, 1, N'present', NULL, 1, N'2026-03-21 14:54:18', NULL, 1, N'2026-03-21 14:54:18', N'2026-03-21 14:54:18');
GO

SET IDENTITY_INSERT [dbo].[attendance_daily] OFF;
GO

SET IDENTITY_INSERT [dbo].[attendance_monthly_summary] ON;
GO
INSERT INTO [dbo].[attendance_monthly_summary] ([id], [attendance_period_id], [employee_id], [total_workdays], [regular_hours], [ot_hours], [night_hours], [paid_leave_days], [unpaid_leave_days], [late_minutes], [early_minutes], [meal_count], [status], [generated_at], [confirmed_at], [created_at], [updated_at])
VALUES
    (1, 2, 1, 19, 152, 0, 0, 0, 0, 0, 0, 19, N'confirmed', N'2026-03-21 14:54:18', N'2026-03-21 14:54:18', N'2026-03-21 14:54:18', N'2026-03-21 14:54:18'),
    (2, 2, 2, 19, 152, 0, 0, 0, 0, 0, 0, 19, N'confirmed', N'2026-03-21 14:54:18', N'2026-03-21 14:54:18', N'2026-03-21 14:54:18', N'2026-03-21 14:54:18'),
    (3, 2, 3, 19, 152, 0, 0, 0, 0, 0, 0, 19, N'confirmed', N'2026-03-21 14:54:18', N'2026-03-21 14:54:18', N'2026-03-21 14:54:18', N'2026-03-21 14:54:18'),
    (4, 2, 4, 19, 152, 0, 0, 0, 0, 0, 0, 19, N'confirmed', N'2026-03-21 14:54:18', N'2026-03-21 14:54:18', N'2026-03-21 14:54:18', N'2026-03-21 14:54:18'),
    (5, 2, 5, 19, 152, 0, 0, 0, 0, 0, 0, 19, N'confirmed', N'2026-03-21 14:54:18', N'2026-03-21 14:54:18', N'2026-03-21 14:54:18', N'2026-03-21 14:54:18'),
    (6, 2, 6, 19, 151.2, 0, 0, 0, 0, 50, 0, 19, N'confirmed', N'2026-03-21 14:54:18', N'2026-03-21 14:54:18', N'2026-03-21 14:54:18', N'2026-03-21 14:54:18'),
    (7, 2, 7, 18, 143.7, 0, 0, 0, 1, 0, 20, 18, N'confirmed', N'2026-03-21 14:54:18', N'2026-03-21 14:54:18', N'2026-03-21 14:54:18', N'2026-03-21 14:54:18'),
    (8, 2, 8, 18, 143.8, 0, 0, 0, 0, 10, 0, 18, N'confirmed', N'2026-03-21 14:54:18', N'2026-03-21 14:54:18', N'2026-03-21 14:54:18', N'2026-03-21 14:54:18'),
    (9, 2, 9, 19, 151.3, 0, 142.5, 0, 0, 45, 0, 19, N'confirmed', N'2026-03-21 14:54:18', N'2026-03-21 14:54:18', N'2026-03-21 14:54:18', N'2026-03-21 14:54:18'),
    (10, 2, 10, 18, 143.8, 0, 0, 0, 1, 0, 10, 18, N'confirmed', N'2026-03-21 14:54:18', N'2026-03-21 14:54:18', N'2026-03-21 14:54:18', N'2026-03-21 14:54:18'),
    (11, 2, 11, 18, 143.7, 0, 0, 0, 0, 20, 0, 18, N'confirmed', N'2026-03-21 14:54:18', N'2026-03-21 14:54:18', N'2026-03-21 14:54:18', N'2026-03-21 14:54:18'),
    (12, 2, 12, 18.5, 150.9, 0, 0, 0, 0, 65, 0, 18, N'confirmed', N'2026-03-21 14:54:18', N'2026-03-21 14:54:18', N'2026-03-21 14:54:18', N'2026-03-21 14:54:18'),
    (13, 2, 13, 19, 151.6, 0, 0, 0, 0, 0, 25, 19, N'confirmed', N'2026-03-21 14:54:18', N'2026-03-21 14:54:18', N'2026-03-21 14:54:18', N'2026-03-21 14:54:18'),
    (14, 2, 14, 19, 151.9, 0, 0, 0, 0, 8, 0, 19, N'confirmed', N'2026-03-21 14:54:18', N'2026-03-21 14:54:18', N'2026-03-21 14:54:18', N'2026-03-21 14:54:18'),
    (15, 2, 15, 19, 151.8, 0, 0, 0, 0, 12, 0, 19, N'confirmed', N'2026-03-21 14:54:18', N'2026-03-21 14:54:18', N'2026-03-21 14:54:18', N'2026-03-21 14:54:18');
GO

SET IDENTITY_INSERT [dbo].[attendance_monthly_summary] OFF;
GO

SET IDENTITY_INSERT [dbo].[payroll_parameters] ON;
GO
INSERT INTO [dbo].[payroll_parameters] ([id], [code], [name], [description], [effective_from], [effective_to], [formula_json], [status], [created_at], [updated_at])
VALUES
    (1, N'INSURANCE_RATE', N'Ty Le Bao Hiem Bat Buoc', N'Ty le dong bao hiem BHXH, BHYT, BHTN cho nguoi lao dong va nguoi su dung lao dong', N'2024-01-01', NULL, N'{"employee":{"bhxh":8,"bhyt":1.5,"bhtn":1},"employer":{"bhxh":17.5,"bhyt":3,"bhtn":1}}', N'active', N'2026-03-21 14:54:18', N'2026-03-21 14:54:18'),
    (2, N'PIT_BRACKET', N'Bieu Thue Thu Nhap Ca Nhan Luy Tien', N'Bieu thue TNCN luy tien tung phan theo quy dinh', N'2024-01-01', NULL, N'[{"from":0,"to":5000000,"rate":5},{"from":5000000,"to":10000000,"rate":10},{"from":10000000,"to":18000000,"rate":15},{"from":18000000,"to":32000000,"rate":20},{"from":32000000,"to":52000000,"rate":25},{"from":52000000,"to":80000000,"rate":30},{"from":80000000,"to":null,"rate":35}]', N'active', N'2026-03-21 14:54:18', N'2026-03-21 14:54:18'),
    (3, N'TAX_DEDUCTION', N'Giam Tru Gia Canh', N'Muc giam tru gia canh cho ban than va nguoi phu thuoc', N'2024-01-01', NULL, N'{"self":11000000,"dependent":4400000}', N'active', N'2026-03-21 14:54:18', N'2026-03-21 14:54:18'),
    (4, N'MIN_WAGE', N'Muc Luong Toi Thieu Vung', N'Luong toi thieu vung ap dung tu 01/07/2024', N'2024-07-01', NULL, N'{"region_1":4960000,"region_2":4410000,"region_3":3860000,"region_4":3450000}', N'active', N'2026-03-21 14:54:18', N'2026-03-21 14:54:18'),
    (5, N'INSURANCE_CAP', N'Muc Tran Dong Bao Hiem', N'Muc tran dong BHXH = 20 x luong co so', N'2024-07-01', NULL, N'{"base_salary":2340000,"cap_multiplier":20,"cap_amount":46800000}', N'active', N'2026-03-21 14:54:18', N'2026-03-21 14:54:18');
GO

SET IDENTITY_INSERT [dbo].[payroll_parameters] OFF;
GO

SET IDENTITY_INSERT [dbo].[payroll_parameter_details] ON;
GO
INSERT INTO [dbo].[payroll_parameter_details] ([id], [payroll_parameter_id], [param_key], [param_type], [default_value], [validation_rule], [display_order], [created_at], [updated_at])
VALUES
    (1, 1, N'bhxh_employee_rate', N'percent', N'8.0', N'min:0|max:100', 1, N'2026-03-21 14:54:18', N'2026-03-21 14:54:18'),
    (2, 1, N'bhyt_employee_rate', N'percent', N'1.5', N'min:0|max:100', 2, N'2026-03-21 14:54:18', N'2026-03-21 14:54:18'),
    (3, 1, N'bhtn_employee_rate', N'percent', N'1.0', N'min:0|max:100', 3, N'2026-03-21 14:54:18', N'2026-03-21 14:54:18'),
    (4, 1, N'bhxh_employer_rate', N'percent', N'17.5', N'min:0|max:100', 4, N'2026-03-21 14:54:18', N'2026-03-21 14:54:18'),
    (5, 1, N'bhyt_employer_rate', N'percent', N'3.0', N'min:0|max:100', 5, N'2026-03-21 14:54:18', N'2026-03-21 14:54:18'),
    (6, 1, N'bhtn_employer_rate', N'percent', N'1.0', N'min:0|max:100', 6, N'2026-03-21 14:54:18', N'2026-03-21 14:54:18'),
    (7, 3, N'self_deduction', N'amount', N'11000000', N'min:0', 1, N'2026-03-21 14:54:18', N'2026-03-21 14:54:18'),
    (8, 3, N'dependent_deduction', N'amount', N'4400000', N'min:0', 2, N'2026-03-21 14:54:18', N'2026-03-21 14:54:18'),
    (9, 5, N'base_salary', N'amount', N'2340000', N'min:0', 1, N'2026-03-21 14:54:18', N'2026-03-21 14:54:18'),
    (10, 5, N'cap_amount', N'amount', N'46800000', N'min:0', 2, N'2026-03-21 14:54:18', N'2026-03-21 14:54:18');
GO

SET IDENTITY_INSERT [dbo].[payroll_parameter_details] OFF;
GO

SET IDENTITY_INSERT [dbo].[bonus_deduction_types] ON;
GO
INSERT INTO [dbo].[bonus_deduction_types] ([id], [code], [name], [kind], [is_taxable], [is_insurance_base], [is_recurring], [created_at], [updated_at])
VALUES
    (1, N'BONUS_KPI', N'Thuong KPI', N'bonus', 1, 0, 0, N'2026-03-21 14:54:18', N'2026-03-21 14:54:18'),
    (2, N'BONUS_TET', N'Thuong Tet', N'bonus', 1, 0, 0, N'2026-03-21 14:54:18', N'2026-03-21 14:54:18'),
    (3, N'BONUS_PROJECT', N'Thuong Du An', N'bonus', 1, 0, 0, N'2026-03-21 14:54:18', N'2026-03-21 14:54:18'),
    (4, N'BONUS_REF', N'Thuong Gioi Thieu', N'bonus', 1, 0, 0, N'2026-03-21 14:54:18', N'2026-03-21 14:54:18'),
    (5, N'DED_LATE', N'Tru Di Tre', N'deduction', 0, 0, 1, N'2026-03-21 14:54:18', N'2026-03-21 14:54:18'),
    (6, N'DED_DAMAGE', N'Tru Boi Thuong', N'deduction', 0, 0, 0, N'2026-03-21 14:54:18', N'2026-03-21 14:54:18'),
    (7, N'DED_ADVANCE', N'Tru Tam Ung', N'deduction', 0, 0, 0, N'2026-03-21 14:54:18', N'2026-03-21 14:54:18'),
    (8, N'DED_UNION', N'Phi Cong Doan', N'deduction', 0, 0, 1, N'2026-03-21 14:54:18', N'2026-03-21 14:54:18');
GO

SET IDENTITY_INSERT [dbo].[bonus_deduction_types] OFF;
GO

SET IDENTITY_INSERT [dbo].[bonus_deductions] ON;
GO
INSERT INTO [dbo].[bonus_deductions] ([id], [employee_id], [attendance_period_id], [type_id], [amount], [description], [status], [created_by], [created_at], [updated_at])
VALUES
    (1, 1, 2, 1, 3000000, N'Thuong KPI quy 4/2025', N'active', 4, N'2026-03-21 14:54:18', N'2026-03-21 14:54:18'),
    (2, 5, 2, 1, 5000000, N'Thuong KPI quy 4/2025', N'active', 4, N'2026-03-21 14:54:18', N'2026-03-21 14:54:18'),
    (3, 8, 2, 3, 2000000, N'Thuong hoan thanh du an Alpha', N'active', 4, N'2026-03-21 14:54:18', N'2026-03-21 14:54:18'),
    (4, 9, 2, 3, 2000000, N'Thuong hoan thanh du an Alpha', N'active', 4, N'2026-03-21 14:54:18', N'2026-03-21 14:54:18'),
    (5, 14, 2, 3, 1500000, N'Thuong hoan thanh du an Beta', N'active', 4, N'2026-03-21 14:54:18', N'2026-03-21 14:54:18'),
    (6, 6, 2, 5, 200000, N'Tru di tre thang 02/2026', N'active', 4, N'2026-03-21 14:54:18', N'2026-03-21 14:54:18'),
    (7, 12, 2, 5, 200000, N'Tru di tre qua 60 phut', N'active', 4, N'2026-03-21 14:54:18', N'2026-03-21 14:54:18'),
    (8, 7, 2, 7, 3000000, N'Tru tam ung thang 01/2026', N'active', 4, N'2026-03-21 14:54:18', N'2026-03-21 14:54:18'),
    (9, 11, 2, 4, 1000000, N'Thuong gioi thieu nhan su moi', N'active', 4, N'2026-03-21 14:54:18', N'2026-03-21 14:54:18'),
    (10, 13, 2, 8, 100000, N'Phi cong doan thang 02/2026', N'active', 4, N'2026-03-21 14:54:18', N'2026-03-21 14:54:18');
GO

SET IDENTITY_INSERT [dbo].[bonus_deductions] OFF;
GO

SET IDENTITY_INSERT [dbo].[payroll_runs] ON;
GO
INSERT INTO [dbo].[payroll_runs] ([id], [attendance_period_id], [run_no], [scope_type], [scope_value], [status], [requested_by], [previewed_at], [finalized_at], [finalized_by], [locked_at], [locked_by], [created_at], [updated_at])
VALUES
    (1, 1, 1, N'all', NULL, N'locked', 4, N'2026-02-01 09:00:00', N'2026-02-03 10:00:00', 4, N'2026-02-05 14:00:00', 1, N'2026-03-21 14:54:18', N'2026-03-21 14:54:18'),
    (2, 2, 1, N'all', NULL, N'previewed', 4, N'2026-03-02 09:00:00', NULL, NULL, NULL, NULL, N'2026-03-21 14:54:18', N'2026-03-21 14:54:18'),
    (3, 3, 1, N'all', NULL, N'draft', 4, NULL, NULL, NULL, NULL, NULL, N'2026-03-21 14:54:18', N'2026-03-21 14:54:18');
GO

SET IDENTITY_INSERT [dbo].[payroll_runs] OFF;
GO

SET IDENTITY_INSERT [dbo].[payslips] ON;
GO
INSERT INTO [dbo].[payslips] ([id], [attendance_period_id], [employee_id], [payroll_run_id], [contract_id], [base_salary_snapshot], [gross_salary], [taxable_income], [insurance_base], [insurance_employee], [insurance_company], [pit_amount], [bonus_total], [deduction_total], [net_salary], [status], [generated_at], [locked_at], [created_at], [updated_at])
VALUES
    (1, 1, 6, 1, 6, 10000000, 11230000, 0, 10000000, 1050000, 2150000, 0, 0, 0, 10180000, N'locked', N'2026-03-21 14:54:18', N'2026-02-05 14:00:00', N'2026-03-21 14:54:18', N'2026-03-21 14:54:18'),
    (2, 1, 7, 1, 7, 10000000, 11230000, 0, 10000000, 1050000, 2150000, 0, 0, 0, 10180000, N'locked', N'2026-03-21 14:54:18', N'2026-02-05 14:00:00', N'2026-03-21 14:54:18', N'2026-03-21 14:54:18'),
    (3, 1, 8, 1, 8, 12000000, 13230000, 970000, 12000000, 1260000, 2580000, 48500, 0, 0, 11921500, N'locked', N'2026-03-21 14:54:18', N'2026-02-05 14:00:00', N'2026-03-21 14:54:18', N'2026-03-21 14:54:18'),
    (4, 1, 9, 1, 9, 15000000, 16230000, 0, 15000000, 1575000, 3225000, 0, 0, 0, 14655000, N'locked', N'2026-03-21 14:54:18', N'2026-02-05 14:00:00', N'2026-03-21 14:54:18', N'2026-03-21 14:54:18'),
    (5, 1, 10, 1, 10, 10000000, 11230000, 0, 10000000, 1050000, 2150000, 0, 0, 0, 10180000, N'locked', N'2026-03-21 14:54:18', N'2026-02-05 14:00:00', N'2026-03-21 14:54:18', N'2026-03-21 14:54:18'),
    (6, 1, 11, 1, 11, 12000000, 13230000, 0, 12000000, 1260000, 2580000, 0, 0, 0, 11970000, N'locked', N'2026-03-21 14:54:18', N'2026-02-05 14:00:00', N'2026-03-21 14:54:18', N'2026-03-21 14:54:18'),
    (7, 1, 12, 1, 12, 6800000, 8030000, 0, 6800000, 714000, 1462000, 0, 0, 0, 7316000, N'locked', N'2026-03-21 14:54:18', N'2026-02-05 14:00:00', N'2026-03-21 14:54:18', N'2026-03-21 14:54:18'),
    (8, 1, 13, 1, 13, 10000000, 11230000, 0, 10000000, 1050000, 2150000, 0, 0, 0, 10180000, N'locked', N'2026-03-21 14:54:18', N'2026-02-05 14:00:00', N'2026-03-21 14:54:18', N'2026-03-21 14:54:18'),
    (9, 1, 14, 1, 14, 12000000, 13230000, 970000, 12000000, 1260000, 2580000, 48500, 0, 0, 11921500, N'locked', N'2026-03-21 14:54:18', N'2026-02-05 14:00:00', N'2026-03-21 14:54:18', N'2026-03-21 14:54:18'),
    (10, 1, 15, 1, 15, 8000000, 9230000, 0, 8000000, 840000, 1720000, 0, 0, 0, 8390000, N'locked', N'2026-03-21 14:54:18', N'2026-02-05 14:00:00', N'2026-03-21 14:54:18', N'2026-03-21 14:54:18'),
    (11, 2, 6, 2, 6, 10000000, 11230000, 0, 10000000, 1050000, 2150000, 0, 0, 200000, 9980000, N'previewed', N'2026-03-21 14:54:18', NULL, N'2026-03-21 14:54:18', N'2026-03-21 14:54:18'),
    (12, 2, 7, 2, 7, 10000000, 11230000, 0, 10000000, 1050000, 2150000, 0, 0, 3000000, 7180000, N'previewed', N'2026-03-21 14:54:18', NULL, N'2026-03-21 14:54:18', N'2026-03-21 14:54:18'),
    (13, 2, 8, 2, 8, 12000000, 15230000, 2970000, 12000000, 1260000, 2580000, 148500, 2000000, 0, 13821500, N'previewed', N'2026-03-21 14:54:18', NULL, N'2026-03-21 14:54:18', N'2026-03-21 14:54:18'),
    (14, 2, 9, 2, 9, 15000000, 18230000, 0, 15000000, 1575000, 3225000, 0, 2000000, 0, 16655000, N'previewed', N'2026-03-21 14:54:18', NULL, N'2026-03-21 14:54:18', N'2026-03-21 14:54:18'),
    (15, 2, 10, 2, 10, 10000000, 11230000, 0, 10000000, 1050000, 2150000, 0, 0, 0, 10180000, N'previewed', N'2026-03-21 14:54:18', NULL, N'2026-03-21 14:54:18', N'2026-03-21 14:54:18'),
    (16, 2, 11, 2, 11, 12000000, 14230000, 0, 12000000, 1260000, 2580000, 0, 1000000, 0, 12970000, N'previewed', N'2026-03-21 14:54:18', NULL, N'2026-03-21 14:54:18', N'2026-03-21 14:54:18'),
    (17, 2, 12, 2, 12, 6800000, 8030000, 0, 6800000, 714000, 1462000, 0, 0, 200000, 7116000, N'previewed', N'2026-03-21 14:54:18', NULL, N'2026-03-21 14:54:18', N'2026-03-21 14:54:18'),
    (18, 2, 13, 2, 13, 10000000, 11230000, 0, 10000000, 1050000, 2150000, 0, 0, 100000, 10080000, N'previewed', N'2026-03-21 14:54:18', NULL, N'2026-03-21 14:54:18', N'2026-03-21 14:54:18'),
    (19, 2, 14, 2, 14, 12000000, 14730000, 2470000, 12000000, 1260000, 2580000, 123500, 1500000, 0, 13346500, N'previewed', N'2026-03-21 14:54:18', NULL, N'2026-03-21 14:54:18', N'2026-03-21 14:54:18'),
    (20, 2, 15, 2, 15, 8000000, 9230000, 0, 8000000, 840000, 1720000, 0, 0, 0, 8390000, N'previewed', N'2026-03-21 14:54:18', NULL, N'2026-03-21 14:54:18', N'2026-03-21 14:54:18');
GO

SET IDENTITY_INSERT [dbo].[payslips] OFF;
GO

SET IDENTITY_INSERT [dbo].[payslip_items] ON;
GO
INSERT INTO [dbo].[payslip_items] ([id], [payslip_id], [item_code], [item_name], [item_group], [qty], [rate], [amount], [sort_order], [source_ref])
VALUES
    (1, 1, N'BASE_SALARY', N'Luong Co Ban', N'earning', 1, 10000000, 10000000, 1, N'contract'),
    (2, 1, N'ALW_MEAL', N'Phu Cap An Trua', N'earning', 1, 730000, 730000, 2, N'allowance:PC_AN'),
    (3, 1, N'ALW_TRANSPORT', N'Phu Cap Xang Xe', N'earning', 1, 500000, 500000, 3, N'allowance:PC_XE'),
    (4, 1, N'INS_BHXH', N'BHXH (8%)', N'deduction', 1, 10000000, 800000, 4, N'insurance:bhxh'),
    (5, 1, N'INS_BHYT', N'BHYT (1.5%)', N'deduction', 1, 10000000, 150000, 5, N'insurance:bhyt'),
    (6, 1, N'INS_BHTN', N'BHTN (1%)', N'deduction', 1, 10000000, 100000, 6, N'insurance:bhtn'),
    (7, 1, N'INS_ER_BHXH', N'BHXH Cong Ty (17.5%)', N'employer', 1, 10000000, 1750000, 7, N'insurance:bhxh_er'),
    (8, 1, N'INS_ER_BHYT', N'BHYT Cong Ty (3%)', N'employer', 1, 10000000, 300000, 8, N'insurance:bhyt_er'),
    (9, 1, N'INS_ER_BHTN', N'BHTN Cong Ty (1%)', N'employer', 1, 10000000, 100000, 9, N'insurance:bhtn_er'),
    (19, 2, N'BASE_SALARY', N'Luong Co Ban', N'earning', 1, 10000000, 10000000, 1, N'contract'),
    (20, 2, N'ALW_MEAL', N'Phu Cap An Trua', N'earning', 1, 730000, 730000, 2, N'allowance:PC_AN'),
    (21, 2, N'ALW_TRANSPORT', N'Phu Cap Xang Xe', N'earning', 1, 500000, 500000, 3, N'allowance:PC_XE'),
    (22, 2, N'INS_BHXH', N'BHXH (8%)', N'deduction', 1, 10000000, 800000, 4, N'insurance:bhxh'),
    (23, 2, N'INS_BHYT', N'BHYT (1.5%)', N'deduction', 1, 10000000, 150000, 5, N'insurance:bhyt'),
    (24, 2, N'INS_BHTN', N'BHTN (1%)', N'deduction', 1, 10000000, 100000, 6, N'insurance:bhtn'),
    (25, 2, N'INS_ER_BHXH', N'BHXH Cong Ty (17.5%)', N'employer', 1, 10000000, 1750000, 7, N'insurance:bhxh_er'),
    (26, 2, N'INS_ER_BHYT', N'BHYT Cong Ty (3%)', N'employer', 1, 10000000, 300000, 8, N'insurance:bhyt_er'),
    (27, 2, N'INS_ER_BHTN', N'BHTN Cong Ty (1%)', N'employer', 1, 10000000, 100000, 9, N'insurance:bhtn_er'),
    (37, 3, N'BASE_SALARY', N'Luong Co Ban', N'earning', 1, 12000000, 12000000, 1, N'contract'),
    (38, 3, N'ALW_MEAL', N'Phu Cap An Trua', N'earning', 1, 730000, 730000, 2, N'allowance:PC_AN'),
    (39, 3, N'ALW_TRANSPORT', N'Phu Cap Xang Xe', N'earning', 1, 500000, 500000, 3, N'allowance:PC_XE'),
    (40, 3, N'INS_BHXH', N'BHXH (8%)', N'deduction', 1, 12000000, 960000, 4, N'insurance:bhxh'),
    (41, 3, N'INS_BHYT', N'BHYT (1.5%)', N'deduction', 1, 12000000, 180000, 5, N'insurance:bhyt'),
    (42, 3, N'INS_BHTN', N'BHTN (1%)', N'deduction', 1, 12000000, 120000, 6, N'insurance:bhtn'),
    (43, 3, N'PIT', N'Thue TNCN', N'deduction', 1, NULL, 48500, 7, N'pit_calculation'),
    (44, 3, N'INS_ER_BHXH', N'BHXH Cong Ty (17.5%)', N'employer', 1, 12000000, 2100000, 8, N'insurance:bhxh_er'),
    (45, 3, N'INS_ER_BHYT', N'BHYT Cong Ty (3%)', N'employer', 1, 12000000, 360000, 9, N'insurance:bhyt_er'),
    (46, 3, N'INS_ER_BHTN', N'BHTN Cong Ty (1%)', N'employer', 1, 12000000, 120000, 10, N'insurance:bhtn_er'),
    (57, 4, N'BASE_SALARY', N'Luong Co Ban', N'earning', 1, 15000000, 15000000, 1, N'contract'),
    (58, 4, N'ALW_MEAL', N'Phu Cap An Trua', N'earning', 1, 730000, 730000, 2, N'allowance:PC_AN'),
    (59, 4, N'ALW_TRANSPORT', N'Phu Cap Xang Xe', N'earning', 1, 500000, 500000, 3, N'allowance:PC_XE'),
    (60, 4, N'INS_BHXH', N'BHXH (8%)', N'deduction', 1, 15000000, 1200000, 4, N'insurance:bhxh'),
    (61, 4, N'INS_BHYT', N'BHYT (1.5%)', N'deduction', 1, 15000000, 225000, 5, N'insurance:bhyt'),
    (62, 4, N'INS_BHTN', N'BHTN (1%)', N'deduction', 1, 15000000, 150000, 6, N'insurance:bhtn'),
    (63, 4, N'INS_ER_BHXH', N'BHXH Cong Ty (17.5%)', N'employer', 1, 15000000, 2625000, 7, N'insurance:bhxh_er'),
    (64, 4, N'INS_ER_BHYT', N'BHYT Cong Ty (3%)', N'employer', 1, 15000000, 450000, 8, N'insurance:bhyt_er'),
    (65, 4, N'INS_ER_BHTN', N'BHTN Cong Ty (1%)', N'employer', 1, 15000000, 150000, 9, N'insurance:bhtn_er'),
    (75, 5, N'BASE_SALARY', N'Luong Co Ban', N'earning', 1, 10000000, 10000000, 1, N'contract'),
    (76, 5, N'ALW_MEAL', N'Phu Cap An Trua', N'earning', 1, 730000, 730000, 2, N'allowance:PC_AN'),
    (77, 5, N'ALW_TRANSPORT', N'Phu Cap Xang Xe', N'earning', 1, 500000, 500000, 3, N'allowance:PC_XE'),
    (78, 5, N'INS_BHXH', N'BHXH (8%)', N'deduction', 1, 10000000, 800000, 4, N'insurance:bhxh'),
    (79, 5, N'INS_BHYT', N'BHYT (1.5%)', N'deduction', 1, 10000000, 150000, 5, N'insurance:bhyt'),
    (80, 5, N'INS_BHTN', N'BHTN (1%)', N'deduction', 1, 10000000, 100000, 6, N'insurance:bhtn'),
    (81, 5, N'INS_ER_BHXH', N'BHXH Cong Ty (17.5%)', N'employer', 1, 10000000, 1750000, 7, N'insurance:bhxh_er'),
    (82, 5, N'INS_ER_BHYT', N'BHYT Cong Ty (3%)', N'employer', 1, 10000000, 300000, 8, N'insurance:bhyt_er'),
    (83, 5, N'INS_ER_BHTN', N'BHTN Cong Ty (1%)', N'employer', 1, 10000000, 100000, 9, N'insurance:bhtn_er'),
    (93, 6, N'BASE_SALARY', N'Luong Co Ban', N'earning', 1, 12000000, 12000000, 1, N'contract'),
    (94, 6, N'ALW_MEAL', N'Phu Cap An Trua', N'earning', 1, 730000, 730000, 2, N'allowance:PC_AN'),
    (95, 6, N'ALW_TRANSPORT', N'Phu Cap Xang Xe', N'earning', 1, 500000, 500000, 3, N'allowance:PC_XE'),
    (96, 6, N'INS_BHXH', N'BHXH (8%)', N'deduction', 1, 12000000, 960000, 4, N'insurance:bhxh'),
    (97, 6, N'INS_BHYT', N'BHYT (1.5%)', N'deduction', 1, 12000000, 180000, 5, N'insurance:bhyt'),
    (98, 6, N'INS_BHTN', N'BHTN (1%)', N'deduction', 1, 12000000, 120000, 6, N'insurance:bhtn'),
    (99, 6, N'INS_ER_BHXH', N'BHXH Cong Ty (17.5%)', N'employer', 1, 12000000, 2100000, 7, N'insurance:bhxh_er'),
    (100, 6, N'INS_ER_BHYT', N'BHYT Cong Ty (3%)', N'employer', 1, 12000000, 360000, 8, N'insurance:bhyt_er'),
    (101, 6, N'INS_ER_BHTN', N'BHTN Cong Ty (1%)', N'employer', 1, 12000000, 120000, 9, N'insurance:bhtn_er'),
    (111, 7, N'BASE_SALARY', N'Luong Co Ban', N'earning', 1, 6800000, 6800000, 1, N'contract'),
    (112, 7, N'ALW_MEAL', N'Phu Cap An Trua', N'earning', 1, 730000, 730000, 2, N'allowance:PC_AN'),
    (113, 7, N'ALW_TRANSPORT', N'Phu Cap Xang Xe', N'earning', 1, 500000, 500000, 3, N'allowance:PC_XE'),
    (114, 7, N'INS_BHXH', N'BHXH (8%)', N'deduction', 1, 6800000, 544000, 4, N'insurance:bhxh'),
    (115, 7, N'INS_BHYT', N'BHYT (1.5%)', N'deduction', 1, 6800000, 102000, 5, N'insurance:bhyt'),
    (116, 7, N'INS_BHTN', N'BHTN (1%)', N'deduction', 1, 6800000, 68000, 6, N'insurance:bhtn'),
    (117, 7, N'INS_ER_BHXH', N'BHXH Cong Ty (17.5%)', N'employer', 1, 6800000, 1190000, 7, N'insurance:bhxh_er'),
    (118, 7, N'INS_ER_BHYT', N'BHYT Cong Ty (3%)', N'employer', 1, 6800000, 204000, 8, N'insurance:bhyt_er'),
    (119, 7, N'INS_ER_BHTN', N'BHTN Cong Ty (1%)', N'employer', 1, 6800000, 68000, 9, N'insurance:bhtn_er'),
    (129, 8, N'BASE_SALARY', N'Luong Co Ban', N'earning', 1, 10000000, 10000000, 1, N'contract'),
    (130, 8, N'ALW_MEAL', N'Phu Cap An Trua', N'earning', 1, 730000, 730000, 2, N'allowance:PC_AN'),
    (131, 8, N'ALW_TRANSPORT', N'Phu Cap Xang Xe', N'earning', 1, 500000, 500000, 3, N'allowance:PC_XE'),
    (132, 8, N'INS_BHXH', N'BHXH (8%)', N'deduction', 1, 10000000, 800000, 4, N'insurance:bhxh'),
    (133, 8, N'INS_BHYT', N'BHYT (1.5%)', N'deduction', 1, 10000000, 150000, 5, N'insurance:bhyt'),
    (134, 8, N'INS_BHTN', N'BHTN (1%)', N'deduction', 1, 10000000, 100000, 6, N'insurance:bhtn'),
    (135, 8, N'INS_ER_BHXH', N'BHXH Cong Ty (17.5%)', N'employer', 1, 10000000, 1750000, 7, N'insurance:bhxh_er'),
    (136, 8, N'INS_ER_BHYT', N'BHYT Cong Ty (3%)', N'employer', 1, 10000000, 300000, 8, N'insurance:bhyt_er'),
    (137, 8, N'INS_ER_BHTN', N'BHTN Cong Ty (1%)', N'employer', 1, 10000000, 100000, 9, N'insurance:bhtn_er'),
    (147, 9, N'BASE_SALARY', N'Luong Co Ban', N'earning', 1, 12000000, 12000000, 1, N'contract'),
    (148, 9, N'ALW_MEAL', N'Phu Cap An Trua', N'earning', 1, 730000, 730000, 2, N'allowance:PC_AN'),
    (149, 9, N'ALW_TRANSPORT', N'Phu Cap Xang Xe', N'earning', 1, 500000, 500000, 3, N'allowance:PC_XE'),
    (150, 9, N'INS_BHXH', N'BHXH (8%)', N'deduction', 1, 12000000, 960000, 4, N'insurance:bhxh'),
    (151, 9, N'INS_BHYT', N'BHYT (1.5%)', N'deduction', 1, 12000000, 180000, 5, N'insurance:bhyt'),
    (152, 9, N'INS_BHTN', N'BHTN (1%)', N'deduction', 1, 12000000, 120000, 6, N'insurance:bhtn'),
    (153, 9, N'PIT', N'Thue TNCN', N'deduction', 1, NULL, 48500, 7, N'pit_calculation'),
    (154, 9, N'INS_ER_BHXH', N'BHXH Cong Ty (17.5%)', N'employer', 1, 12000000, 2100000, 8, N'insurance:bhxh_er'),
    (155, 9, N'INS_ER_BHYT', N'BHYT Cong Ty (3%)', N'employer', 1, 12000000, 360000, 9, N'insurance:bhyt_er'),
    (156, 9, N'INS_ER_BHTN', N'BHTN Cong Ty (1%)', N'employer', 1, 12000000, 120000, 10, N'insurance:bhtn_er'),
    (167, 10, N'BASE_SALARY', N'Luong Co Ban', N'earning', 1, 8000000, 8000000, 1, N'contract'),
    (168, 10, N'ALW_MEAL', N'Phu Cap An Trua', N'earning', 1, 730000, 730000, 2, N'allowance:PC_AN'),
    (169, 10, N'ALW_TRANSPORT', N'Phu Cap Xang Xe', N'earning', 1, 500000, 500000, 3, N'allowance:PC_XE'),
    (170, 10, N'INS_BHXH', N'BHXH (8%)', N'deduction', 1, 8000000, 640000, 4, N'insurance:bhxh'),
    (171, 10, N'INS_BHYT', N'BHYT (1.5%)', N'deduction', 1, 8000000, 120000, 5, N'insurance:bhyt'),
    (172, 10, N'INS_BHTN', N'BHTN (1%)', N'deduction', 1, 8000000, 80000, 6, N'insurance:bhtn'),
    (173, 10, N'INS_ER_BHXH', N'BHXH Cong Ty (17.5%)', N'employer', 1, 8000000, 1400000, 7, N'insurance:bhxh_er'),
    (174, 10, N'INS_ER_BHYT', N'BHYT Cong Ty (3%)', N'employer', 1, 8000000, 240000, 8, N'insurance:bhyt_er'),
    (175, 10, N'INS_ER_BHTN', N'BHTN Cong Ty (1%)', N'employer', 1, 8000000, 80000, 9, N'insurance:bhtn_er'),
    (185, 11, N'BASE_SALARY', N'Luong Co Ban', N'earning', 1, 10000000, 10000000, 1, N'contract'),
    (186, 11, N'ALW_MEAL', N'Phu Cap An Trua', N'earning', 1, 730000, 730000, 2, N'allowance:PC_AN'),
    (187, 11, N'ALW_TRANSPORT', N'Phu Cap Xang Xe', N'earning', 1, 500000, 500000, 3, N'allowance:PC_XE'),
    (188, 11, N'INS_BHXH', N'BHXH (8%)', N'deduction', 1, 10000000, 800000, 4, N'insurance:bhxh'),
    (189, 11, N'INS_BHYT', N'BHYT (1.5%)', N'deduction', 1, 10000000, 150000, 5, N'insurance:bhyt'),
    (190, 11, N'INS_BHTN', N'BHTN (1%)', N'deduction', 1, 10000000, 100000, 6, N'insurance:bhtn'),
    (191, 11, N'OTHER_DED', N'Khau Tru Khac', N'deduction', 1, NULL, 200000, 7, N'bonus_deduction'),
    (192, 11, N'INS_ER_BHXH', N'BHXH Cong Ty (17.5%)', N'employer', 1, 10000000, 1750000, 8, N'insurance:bhxh_er'),
    (193, 11, N'INS_ER_BHYT', N'BHYT Cong Ty (3%)', N'employer', 1, 10000000, 300000, 9, N'insurance:bhyt_er'),
    (194, 11, N'INS_ER_BHTN', N'BHTN Cong Ty (1%)', N'employer', 1, 10000000, 100000, 10, N'insurance:bhtn_er'),
    (205, 12, N'BASE_SALARY', N'Luong Co Ban', N'earning', 1, 10000000, 10000000, 1, N'contract'),
    (206, 12, N'ALW_MEAL', N'Phu Cap An Trua', N'earning', 1, 730000, 730000, 2, N'allowance:PC_AN'),
    (207, 12, N'ALW_TRANSPORT', N'Phu Cap Xang Xe', N'earning', 1, 500000, 500000, 3, N'allowance:PC_XE'),
    (208, 12, N'INS_BHXH', N'BHXH (8%)', N'deduction', 1, 10000000, 800000, 4, N'insurance:bhxh'),
    (209, 12, N'INS_BHYT', N'BHYT (1.5%)', N'deduction', 1, 10000000, 150000, 5, N'insurance:bhyt'),
    (210, 12, N'INS_BHTN', N'BHTN (1%)', N'deduction', 1, 10000000, 100000, 6, N'insurance:bhtn'),
    (211, 12, N'OTHER_DED', N'Khau Tru Khac', N'deduction', 1, NULL, 3000000, 7, N'bonus_deduction'),
    (212, 12, N'INS_ER_BHXH', N'BHXH Cong Ty (17.5%)', N'employer', 1, 10000000, 1750000, 8, N'insurance:bhxh_er'),
    (213, 12, N'INS_ER_BHYT', N'BHYT Cong Ty (3%)', N'employer', 1, 10000000, 300000, 9, N'insurance:bhyt_er'),
    (214, 12, N'INS_ER_BHTN', N'BHTN Cong Ty (1%)', N'employer', 1, 10000000, 100000, 10, N'insurance:bhtn_er'),
    (225, 13, N'BASE_SALARY', N'Luong Co Ban', N'earning', 1, 12000000, 12000000, 1, N'contract'),
    (226, 13, N'ALW_MEAL', N'Phu Cap An Trua', N'earning', 1, 730000, 730000, 2, N'allowance:PC_AN'),
    (227, 13, N'ALW_TRANSPORT', N'Phu Cap Xang Xe', N'earning', 1, 500000, 500000, 3, N'allowance:PC_XE'),
    (228, 13, N'BONUS', N'Thuong', N'earning', 1, 2000000, 2000000, 4, N'bonus_deduction'),
    (229, 13, N'INS_BHXH', N'BHXH (8%)', N'deduction', 1, 12000000, 960000, 5, N'insurance:bhxh'),
    (230, 13, N'INS_BHYT', N'BHYT (1.5%)', N'deduction', 1, 12000000, 180000, 6, N'insurance:bhyt'),
    (231, 13, N'INS_BHTN', N'BHTN (1%)', N'deduction', 1, 12000000, 120000, 7, N'insurance:bhtn'),
    (232, 13, N'PIT', N'Thue TNCN', N'deduction', 1, NULL, 148500, 8, N'pit_calculation'),
    (233, 13, N'INS_ER_BHXH', N'BHXH Cong Ty (17.5%)', N'employer', 1, 12000000, 2100000, 9, N'insurance:bhxh_er'),
    (234, 13, N'INS_ER_BHYT', N'BHYT Cong Ty (3%)', N'employer', 1, 12000000, 360000, 10, N'insurance:bhyt_er'),
    (235, 13, N'INS_ER_BHTN', N'BHTN Cong Ty (1%)', N'employer', 1, 12000000, 120000, 11, N'insurance:bhtn_er'),
    (247, 14, N'BASE_SALARY', N'Luong Co Ban', N'earning', 1, 15000000, 15000000, 1, N'contract'),
    (248, 14, N'ALW_MEAL', N'Phu Cap An Trua', N'earning', 1, 730000, 730000, 2, N'allowance:PC_AN'),
    (249, 14, N'ALW_TRANSPORT', N'Phu Cap Xang Xe', N'earning', 1, 500000, 500000, 3, N'allowance:PC_XE'),
    (250, 14, N'BONUS', N'Thuong', N'earning', 1, 2000000, 2000000, 4, N'bonus_deduction'),
    (251, 14, N'INS_BHXH', N'BHXH (8%)', N'deduction', 1, 15000000, 1200000, 5, N'insurance:bhxh'),
    (252, 14, N'INS_BHYT', N'BHYT (1.5%)', N'deduction', 1, 15000000, 225000, 6, N'insurance:bhyt'),
    (253, 14, N'INS_BHTN', N'BHTN (1%)', N'deduction', 1, 15000000, 150000, 7, N'insurance:bhtn'),
    (254, 14, N'INS_ER_BHXH', N'BHXH Cong Ty (17.5%)', N'employer', 1, 15000000, 2625000, 8, N'insurance:bhxh_er'),
    (255, 14, N'INS_ER_BHYT', N'BHYT Cong Ty (3%)', N'employer', 1, 15000000, 450000, 9, N'insurance:bhyt_er'),
    (256, 14, N'INS_ER_BHTN', N'BHTN Cong Ty (1%)', N'employer', 1, 15000000, 150000, 10, N'insurance:bhtn_er'),
    (267, 15, N'BASE_SALARY', N'Luong Co Ban', N'earning', 1, 10000000, 10000000, 1, N'contract'),
    (268, 15, N'ALW_MEAL', N'Phu Cap An Trua', N'earning', 1, 730000, 730000, 2, N'allowance:PC_AN'),
    (269, 15, N'ALW_TRANSPORT', N'Phu Cap Xang Xe', N'earning', 1, 500000, 500000, 3, N'allowance:PC_XE'),
    (270, 15, N'INS_BHXH', N'BHXH (8%)', N'deduction', 1, 10000000, 800000, 4, N'insurance:bhxh'),
    (271, 15, N'INS_BHYT', N'BHYT (1.5%)', N'deduction', 1, 10000000, 150000, 5, N'insurance:bhyt'),
    (272, 15, N'INS_BHTN', N'BHTN (1%)', N'deduction', 1, 10000000, 100000, 6, N'insurance:bhtn'),
    (273, 15, N'INS_ER_BHXH', N'BHXH Cong Ty (17.5%)', N'employer', 1, 10000000, 1750000, 7, N'insurance:bhxh_er'),
    (274, 15, N'INS_ER_BHYT', N'BHYT Cong Ty (3%)', N'employer', 1, 10000000, 300000, 8, N'insurance:bhyt_er'),
    (275, 15, N'INS_ER_BHTN', N'BHTN Cong Ty (1%)', N'employer', 1, 10000000, 100000, 9, N'insurance:bhtn_er'),
    (285, 16, N'BASE_SALARY', N'Luong Co Ban', N'earning', 1, 12000000, 12000000, 1, N'contract'),
    (286, 16, N'ALW_MEAL', N'Phu Cap An Trua', N'earning', 1, 730000, 730000, 2, N'allowance:PC_AN'),
    (287, 16, N'ALW_TRANSPORT', N'Phu Cap Xang Xe', N'earning', 1, 500000, 500000, 3, N'allowance:PC_XE'),
    (288, 16, N'BONUS', N'Thuong', N'earning', 1, 1000000, 1000000, 4, N'bonus_deduction'),
    (289, 16, N'INS_BHXH', N'BHXH (8%)', N'deduction', 1, 12000000, 960000, 5, N'insurance:bhxh'),
    (290, 16, N'INS_BHYT', N'BHYT (1.5%)', N'deduction', 1, 12000000, 180000, 6, N'insurance:bhyt'),
    (291, 16, N'INS_BHTN', N'BHTN (1%)', N'deduction', 1, 12000000, 120000, 7, N'insurance:bhtn'),
    (292, 16, N'INS_ER_BHXH', N'BHXH Cong Ty (17.5%)', N'employer', 1, 12000000, 2100000, 8, N'insurance:bhxh_er'),
    (293, 16, N'INS_ER_BHYT', N'BHYT Cong Ty (3%)', N'employer', 1, 12000000, 360000, 9, N'insurance:bhyt_er'),
    (294, 16, N'INS_ER_BHTN', N'BHTN Cong Ty (1%)', N'employer', 1, 12000000, 120000, 10, N'insurance:bhtn_er'),
    (305, 17, N'BASE_SALARY', N'Luong Co Ban', N'earning', 1, 6800000, 6800000, 1, N'contract'),
    (306, 17, N'ALW_MEAL', N'Phu Cap An Trua', N'earning', 1, 730000, 730000, 2, N'allowance:PC_AN'),
    (307, 17, N'ALW_TRANSPORT', N'Phu Cap Xang Xe', N'earning', 1, 500000, 500000, 3, N'allowance:PC_XE'),
    (308, 17, N'INS_BHXH', N'BHXH (8%)', N'deduction', 1, 6800000, 544000, 4, N'insurance:bhxh'),
    (309, 17, N'INS_BHYT', N'BHYT (1.5%)', N'deduction', 1, 6800000, 102000, 5, N'insurance:bhyt'),
    (310, 17, N'INS_BHTN', N'BHTN (1%)', N'deduction', 1, 6800000, 68000, 6, N'insurance:bhtn'),
    (311, 17, N'OTHER_DED', N'Khau Tru Khac', N'deduction', 1, NULL, 200000, 7, N'bonus_deduction'),
    (312, 17, N'INS_ER_BHXH', N'BHXH Cong Ty (17.5%)', N'employer', 1, 6800000, 1190000, 8, N'insurance:bhxh_er'),
    (313, 17, N'INS_ER_BHYT', N'BHYT Cong Ty (3%)', N'employer', 1, 6800000, 204000, 9, N'insurance:bhyt_er'),
    (314, 17, N'INS_ER_BHTN', N'BHTN Cong Ty (1%)', N'employer', 1, 6800000, 68000, 10, N'insurance:bhtn_er'),
    (325, 18, N'BASE_SALARY', N'Luong Co Ban', N'earning', 1, 10000000, 10000000, 1, N'contract'),
    (326, 18, N'ALW_MEAL', N'Phu Cap An Trua', N'earning', 1, 730000, 730000, 2, N'allowance:PC_AN'),
    (327, 18, N'ALW_TRANSPORT', N'Phu Cap Xang Xe', N'earning', 1, 500000, 500000, 3, N'allowance:PC_XE'),
    (328, 18, N'INS_BHXH', N'BHXH (8%)', N'deduction', 1, 10000000, 800000, 4, N'insurance:bhxh'),
    (329, 18, N'INS_BHYT', N'BHYT (1.5%)', N'deduction', 1, 10000000, 150000, 5, N'insurance:bhyt'),
    (330, 18, N'INS_BHTN', N'BHTN (1%)', N'deduction', 1, 10000000, 100000, 6, N'insurance:bhtn'),
    (331, 18, N'OTHER_DED', N'Khau Tru Khac', N'deduction', 1, NULL, 100000, 7, N'bonus_deduction'),
    (332, 18, N'INS_ER_BHXH', N'BHXH Cong Ty (17.5%)', N'employer', 1, 10000000, 1750000, 8, N'insurance:bhxh_er'),
    (333, 18, N'INS_ER_BHYT', N'BHYT Cong Ty (3%)', N'employer', 1, 10000000, 300000, 9, N'insurance:bhyt_er'),
    (334, 18, N'INS_ER_BHTN', N'BHTN Cong Ty (1%)', N'employer', 1, 10000000, 100000, 10, N'insurance:bhtn_er'),
    (345, 19, N'BASE_SALARY', N'Luong Co Ban', N'earning', 1, 12000000, 12000000, 1, N'contract'),
    (346, 19, N'ALW_MEAL', N'Phu Cap An Trua', N'earning', 1, 730000, 730000, 2, N'allowance:PC_AN'),
    (347, 19, N'ALW_TRANSPORT', N'Phu Cap Xang Xe', N'earning', 1, 500000, 500000, 3, N'allowance:PC_XE'),
    (348, 19, N'BONUS', N'Thuong', N'earning', 1, 1500000, 1500000, 4, N'bonus_deduction'),
    (349, 19, N'INS_BHXH', N'BHXH (8%)', N'deduction', 1, 12000000, 960000, 5, N'insurance:bhxh'),
    (350, 19, N'INS_BHYT', N'BHYT (1.5%)', N'deduction', 1, 12000000, 180000, 6, N'insurance:bhyt'),
    (351, 19, N'INS_BHTN', N'BHTN (1%)', N'deduction', 1, 12000000, 120000, 7, N'insurance:bhtn'),
    (352, 19, N'PIT', N'Thue TNCN', N'deduction', 1, NULL, 123500, 8, N'pit_calculation'),
    (353, 19, N'INS_ER_BHXH', N'BHXH Cong Ty (17.5%)', N'employer', 1, 12000000, 2100000, 9, N'insurance:bhxh_er'),
    (354, 19, N'INS_ER_BHYT', N'BHYT Cong Ty (3%)', N'employer', 1, 12000000, 360000, 10, N'insurance:bhyt_er'),
    (355, 19, N'INS_ER_BHTN', N'BHTN Cong Ty (1%)', N'employer', 1, 12000000, 120000, 11, N'insurance:bhtn_er'),
    (367, 20, N'BASE_SALARY', N'Luong Co Ban', N'earning', 1, 8000000, 8000000, 1, N'contract'),
    (368, 20, N'ALW_MEAL', N'Phu Cap An Trua', N'earning', 1, 730000, 730000, 2, N'allowance:PC_AN'),
    (369, 20, N'ALW_TRANSPORT', N'Phu Cap Xang Xe', N'earning', 1, 500000, 500000, 3, N'allowance:PC_XE'),
    (370, 20, N'INS_BHXH', N'BHXH (8%)', N'deduction', 1, 8000000, 640000, 4, N'insurance:bhxh'),
    (371, 20, N'INS_BHYT', N'BHYT (1.5%)', N'deduction', 1, 8000000, 120000, 5, N'insurance:bhyt'),
    (372, 20, N'INS_BHTN', N'BHTN (1%)', N'deduction', 1, 8000000, 80000, 6, N'insurance:bhtn'),
    (373, 20, N'INS_ER_BHXH', N'BHXH Cong Ty (17.5%)', N'employer', 1, 8000000, 1400000, 7, N'insurance:bhxh_er'),
    (374, 20, N'INS_ER_BHYT', N'BHYT Cong Ty (3%)', N'employer', 1, 8000000, 240000, 8, N'insurance:bhyt_er'),
    (375, 20, N'INS_ER_BHTN', N'BHTN Cong Ty (1%)', N'employer', 1, 8000000, 80000, 9, N'insurance:bhtn_er');
GO

SET IDENTITY_INSERT [dbo].[payslip_items] OFF;
GO

SET IDENTITY_INSERT [dbo].[report_templates] ON;
GO
INSERT INTO [dbo].[report_templates] ([id], [code], [name], [module], [sp_name], [is_active], [created_at], [updated_at])
VALUES
    (1, N'RPT_ATTENDANCE_DAILY', N'Bao Cao Cham Cong Hang Ngay', N'attendance', N'sp_Report_AttendanceDaily', 1, N'2026-03-21 14:54:18', N'2026-03-21 14:54:18'),
    (2, N'RPT_ATTENDANCE_MONTHLY', N'Bao Cao Cham Cong Hang Thang', N'attendance', N'sp_Report_AttendanceMonthly', 1, N'2026-03-21 14:54:18', N'2026-03-21 14:54:18'),
    (3, N'RPT_PAYROLL_SUMMARY', N'Bao Cao Tong Hop Luong', N'payroll', N'sp_Report_PayrollSummary', 1, N'2026-03-21 14:54:18', N'2026-03-21 14:54:18'),
    (4, N'RPT_PAYSLIP', N'Phieu Luong Ca Nhan', N'payroll', N'sp_Report_Payslip', 1, N'2026-03-21 14:54:18', N'2026-03-21 14:54:18'),
    (5, N'RPT_INSURANCE', N'Bao Cao Bao Hiem Xa Hoi', N'payroll', N'sp_Report_Insurance', 1, N'2026-03-21 14:54:18', N'2026-03-21 14:54:18'),
    (6, N'RPT_PIT', N'Bao Cao Thue Thu Nhap Ca Nhan', N'payroll', N'sp_Report_PIT', 1, N'2026-03-21 14:54:18', N'2026-03-21 14:54:18');
GO

SET IDENTITY_INSERT [dbo].[report_templates] OFF;
GO

SET IDENTITY_INSERT [dbo].[system_configs] ON;
GO
INSERT INTO [dbo].[system_configs] ([id], [config_key], [config_value], [description], [created_at], [updated_at])
VALUES
    (1, N'company_name', N'Cong Ty TNHH ABC', N'Ten cong ty', N'2026-03-21 14:54:18', N'2026-03-21 14:54:18'),
    (2, N'company_tax_code', N'0123456789', N'Ma so thue cong ty', N'2026-03-21 14:54:18', N'2026-03-21 14:54:18'),
    (3, N'company_address', N'123 Nguyen Hue, Quan 1, TP.HCM', N'Dia chi cong ty', N'2026-03-21 14:54:18', N'2026-03-21 14:54:18'),
    (4, N'payroll_cutoff_day', N'25', N'Ngay chot cong hang thang', N'2026-03-21 14:54:18', N'2026-03-21 14:54:18'),
    (5, N'payroll_payment_day', N'5', N'Ngay tra luong hang thang', N'2026-03-21 14:54:18', N'2026-03-21 14:54:18'),
    (6, N'default_shift', N'HC08', N'Ca lam viec mac dinh', N'2026-03-21 14:54:18', N'2026-03-21 14:54:18'),
    (7, N'overtime_rate_weekday', N'1.5', N'He so tang ca ngay thuong', N'2026-03-21 14:54:18', N'2026-03-21 14:54:18'),
    (8, N'overtime_rate_weekend', N'2.0', N'He so tang ca cuoi tuan', N'2026-03-21 14:54:18', N'2026-03-21 14:54:18'),
    (9, N'overtime_rate_holiday', N'3.0', N'He so tang ca ngay le', N'2026-03-21 14:54:18', N'2026-03-21 14:54:18'),
    (10, N'insurance_region', N'1', N'Vung luong toi thieu ap dung', N'2026-03-21 14:54:18', N'2026-03-21 14:54:18'),
    (11, N'max_annual_leave_days', N'12', N'So ngay phep nam toi da', N'2026-03-21 14:54:18', N'2026-03-21 14:54:18'),
    (12, N'currency', N'VND', N'Don vi tien te', N'2026-03-21 14:54:18', N'2026-03-21 14:54:18'),
    (13, N'standard_work_hours_day', N'8', N'So gio lam viec tieu chuan moi ngay', N'2026-03-21 14:54:18', N'2026-03-21 14:54:18'),
    (14, N'standard_work_days_month', N'22', N'So ngay lam viec tieu chuan moi thang', N'2026-03-21 14:54:18', N'2026-03-21 14:54:18');
GO

SET IDENTITY_INSERT [dbo].[system_configs] OFF;
GO

SET IDENTITY_INSERT [dbo].[audit_logs] ON;
GO
INSERT INTO [dbo].[audit_logs] ([id], [actor_user_id], [module], [action], [ref_table], [ref_id], [before_json], [after_json], [ip_address], [created_at])
VALUES
    (1, 1, N'auth', N'login', N'users', 1, NULL, N'{"last_login_at":"2026-03-21T14:54:18.914392Z"}', N'192.168.1.100', N'2026-03-01 08:00:00'),
    (2, 2, N'auth', N'login', N'users', 2, NULL, N'{"last_login_at":"2026-03-21T14:54:18.914392Z"}', N'192.168.1.101', N'2026-03-01 08:05:00'),
    (3, 4, N'payroll', N'create_run', N'payroll_runs', 2, NULL, N'{"status":"draft","attendance_period_id":2}', N'192.168.1.102', N'2026-03-02 08:30:00'),
    (4, 4, N'payroll', N'preview_run', N'payroll_runs', 2, N'{"status":"draft"}', N'{"status":"previewed"}', N'192.168.1.102', N'2026-03-02 09:00:00'),
    (5, 1, N'payroll', N'lock_run', N'payroll_runs', 1, N'{"status":"finalized"}', N'{"status":"locked"}', N'192.168.1.100', N'2026-02-05 14:00:00'),
    (6, 2, N'attendance', N'approve_request', N'attendance_requests', 1, N'{"status":"pending"}', N'{"status":"approved"}', N'192.168.1.101', N'2026-02-10 10:30:00'),
    (7, 2, N'attendance', N'reject_request', N'attendance_requests', 7, N'{"status":"pending"}', N'{"status":"rejected"}', N'192.168.1.101', N'2026-02-12 09:15:00'),
    (8, 2, N'employee', N'update', N'employees', 15, N'{"phone":"0901000015"}', N'{"phone":"0901000015","bank_name":"Techcombank"}', N'192.168.1.101', N'2026-02-15 14:20:00'),
    (9, 1, N'admin', N'update_config', N'system_configs', 4, N'{"config_value":"26"}', N'{"config_value":"25"}', N'192.168.1.100', N'2026-01-15 11:00:00'),
    (10, 2, N'attendance', N'import_time_logs', N'time_logs', NULL, NULL, N'{"imported_count":450,"period":"2026-02"}', N'192.168.1.101', N'2026-03-01 07:00:00');
GO

SET IDENTITY_INSERT [dbo].[audit_logs] OFF;
GO

-- =================================================================
-- Procedure Catalog — Config-driven SP Gateway
-- =================================================================

SET IDENTITY_INSERT [dbo].[procedure_catalog] ON;
GO
INSERT INTO [dbo].[procedure_catalog] ([id], [code], [label], [procedure_name], [module], [description], [is_active], [created_at], [updated_at])
VALUES
    (1, N'attendance-collection', N'Tổng hợp công', N'dbo.usp_Hrm_AttendanceCollection', N'attendance', N'Tổng hợp ngày công của nhân viên theo khoảng thời gian.', 1, GETDATE(), GETDATE()),
    (2, N'attendance-report', N'Bảng chấm công', N'dbo.usp_Hrm_AttendanceReport', N'attendance', N'Bảng chấm công chi tiết với ký hiệu chấm công hàng ngày.', 1, GETDATE(), GETDATE()),
    (3, N'assign-shift', N'Bảng phân ca hàng ngày', N'dbo.usp_Hrm_B30HrmAssignShift', N'attendance', N'Bảng phân ca làm việc hàng ngày cho nhân viên.', 1, GETDATE(), GETDATE()),
    (4, N'late-early', N'Tổng hợp đi trễ về sớm', N'dbo.usp_Hrm_InOut_LaterEarly', N'attendance', N'Bảng tổng hợp số lần và số phút đi trễ, về sớm.', 1, GETDATE(), GETDATE());
GO
SET IDENTITY_INSERT [dbo].[procedure_catalog] OFF;
GO

SET IDENTITY_INSERT [dbo].[procedure_parameters] ON;
GO
INSERT INTO [dbo].[procedure_parameters] ([id], [procedure_id], [name], [sp_param_name], [type], [label], [required], [default_value], [sort_order], [created_at], [updated_at])
VALUES
    -- attendance-collection
    (1,  1, N'date_from',     N'@_DocDate1',    N'date',    N'Từ ngày',        1, NULL,  1, GETDATE(), GETDATE()),
    (2,  1, N'date_to',       N'@_DocDate2',    N'date',    N'Đến ngày',       1, NULL,  2, GETDATE(), GETDATE()),
    (3,  1, N'employee_id',   N'@_EmployeeId',  N'string',  N'Mã nhân viên',   0, N'',   3, GETDATE(), GETDATE()),
    (4,  1, N'department_id', N'@_DeptId',       N'string',  N'Mã phòng ban',   0, N'',   4, GETDATE(), GETDATE()),
    (5,  1, N'branch_code',   N'@_BranchCode',  N'string',  N'Mã chi nhánh',   0, N'',   5, GETDATE(), GETDATE()),
    (6,  1, N'user_id',       N'@_nUserId',     N'integer', N'User ID',         0, N'0',  6, GETDATE(), GETDATE()),
    -- attendance-report
    (7,  2, N'date_from',              N'@_DocDate1',             N'date',    N'Từ ngày',                1, NULL,  1, GETDATE(), GETDATE()),
    (8,  2, N'date_to',                N'@_DocDate2',             N'date',    N'Đến ngày',               1, NULL,  2, GETDATE(), GETDATE()),
    (9,  2, N'group_dept_level',       N'@_GroupDeptLevel',       N'tinyint', N'Cấp phòng ban gộp',      0, N'3',  3, GETDATE(), GETDATE()),
    (10, 2, N'department_id',          N'@_DeptId',               N'string',  N'Mã phòng ban',           0, N'',   4, GETDATE(), GETDATE()),
    (11, 2, N'employee_id',            N'@_EmployeeId',           N'string',  N'Mã nhân viên',           0, N'',   5, GETDATE(), GETDATE()),
    (12, 2, N'show_data_type',         N'@_ShowDataType',         N'tinyint', N'Kiểu hiển thị',          0, N'0',  6, GETDATE(), GETDATE()),
    (13, 2, N'symbol_workday',         N'@_SymbolWorkday',        N'tinyint', N'Ký hiệu ngày công',      0, N'1',  7, GETDATE(), GETDATE()),
    (14, 2, N'not_in_out_symbol',      N'@_NotInOutSymbol_RowId', N'integer', N'Ký hiệu không vào ra',   0, N'0',  8, GETDATE(), GETDATE()),
    (15, 2, N'holiday1_symbol',        N'@_Holiday1Symbol',       N'string',  N'Ký hiệu nghỉ lễ (CN)',   0, N'',   9, GETDATE(), GETDATE()),
    (16, 2, N'holiday2_symbol',        N'@_Holiday2Symbol',       N'string',  N'Ký hiệu nghỉ lễ (T7)',   0, N'',  10, GETDATE(), GETDATE()),
    (17, 2, N'holiday3_symbol',        N'@_Holiday3Symbol',       N'string',  N'Ký hiệu nghỉ lễ (khác)', 0, N'',  11, GETDATE(), GETDATE()),
    (18, 2, N'dayoff_by_shift_symbol', N'@_DayOffByShiftSymbol',  N'string',  N'Ký hiệu nghỉ theo ca',   0, N'',  12, GETDATE(), GETDATE()),
    (19, 2, N'branch_code',            N'@_BranchCode',           N'string',  N'Mã chi nhánh',           0, N'',  13, GETDATE(), GETDATE()),
    (20, 2, N'user_id',                N'@_nUserId',              N'integer', N'User ID',                0, N'0', 14, GETDATE(), GETDATE()),
    -- assign-shift
    (21, 3, N'date_from',     N'@_DocDate1',    N'date',    N'Từ ngày',        1, NULL,  1, GETDATE(), GETDATE()),
    (22, 3, N'date_to',       N'@_DocDate2',    N'date',    N'Đến ngày',       1, NULL,  2, GETDATE(), GETDATE()),
    (23, 3, N'employee_id',   N'@_EmployeeId',  N'string',  N'Mã nhân viên',   0, N'',   3, GETDATE(), GETDATE()),
    (24, 3, N'department_id', N'@_DeptId',       N'string',  N'Mã phòng ban',   0, N'',   4, GETDATE(), GETDATE()),
    (25, 3, N'user_id',       N'@_nUserId',     N'integer', N'User ID',         0, N'0',  5, GETDATE(), GETDATE()),
    (26, 3, N'branch_code',   N'@_BranchCode',  N'string',  N'Mã chi nhánh',   0, N'',   6, GETDATE(), GETDATE()),
    -- late-early
    (27, 4, N'date_from',     N'@_DocDate1',    N'date',    N'Từ ngày',        1, NULL,  1, GETDATE(), GETDATE()),
    (28, 4, N'date_to',       N'@_DocDate2',    N'date',    N'Đến ngày',       1, NULL,  2, GETDATE(), GETDATE()),
    (29, 4, N'employee_id',   N'@_EmployeeId',  N'string',  N'Mã nhân viên',   0, N'',   3, GETDATE(), GETDATE()),
    (30, 4, N'department_id', N'@_DeptId',       N'string',  N'Mã phòng ban',   0, N'',   4, GETDATE(), GETDATE()),
    (31, 4, N'user_id',       N'@_nUserId',     N'integer', N'User ID',         0, N'0',  5, GETDATE(), GETDATE()),
    (32, 4, N'branch_code',   N'@_BranchCode',  N'string',  N'Mã chi nhánh',   0, N'',   6, GETDATE(), GETDATE());
GO
SET IDENTITY_INSERT [dbo].[procedure_parameters] OFF;
GO

SET IDENTITY_INSERT [dbo].[procedure_columns] ON;
GO
INSERT INTO [dbo].[procedure_columns] ([id], [procedure_id], [key], [label], [type], [visible], [exportable], [sort_order], [created_at], [updated_at])
VALUES
    -- attendance-collection
    (1,  1, N'employee_code',   N'Mã NV',          N'string', 1, 1, 1, GETDATE(), GETDATE()),
    (2,  1, N'employee_name',   N'Họ và tên',       N'string', 1, 1, 2, GETDATE(), GETDATE()),
    (3,  1, N'department_name', N'Phòng ban',       N'string', 1, 1, 3, GETDATE(), GETDATE()),
    (4,  1, N'total_workdays',  N'Tổng ngày công',  N'number', 1, 1, 4, GETDATE(), GETDATE()),
    (5,  1, N'total_ot_hours',  N'Giờ tăng ca',     N'number', 1, 1, 5, GETDATE(), GETDATE()),
    (6,  1, N'total_leave',     N'Ngày nghỉ phép',  N'number', 1, 1, 6, GETDATE(), GETDATE()),
    (7,  1, N'total_absent',    N'Ngày vắng mặt',   N'number', 1, 1, 7, GETDATE(), GETDATE()),
    -- attendance-report
    (8,  2, N'employee_code',   N'Mã NV',          N'string', 1, 1, 1, GETDATE(), GETDATE()),
    (9,  2, N'employee_name',   N'Họ và tên',       N'string', 1, 1, 2, GETDATE(), GETDATE()),
    (10, 2, N'department_name', N'Phòng ban',       N'string', 1, 1, 3, GETDATE(), GETDATE()),
    (11, 2, N'work_date',       N'Ngày',            N'date',   1, 1, 4, GETDATE(), GETDATE()),
    (12, 2, N'workday_symbol',  N'Ký hiệu',         N'string', 1, 1, 5, GETDATE(), GETDATE()),
    (13, 2, N'check_in',        N'Giờ vào',         N'string', 1, 1, 6, GETDATE(), GETDATE()),
    (14, 2, N'check_out',       N'Giờ ra',          N'string', 1, 1, 7, GETDATE(), GETDATE()),
    (15, 2, N'work_hours',      N'Giờ làm',         N'number', 1, 1, 8, GETDATE(), GETDATE()),
    (16, 2, N'ot_hours',        N'Giờ tăng ca',     N'number', 1, 1, 9, GETDATE(), GETDATE()),
    -- assign-shift
    (17, 3, N'employee_code',   N'Mã NV',          N'string', 1, 1, 1, GETDATE(), GETDATE()),
    (18, 3, N'employee_name',   N'Họ và tên',       N'string', 1, 1, 2, GETDATE(), GETDATE()),
    (19, 3, N'department_name', N'Phòng ban',       N'string', 1, 1, 3, GETDATE(), GETDATE()),
    (20, 3, N'work_date',       N'Ngày',            N'date',   1, 1, 4, GETDATE(), GETDATE()),
    (21, 3, N'shift_code',      N'Mã ca',           N'string', 1, 1, 5, GETDATE(), GETDATE()),
    (22, 3, N'shift_name',      N'Tên ca',          N'string', 1, 1, 6, GETDATE(), GETDATE()),
    (23, 3, N'start_time',      N'Giờ bắt đầu',    N'string', 1, 1, 7, GETDATE(), GETDATE()),
    (24, 3, N'end_time',        N'Giờ kết thúc',    N'string', 1, 1, 8, GETDATE(), GETDATE()),
    -- late-early
    (25, 4, N'employee_code',   N'Mã NV',          N'string', 1, 1, 1, GETDATE(), GETDATE()),
    (26, 4, N'employee_name',   N'Họ và tên',       N'string', 1, 1, 2, GETDATE(), GETDATE()),
    (27, 4, N'department_name', N'Phòng ban',       N'string', 1, 1, 3, GETDATE(), GETDATE()),
    (28, 4, N'late_count',      N'Số lần trễ',      N'number', 1, 1, 4, GETDATE(), GETDATE()),
    (29, 4, N'late_minutes',    N'Số phút trễ',     N'number', 1, 1, 5, GETDATE(), GETDATE()),
    (30, 4, N'early_count',     N'Số lần sớm',      N'number', 1, 1, 6, GETDATE(), GETDATE()),
    (31, 4, N'early_minutes',   N'Số phút sớm',     N'number', 1, 1, 7, GETDATE(), GETDATE()),
    (32, 4, N'total_count',     N'Tổng số lần',     N'number', 1, 1, 8, GETDATE(), GETDATE()),
    (33, 4, N'total_minutes',   N'Tổng số phút',    N'number', 1, 1, 9, GETDATE(), GETDATE());
GO
SET IDENTITY_INSERT [dbo].[procedure_columns] OFF;
GO

